transaction_id,timestamp,amount,signature_valid,conventional_label,quantum_label,conventional_score,quantum_score,trust_score,action,alert_message
TXN_LIVE_TEST_001,2026-09-28 19:00:00,16.88,True,NORMAL,NORMAL,0.5,0.0,100.0,ALLOW,No alert required.
TXN000001,2026-01-15 20:21:07,16.88,True,NORMAL,NORMAL,0.5,0.0,100.0,ALLOW,No alert required.
TXN000002,2026-01-15 05:32:58,73.57,True,NORMAL,NORMAL,0.5,0.0,100.0,ALLOW,No alert required.
TXN000003,2026-01-15 00:38:20,159.38,True,NORMAL,NORMAL,0.5,0.0,100.0,ALLOW,No alert required.
TXN000004,2026-01-15 02:46:31,195.45,True,NORMAL,NORMAL,0.5,0.0,100.0,ALLOW,No alert required.
TXN000005,2026-01-15 19:27:13,179.18,True,NORMAL,NORMAL,0.5,0.0,100.0,ALLOW,No alert required.
TXN000006,2026-01-15 03:15:14,104.17,True,NORMAL,NORMAL,0.5,0.0,100.0,ALLOW,No alert required.
TXN000007,2026-01-15 01:14:04,50.46,True,NORMAL,NORMAL,0.5,0.0,100.0,ALLOW,No alert required.
TXN000008,2026-01-15 18:36:30,26.04,True,NORMAL,NORMAL,0.5,0.0,100.0,ALLOW,No alert required.
TXN000009,2026-01-15 23:03:43,133.8,True,NORMAL,NORMAL,0.5,0.0,100.0,ALLOW,No alert required.
TXN000010,2026-01-15 17:28:08,52.47,True,NORMAL,NORMAL,0.5,0.0,100.0,ALLOW,No alert required.
TXN000011,2026-01-15 17:06:03,267.97,True,NORMAL,NORMAL,0.5,0.0,100.0,ALLOW,No alert required.
TXN000012,2026-01-15 03:55:25,1707.77,True,NORMAL,NORMAL,0.5,0.0,45.0,DENY,ALERT: DENY - Transaction evaluated by Qypher response policy.
TXN000013,2026-01-15 09:27:44,67.65,True,NORMAL,NORMAL,0.5,0.0,100.0,ALLOW,No alert required.
TXN000014,2026-01-15 01:47:20,166.3,True,NORMAL,NORMAL,0.5,0.0,100.0,ALLOW,No alert required.
TXN000015,2026-01-15 05:04:38,170.07,True,NORMAL,NORMAL,0.5,0.0,100.0,ALLOW,No alert required.
TXN000016,2026-01-15 13:42:37,71.56,True,NORMAL,NORMAL,0.5,0.0,100.0,ALLOW,No alert required.
TXN000017,2026-01-15 21:41:19,87.91,True,NORMAL,NORMAL,0.5,0.0,100.0,ALLOW,No alert required.
TXN000018,2026-01-15 16:16:08,58.45,True,NORMAL,NORMAL,0.5,0.0,100.0,ALLOW,No alert required.
TXN000019,2026-01-15 20:33:00,271.39,True,NORMAL,NORMAL,0.5,0.0,100.0,ALLOW,No alert required.
TXN000020,2026-01-15 17:09:17,71.38,True,NORMAL,NORMAL,0.5,0.0,100.0,ALLOW,No alert required.
TXN000021,2026-01-15 01:05:40,66.7,True,NORMAL,NORMAL,0.5,0.0,100.0,ALLOW,No alert required.
TXN000022,2026-01-15 14:35:45,36.47,True,NORMAL,NORMAL,0.5,0.0,100.0,ALLOW,No alert required.
TXN000023,2026-01-15 11:37:35,99.85,True,NORMAL,NORMAL,0.5,0.0,100.0,ALLOW,No alert required.
TXN000024,2026-01-15 11:13:43,160.3,True,NORMAL,NORMAL,0.5,0.0,100.0,ALLOW,No alert required.
TXN000025,2026-01-15 07:55:10,216.35,True,NORMAL,NORMAL,0.5,0.0,100.0,ALLOW,No alert required.
TXN000026,2026-01-15 23:51:15,158.27,True,NORMAL,NORMAL,0.5,0.0,100.0,ALLOW,No alert required.
TXN000027,2026-01-15 14:22:19,77.74,True,NORMAL,NORMAL,0.5,0.0,100.0,ALLOW,No alert required.
TXN000028,2026-01-15 11:41:32,47.37,True,NORMAL,NORMAL,0.5,0.0,100.0,ALLOW,No alert required.
TXN000029,2026-01-15 08:02:06,134.7,True,NORMAL,NORMAL,0.5,0.0,100.0,ALLOW,No alert required.
TXN000030,2026-01-15 06:16:02,267.76,True,NORMAL,NORMAL,0.5,0.0,100.0,ALLOW,No alert required.
TXN_LIVE_TEST_002,2026-09-28 20:00:00,16.88,True,NORMAL,NORMAL,0.5,0.0,100.0,ALLOW,No alert required.
TXN000001,2026-01-15 20:21:07,16.88,True,NORMAL,NORMAL,0.5,0.0,100.0,ALLOW,No alert required.
TXN000002,2026-01-15 05:32:58,73.57,True,NORMAL,NORMAL,0.5,0.0,100.0,ALLOW,No alert required.
TXN000003,2026-01-15 00:38:20,159.38,True,NORMAL,NORMAL,0.5,0.0,100.0,ALLOW,No alert required.
TXN000004,2026-01-15 02:46:31,195.45,True,NORMAL,NORMAL,0.5,0.0,100.0,ALLOW,No alert required.
TXN000005,2026-01-15 19:27:13,179.18,True,NORMAL,NORMAL,0.5,0.0,100.0,ALLOW,No alert required.
TXN000006,2026-01-15 03:15:14,104.17,True,NORMAL,NORMAL,0.5,0.0,100.0,ALLOW,No alert required.
TXN000007,2026-01-15 01:14:04,50.46,True,NORMAL,NORMAL,0.5,0.0,100.0,ALLOW,No alert required.
TXN000008,2026-01-15 18:36:30,26.04,True,NORMAL,NORMAL,0.5,0.0,100.0,ALLOW,No alert required.
TXN000009,2026-01-15 23:03:43,133.8,True,NORMAL,NORMAL,0.5,0.0,100.0,ALLOW,No alert required.
TXN000010,2026-01-15 17:28:08,52.47,True,NORMAL,NORMAL,0.5,0.0,100.0,ALLOW,No alert required.
TXN000011,2026-01-15 17:06:03,267.97,True,NORMAL,NORMAL,0.5,0.0,100.0,ALLOW,No alert required.
TXN000012,2026-01-15 03:55:25,1707.77,True,NORMAL,NORMAL,0.5,0.0,45.0,DENY,ALERT: DENY - Transaction evaluated by Qypher response policy.
TXN000013,2026-01-15 09:27:44,67.65,True,NORMAL,NORMAL,0.5,0.0,100.0,ALLOW,No alert required.
TXN000014,2026-01-15 01:47:20,166.3,True,NORMAL,NORMAL,0.5,0.0,100.0,ALLOW,No alert required.
TXN000015,2026-01-15 05:04:38,170.07,True,NORMAL,NORMAL,0.5,0.0,100.0,ALLOW,No alert required.
1,2026-09-01 09:12,12500.0,True,NORMAL,NORMAL,0.5,0.0,95.0,ALLOW,No alert required.
TXN000016,2026-01-15 13:42:37,71.56,True,NORMAL,NORMAL,0.5,0.0,100.0,ALLOW,No alert required.
2,2026-09-01 10:05,8200.0,True,NORMAL,NORMAL,0.5,0.0,95.0,ALLOW,No alert required.
TXN000017,2026-01-15 21:41:19,87.91,True,NORMAL,NORMAL,0.5,0.0,100.0,ALLOW,No alert required.
3,2026-09-01 11:20,15600.0,True,NORMAL,NORMAL,0.5,0.0,95.0,ALLOW,No alert required.
TXN000018,2026-01-15 16:16:08,58.45,True,NORMAL,NORMAL,0.5,0.0,100.0,ALLOW,No alert required.
4,2026-09-01 13:45,9800.0,True,NORMAL,NORMAL,0.5,0.0,95.0,ALLOW,No alert required.
TXN000019,2026-01-15 20:33:00,271.39,True,NORMAL,NORMAL,0.5,0.0,100.0,ALLOW,No alert required.
5,2026-09-01 15:10,22000.0,True,NORMAL,NORMAL,0.5,0.0,95.0,ALLOW,No alert required.
TXN000020,2026-01-15 17:09:17,71.38,True,NORMAL,NORMAL,0.5,0.0,100.0,ALLOW,No alert required.
6,2026-09-02 09:35,7500.0,True,NORMAL,NORMAL,0.5,0.0,95.0,ALLOW,No alert required.
TXN000021,2026-01-15 01:05:40,66.7,True,NORMAL,NORMAL,0.5,0.0,100.0,ALLOW,No alert required.
7,2026-09-02 10:40,18400.0,True,NORMAL,NORMAL,0.5,0.0,95.0,ALLOW,No alert required.
TXN000022,2026-01-15 14:35:45,36.47,True,NORMAL,NORMAL,0.5,0.0,100.0,ALLOW,No alert required.
8,2026-09-02 14:15,11200.0,True,NORMAL,NORMAL,0.5,0.0,95.0,ALLOW,No alert required.
TXN000023,2026-01-15 11:37:35,99.85,True,NORMAL,NORMAL,0.5,0.0,100.0,ALLOW,No alert required.
9,2026-09-03 09:50,24500.0,True,NORMAL,NORMAL,0.5,0.0,95.0,ALLOW,No alert required.
TXN000024,2026-01-15 11:13:43,160.3,True,NORMAL,NORMAL,0.5,0.0,100.0,ALLOW,No alert required.
10,2026-09-03 16:05,9100.0,True,NORMAL,NORMAL,0.5,0.0,95.0,ALLOW,No alert required.
TXN000025,2026-01-15 07:55:10,216.35,True,NORMAL,NORMAL,0.5,0.0,100.0,ALLOW,No alert required.
11,2026-09-04 11:10,13200.0,True,NORMAL,NORMAL,0.5,0.0,95.0,ALLOW,No alert required.
TXN000026,2026-01-15 23:51:15,158.27,True,NORMAL,NORMAL,0.5,0.0,100.0,ALLOW,No alert required.
12,2026-09-04 14:30,10500.0,True,NORMAL,NORMAL,0.5,0.0,95.0,ALLOW,No alert required.
TXN000027,2026-01-15 14:22:19,77.74,True,NORMAL,NORMAL,0.5,0.0,100.0,ALLOW,No alert required.
13,2026-09-05 10:15,27500.0,True,NORMAL,NORMAL,0.5,0.0,95.0,ALLOW,No alert required.
TXN000028,2026-01-15 11:41:32,47.37,True,NORMAL,NORMAL,0.5,0.0,100.0,ALLOW,No alert required.
14,2026-09-05 12:40,6800.0,True,NORMAL,NORMAL,0.5,0.0,95.0,ALLOW,No alert required.
TXN000029,2026-01-15 08:02:06,134.7,True,NORMAL,NORMAL,0.5,0.0,100.0,ALLOW,No alert required.
15,2026-09-06 09:25,14300.0,True,NORMAL,NORMAL,0.5,0.0,95.0,ALLOW,No alert required.
TXN000030,2026-01-15 06:16:02,267.76,True,NORMAL,NORMAL,0.5,0.0,100.0,ALLOW,No alert required.
16,2026-09-06 17:20,19700.0,True,NORMAL,NORMAL,0.5,0.0,95.0,ALLOW,No alert required.
TXN000031,2026-01-15 21:12:23,63.37,True,NORMAL,NORMAL,0.5,0.0,100.0,ALLOW,No alert required.
17,2026-09-07 10:05,31000.0,True,NORMAL,NORMAL,0.5,0.0,95.0,ALLOW,No alert required.
TXN000032,2026-01-15 09:42:26,50.62,True,NORMAL,NORMAL,0.5,0.0,100.0,ALLOW,No alert required.
18,2026-09-07 13:10,8600.0,True,NORMAL,NORMAL,0.5,0.0,95.0,ALLOW,No alert required.
19,2026-09-08 09:45,11800.0,True,NORMAL,NORMAL,0.5,0.0,95.0,ALLOW,No alert required.
TXN000033,2026-01-15 02:39:36,1498.69,True,NORMAL,NORMAL,0.5,0.0,45.0,DENY,ALERT: DENY - Transaction evaluated by Qypher response policy.
20,2026-09-08 15:35,16100.0,True,NORMAL,NORMAL,0.5,0.0,95.0,ALLOW,No alert required.
TXN000034,2026-01-15 20:20:29,90.44,True,NORMAL,NORMAL,0.5,0.0,100.0,ALLOW,No alert required.
TXN000035,2026-01-15 02:18:32,238.61,True,NORMAL,NORMAL,0.5,0.0,100.0,ALLOW,No alert required.
21,2026-09-09 02:14,185000.0,True,NORMAL,NORMAL,0.5,0.0,45.0,DENY,ALERT: DENY - Transaction evaluated by Qypher response policy.
TXN000036,2026-01-15 06:09:01,154.46,True,NORMAL,NORMAL,0.5,0.0,100.0,ALLOW,No alert required.
TXN000037,2026-01-15 06:45:44,35.09,True,NORMAL,NORMAL,0.5,0.0,100.0,ALLOW,No alert required.
22,2026-09-09 02:17,210000.0,True,NORMAL,NORMAL,0.5,0.0,45.0,DENY,ALERT: DENY - Transaction evaluated by Qypher response policy.
TXN000038,2026-01-15 03:49:27,104.76,True,NORMAL,NORMAL,0.5,0.0,100.0,ALLOW,No alert required.
TXN000039,2026-01-15 14:42:33,182.64,True,NORMAL,NORMAL,0.5,0.0,100.0,ALLOW,No alert required.
23,2026-09-09 02:21,175000.0,True,NORMAL,NORMAL,0.5,0.0,45.0,DENY,ALERT: DENY - Transaction evaluated by Qypher response policy.
TXN000040,2026-01-15 17:28:57,137.8,True,NORMAL,NORMAL,0.5,0.0,100.0,ALLOW,No alert required.
24,2026-09-09 03:02,95000.0,True,NORMAL,NORMAL,0.5,0.0,57.0,MONITOR,No alert required.
TXN000041,2026-01-15 15:40:15,49.86,True,NORMAL,NORMAL,0.5,0.0,100.0,ALLOW,No alert required.
25,2026-09-10 01:45,320000.0,True,NORMAL,NORMAL,0.5,0.0,45.0,DENY,ALERT: DENY - Transaction evaluated by Qypher response policy.
TXN000042,2026-01-15 04:14:24,80.53,True,NORMAL,NORMAL,0.5,0.0,100.0,ALLOW,No alert required.
TXN000043,2026-01-15 12:57:49,11.0,True,NORMAL,NORMAL,0.5,0.0,100.0,ALLOW,No alert required.
26,2026-09-10 23:58,275000.0,True,NORMAL,NORMAL,0.5,0.0,45.0,DENY,ALERT: DENY - Transaction evaluated by Qypher response policy.
TXN000044,2026-01-15 13:34:47,75.68,True,NORMAL,NORMAL,0.5,0.0,100.0,ALLOW,No alert required.
TXN000045,2026-01-15 21:51:25,176.72,True,NORMAL,NORMAL,0.5,0.0,100.0,ALLOW,No alert required.
27,2026-09-11 02:30,150000.0,True,NORMAL,NORMAL,0.5,0.0,45.0,DENY,ALERT: DENY - Transaction evaluated by Qypher response policy.
TXN000046,2026-01-15 21:01:05,65.43,True,NORMAL,NORMAL,0.5,0.0,100.0,ALLOW,No alert required.
28,2026-09-11 03:15,450000.0,True,NORMAL,NORMAL,0.5,0.0,45.0,DENY,ALERT: DENY - Transaction evaluated by Qypher response policy.
TXN000047,2026-01-15 10:48:56,151.93,True,NORMAL,NORMAL,0.5,0.0,100.0,ALLOW,No alert required.
TXN000048,2026-01-15 07:41:04,43.89,True,NORMAL,NORMAL,0.5,0.0,100.0,ALLOW,No alert required.
29,2026-09-12 00:40,125000.0,True,NORMAL,NORMAL,0.5,0.0,45.0,DENY,ALERT: DENY - Transaction evaluated by Qypher response policy.
TXN000049,2026-01-15 01:36:13,3655.61,True,NORMAL,NORMAL,0.5,0.0,45.0,DENY,ALERT: DENY - Transaction evaluated by Qypher response policy.
30,2026-09-12 01:05,380000.0,True,NORMAL,NORMAL,0.5,0.0,45.0,DENY,ALERT: DENY - Transaction evaluated by Qypher response policy.
TXN000050,2026-01-15 03:37:01,272.08,True,NORMAL,NORMAL,0.5,0.0,100.0,ALLOW,No alert required.
TXN000051,2026-01-15 07:06:44,143.05,True,NORMAL,NORMAL,0.5,0.0,100.0,ALLOW,No alert required.
TXN000052,2026-01-15 16:41:21,133.92,True,NORMAL,NORMAL,0.5,0.0,100.0,ALLOW,No alert required.
TXN000053,2026-01-15 04:27:11,235.83,True,NORMAL,NORMAL,0.5,0.0,100.0,ALLOW,No alert required.
TXN000054,2026-01-15 23:37:17,159.88,True,NORMAL,NORMAL,0.5,0.0,100.0,ALLOW,No alert required.
TXN000055,2026-01-15 12:21:01,46.06,True,NORMAL,NORMAL,0.5,0.0,100.0,ALLOW,No alert required.
TXN000056,2026-01-15 22:56:17,51.03,True,NORMAL,NORMAL,0.5,0.0,100.0,ALLOW,No alert required.
TXN000057,2026-01-15 15:41:45,60.02,True,NORMAL,NORMAL,0.5,0.0,100.0,ALLOW,No alert required.
TXN000058,2026-01-15 05:30:35,3370.85,True,NORMAL,NORMAL,0.5,0.0,45.0,DENY,ALERT: DENY - Transaction evaluated by Qypher response policy.
TXN000059,2026-01-15 07:07:46,171.65,True,NORMAL,NORMAL,0.5,0.0,100.0,ALLOW,No alert required.
TXN000060,2026-01-15 08:46:37,242.47,True,NORMAL,NORMAL,0.5,0.0,100.0,ALLOW,No alert required.
TXN000061,2026-01-15 22:34:08,59.66,True,NORMAL,NORMAL,0.5,0.0,100.0,ALLOW,No alert required.
TXN000062,2026-01-15 03:55:00,84.88,True,NORMAL,NORMAL,0.5,0.0,100.0,ALLOW,No alert required.
TXN000063,2026-01-15 15:07:52,172.95,True,NORMAL,NORMAL,0.5,0.0,100.0,ALLOW,No alert required.
TXN000064,2026-01-15 09:05:15,178.15,True,NORMAL,NORMAL,0.5,0.0,100.0,ALLOW,No alert required.
TXN000065,2026-01-15 14:19:55,184.92,True,NORMAL,NORMAL,0.5,0.0,100.0,ALLOW,No alert required.
TXN000066,2026-01-15 03:40:13,2797.57,True,NORMAL,NORMAL,0.5,0.0,45.0,DENY,ALERT: DENY - Transaction evaluated by Qypher response policy.
TXN000067,2026-01-15 14:44:38,58.98,True,NORMAL,NORMAL,0.5,0.0,100.0,ALLOW,No alert required.
TXN000068,2026-01-15 04:50:50,2769.34,True,NORMAL,NORMAL,0.5,0.0,45.0,DENY,ALERT: DENY - Transaction evaluated by Qypher response policy.
TXN000069,2026-01-15 04:04:03,31.14,True,NORMAL,NORMAL,0.5,0.0,100.0,ALLOW,No alert required.
TXN000070,2026-01-15 16:34:31,134.87,True,NORMAL,NORMAL,0.5,0.0,100.0,ALLOW,No alert required.
TXN000071,2026-01-15 21:53:55,172.74,True,NORMAL,NORMAL,0.5,0.0,100.0,ALLOW,No alert required.
TXN000072,2026-01-15 14:58:17,279.58,True,NORMAL,NORMAL,0.5,0.0,100.0,ALLOW,No alert required.
TXN000073,2026-01-15 03:54:10,196.22,True,NORMAL,NORMAL,0.5,0.0,100.0,ALLOW,No alert required.
TXN000074,2026-01-15 10:16:20,141.66,True,NORMAL,NORMAL,0.5,0.0,100.0,ALLOW,No alert required.
TXN000075,2026-01-15 15:40:28,103.37,True,NORMAL,NORMAL,0.5,0.0,100.0,ALLOW,No alert required.
TXN000076,2026-01-15 03:01:40,103.64,True,NORMAL,NORMAL,0.5,0.0,100.0,ALLOW,No alert required.
TXN000077,2026-01-15 03:29:07,96.51,True,NORMAL,NORMAL,0.5,0.0,100.0,ALLOW,No alert required.
TXN000078,2026-01-15 07:29:35,154.24,True,NORMAL,NORMAL,0.5,0.0,100.0,ALLOW,No alert required.
TXN000079,2026-01-15 13:21:59,133.43,True,NORMAL,NORMAL,0.5,0.0,100.0,ALLOW,No alert required.
TXN000080,2026-01-15 04:28:34,139.69,True,NORMAL,NORMAL,0.5,0.0,100.0,ALLOW,No alert required.
TXN000081,2026-01-15 22:15:36,64.09,True,NORMAL,NORMAL,0.5,0.0,100.0,ALLOW,No alert required.
TXN000082,2026-01-15 21:50:52,31.46,True,NORMAL,NORMAL,0.5,0.0,100.0,ALLOW,No alert required.
TXN000083,2026-01-15 14:06:33,158.06,True,NORMAL,NORMAL,0.5,0.0,100.0,ALLOW,No alert required.
TXN000084,2026-01-15 08:21:39,247.84,True,NORMAL,NORMAL,0.5,0.0,100.0,ALLOW,No alert required.
TXN000085,2026-01-15 22:56:48,34.61,True,NORMAL,NORMAL,0.5,0.0,100.0,ALLOW,No alert required.
TXN000086,2026-01-15 23:05:27,127.98,True,NORMAL,NORMAL,0.5,0.0,100.0,ALLOW,No alert required.
TXN000087,2026-01-15 09:22:23,80.05,True,NORMAL,NORMAL,0.5,0.0,100.0,ALLOW,No alert required.
TXN000088,2026-01-15 19:55:24,34.33,True,NORMAL,NORMAL,0.5,0.0,100.0,ALLOW,No alert required.
TXN000089,2026-01-15 00:57:51,85.09,True,NORMAL,NORMAL,0.5,0.0,100.0,ALLOW,No alert required.
TXN000090,2026-01-15 13:44:16,155.07,True,NORMAL,NORMAL,0.5,0.0,100.0,ALLOW,No alert required.
TXN000091,2026-01-15 09:44:18,169.93,True,NORMAL,NORMAL,0.5,0.0,100.0,ALLOW,No alert required.
TXN000092,2026-01-15 09:49:51,189.16,True,NORMAL,NORMAL,0.5,0.0,100.0,ALLOW,No alert required.
TXN000093,2026-01-15 21:43:53,144.06,True,NORMAL,NORMAL,0.5,0.0,100.0,ALLOW,No alert required.
TXN000094,2026-01-15 04:20:47,2717.24,True,NORMAL,NORMAL,0.5,0.0,57.0,MONITOR,No alert required.
TXN000095,2026-01-15 08:58:52,89.62,True,NORMAL,NORMAL,0.5,0.0,100.0,ALLOW,No alert required.
TXN000096,2026-01-15 21:46:43,231.07,True,NORMAL,NORMAL,0.5,0.0,100.0,ALLOW,No alert required.
TXN000097,2026-01-15 21:47:43,45.47,True,NORMAL,NORMAL,0.5,0.0,100.0,ALLOW,No alert required.
TXN000098,2026-01-15 17:20:58,164.6,True,NORMAL,NORMAL,0.5,0.0,100.0,ALLOW,No alert required.
TXN000099,2026-01-15 01:19:31,33.06,True,NORMAL,NORMAL,0.5,0.0,100.0,ALLOW,No alert required.
TXN000100,2026-01-15 17:26:37,151.73,True,NORMAL,NORMAL,0.5,0.0,100.0,ALLOW,No alert required.
TXN000101,2026-01-15 22:23:13,26.89,True,NORMAL,NORMAL,0.5,0.0,100.0,ALLOW,No alert required.
TXN000102,2026-01-15 11:03:25,25.58,True,NORMAL,NORMAL,0.5,0.0,100.0,ALLOW,No alert required.
TXN000103,2026-01-15 01:50:21,151.07,True,NORMAL,NORMAL,0.5,0.0,100.0,ALLOW,No alert required.
TXN000104,2026-01-15 07:21:49,249.49,True,NORMAL,NORMAL,0.5,0.0,100.0,ALLOW,No alert required.
TXN000105,2026-01-15 05:07:42,144.3,True,NORMAL,NORMAL,0.5,0.0,100.0,ALLOW,No alert required.
TXN000106,2026-01-15 01:08:47,145.54,True,NORMAL,NORMAL,0.5,0.0,100.0,ALLOW,No alert required.
TXN000107,2026-01-15 16:14:39,190.99,True,NORMAL,NORMAL,0.5,0.0,100.0,ALLOW,No alert required.
TXN_20260928164051273523,2026-09-28 16:40:51,120.0,True,NORMAL,NORMAL,0.5,0.0,100.0,ALLOW,No alert required.
TXN000108,2026-01-15 13:43:06,64.76,True,NORMAL,NORMAL,0.5,0.0,100.0,ALLOW,No alert required.
TXN000109,2026-01-15 18:35:45,153.51,True,NORMAL,NORMAL,0.5,0.0,100.0,ALLOW,No alert required.
TXN000110,2026-01-15 20:41:56,138.82,True,NORMAL,NORMAL,0.5,0.0,100.0,ALLOW,No alert required.
TXN000111,2026-01-15 13:46:06,117.81,True,NORMAL,NORMAL,0.5,0.0,100.0,ALLOW,No alert required.
TXN000112,2026-01-15 02:27:06,20.2,True,NORMAL,NORMAL,0.5,0.0,100.0,ALLOW,No alert required.
TXN000113,2026-01-15 06:22:55,2036.26,True,NORMAL,NORMAL,0.5,0.0,57.0,MONITOR,No alert required.
TXN000114,2026-01-15 04:42:30,72.49,True,NORMAL,NORMAL,0.5,0.0,100.0,ALLOW,No alert required.
TXN000115,2026-01-15 17:49:52,268.71,True,NORMAL,NORMAL,0.5,0.0,100.0,ALLOW,No alert required.
TXN000116,2026-01-15 22:48:19,157.88,True,NORMAL,NORMAL,0.5,0.0,100.0,ALLOW,No alert required.
TXN000117,2026-01-15 20:01:05,130.19,True,NORMAL,NORMAL,0.5,0.0,100.0,ALLOW,No alert required.
TXN000118,2026-01-15 01:56:03,2383.83,True,NORMAL,NORMAL,0.5,0.0,45.0,DENY,ALERT: DENY - Transaction evaluated by Qypher response policy.
TXN000119,2026-01-15 14:26:17,132.94,True,NORMAL,NORMAL,0.5,0.0,100.0,ALLOW,No alert required.
TXN000120,2026-01-15 21:19:02,71.6,True,NORMAL,NORMAL,0.5,0.0,100.0,ALLOW,No alert required.
TXN000121,2026-01-15 09:20:07,31.96,True,NORMAL,NORMAL,0.5,0.0,100.0,ALLOW,No alert required.
TXN000122,2026-01-15 21:51:22,21.1,True,NORMAL,NORMAL,0.5,0.0,100.0,ALLOW,No alert required.
TXN000123,2026-01-15 18:25:45,126.17,True,NORMAL,NORMAL,0.5,0.0,100.0,ALLOW,No alert required.
TXN000124,2026-01-15 14:53:44,51.36,True,NORMAL,NORMAL,0.5,0.0,100.0,ALLOW,No alert required.
TXN000125,2026-01-15 09:47:21,96.78,True,NORMAL,NORMAL,0.5,0.0,100.0,ALLOW,No alert required.
TXN000126,2026-01-15 11:22:46,34.9,True,NORMAL,NORMAL,0.5,0.0,100.0,ALLOW,No alert required.
TXN000127,2026-01-15 20:04:11,139.18,True,NORMAL,NORMAL,0.5,0.0,100.0,ALLOW,No alert required.
TXN000128,2026-01-15 20:39:20,21.61,True,NORMAL,NORMAL,0.5,0.0,100.0,ALLOW,No alert required.
TXN000129,2026-01-15 01:22:32,16.39,True,NORMAL,NORMAL,0.5,0.0,100.0,ALLOW,No alert required.
TXN000130,2026-01-15 02:39:38,166.77,True,NORMAL,NORMAL,0.5,0.0,100.0,ALLOW,No alert required.
TXN000131,2026-01-15 18:41:12,57.03,True,NORMAL,NORMAL,0.5,0.0,100.0,ALLOW,No alert required.
TXN000132,2026-01-15 10:45:05,130.3,True,NORMAL,NORMAL,0.5,0.0,100.0,ALLOW,No alert required.
TXN000133,2026-01-15 11:23:58,200.66,True,NORMAL,NORMAL,0.5,0.0,100.0,ALLOW,No alert required.
TXN000134,2026-01-15 10:06:35,212.86,True,NORMAL,NORMAL,0.5,0.0,100.0,ALLOW,No alert required.
TXN000135,2026-01-15 10:05:37,174.51,True,NORMAL,NORMAL,0.5,0.0,100.0,ALLOW,No alert required.
TXN000136,2026-01-15 02:19:35,25.89,True,NORMAL,NORMAL,0.5,0.0,100.0,ALLOW,No alert required.
TXN000137,2026-01-15 05:13:21,180.0,True,NORMAL,NORMAL,0.5,0.0,100.0,ALLOW,No alert required.
TXN000138,2026-01-15 16:49:34,254.38,True,NORMAL,NORMAL,0.5,0.0,100.0,ALLOW,No alert required.
TXN000139,2026-01-15 05:53:44,27.88,True,NORMAL,NORMAL,0.5,0.0,100.0,ALLOW,No alert required.
TXN000140,2026-01-15 19:18:48,50.66,True,NORMAL,NORMAL,0.5,0.0,100.0,ALLOW,No alert required.
TXN000141,2026-01-15 06:23:43,142.28,True,NORMAL,NORMAL,0.5,0.0,100.0,ALLOW,No alert required.
TXN000142,2026-01-15 03:51:38,2807.25,True,NORMAL,NORMAL,0.5,0.0,45.0,DENY,ALERT: DENY - Transaction evaluated by Qypher response policy.
TXN000143,2026-01-15 01:18:05,3857.98,True,NORMAL,NORMAL,0.5,0.0,57.0,MONITOR,No alert required.
TXN000144,2026-01-15 14:56:22,152.55,True,NORMAL,NORMAL,0.5,0.0,100.0,ALLOW,No alert required.
TXN000145,2026-01-15 00:20:59,16.51,True,NORMAL,NORMAL,0.5,0.0,100.0,ALLOW,No alert required.
TXN000146,2026-01-15 22:30:28,53.51,True,NORMAL,NORMAL,0.5,0.0,100.0,ALLOW,No alert required.
TXN000147,2026-01-15 06:07:49,1606.07,True,NORMAL,NORMAL,0.5,0.0,45.0,DENY,ALERT: DENY - Transaction evaluated by Qypher response policy.
TXN000148,2026-01-15 14:04:07,172.41,True,NORMAL,NORMAL,0.5,0.0,100.0,ALLOW,No alert required.
TXN000149,2026-01-15 07:36:26,172.08,True,NORMAL,NORMAL,0.5,0.0,100.0,ALLOW,No alert required.
TXN000150,2026-01-15 00:24:55,53.12,True,NORMAL,NORMAL,0.5,0.0,100.0,ALLOW,No alert required.
TXN000151,2026-01-15 23:42:40,28.06,True,NORMAL,NORMAL,0.5,0.0,100.0,ALLOW,No alert required.
TXN000152,2026-01-15 21:29:44,131.73,True,NORMAL,NORMAL,0.5,0.0,100.0,ALLOW,No alert required.
TXN000153,2026-01-15 06:56:02,90.48,True,NORMAL,NORMAL,0.5,0.0,100.0,ALLOW,No alert required.
TXN000154,2026-01-15 01:55:41,84.28,True,NORMAL,NORMAL,0.5,0.0,100.0,ALLOW,No alert required.
TXN000155,2026-01-15 10:11:31,55.34,True,NORMAL,NORMAL,0.5,0.0,100.0,ALLOW,No alert required.
TXN000156,2026-01-15 05:34:18,122.36,True,NORMAL,NORMAL,0.5,0.0,100.0,ALLOW,No alert required.
TXN000157,2026-01-15 23:22:28,985.16,True,NORMAL,NORMAL,0.5,0.0,52.0,MONITOR,No alert required.
TXN000158,2026-01-15 16:51:47,154.27,True,NORMAL,NORMAL,0.5,0.0,100.0,ALLOW,No alert required.
TXN000159,2026-01-15 07:49:41,15.51,True,NORMAL,NORMAL,0.5,0.0,100.0,ALLOW,No alert required.
TXN000160,2026-01-15 14:48:04,63.45,True,NORMAL,NORMAL,0.5,0.0,100.0,ALLOW,No alert required.
TXN000161,2026-01-15 15:33:24,129.69,True,NORMAL,NORMAL,0.5,0.0,100.0,ALLOW,No alert required.
TXN000162,2026-01-15 15:12:07,162.78,True,NORMAL,NORMAL,0.5,0.0,100.0,ALLOW,No alert required.
TXN000163,2026-01-15 10:42:22,154.73,True,NORMAL,NORMAL,0.5,0.0,100.0,ALLOW,No alert required.
TXN000164,2026-01-15 05:32:14,799.88,True,NORMAL,NORMAL,0.5,0.0,52.0,MONITOR,No alert required.
TXN000165,2026-01-15 14:51:35,100.13,True,NORMAL,NORMAL,0.5,0.0,100.0,ALLOW,No alert required.
TXN_20260928164134518599,2026-09-28 16:41:34,141.0,True,NORMAL,NORMAL,0.5,0.0,80.0,ALLOW,No alert required.
TXN000166,2026-01-15 13:52:36,86.5,True,NORMAL,NORMAL,0.5,0.0,100.0,ALLOW,No alert required.
TXN000167,2026-01-15 17:40:37,164.82,True,NORMAL,NORMAL,0.5,0.0,100.0,ALLOW,No alert required.
TXN000168,2026-01-15 05:10:20,162.14,True,NORMAL,NORMAL,0.5,0.0,100.0,ALLOW,No alert required.
TXN000169,2026-01-15 17:17:08,118.97,True,NORMAL,NORMAL,0.5,0.0,100.0,ALLOW,No alert required.
TXN000170,2026-01-15 19:46:57,23.81,True,NORMAL,NORMAL,0.5,0.0,100.0,ALLOW,No alert required.
TXN000171,2026-01-15 06:49:36,257.81,True,NORMAL,NORMAL,0.5,0.0,100.0,ALLOW,No alert required.
TXN000172,2026-01-15 07:51:51,35.85,True,NORMAL,NORMAL,0.5,0.0,100.0,ALLOW,No alert required.
TXN000173,2026-01-15 06:21:38,175.81,True,NORMAL,NORMAL,0.5,0.0,100.0,ALLOW,No alert required.
TXN000174,2026-01-15 10:15:29,33.95,True,NORMAL,NORMAL,0.5,0.0,100.0,ALLOW,No alert required.
TXN000175,2026-01-15 13:15:55,139.73,True,NORMAL,NORMAL,0.5,0.0,100.0,ALLOW,No alert required.
TXN000176,2026-01-15 09:31:01,74.52,True,NORMAL,NORMAL,0.5,0.0,100.0,ALLOW,No alert required.
TXN000177,2026-01-15 20:43:30,133.21,True,NORMAL,NORMAL,0.5,0.0,100.0,ALLOW,No alert required.
TXN000178,2026-01-15 11:02:25,166.48,True,NORMAL,NORMAL,0.5,0.0,100.0,ALLOW,No alert required.
TXN000179,2026-01-15 08:52:39,281.22,True,NORMAL,NORMAL,0.5,0.0,100.0,ALLOW,No alert required.
TXN000180,2026-01-15 11:48:09,26.95,True,NORMAL,NORMAL,0.5,0.0,100.0,ALLOW,No alert required.
TXN000181,2026-01-15 16:29:09,269.33,True,NORMAL,NORMAL,0.5,0.0,100.0,ALLOW,No alert required.
TXN000182,2026-01-15 09:37:21,97.54,True,NORMAL,NORMAL,0.5,0.0,100.0,ALLOW,No alert required.
TXN000183,2026-01-15 13:37:19,174.4,True,NORMAL,NORMAL,0.5,0.0,100.0,ALLOW,No alert required.
TXN000184,2026-01-15 23:03:37,149.68,True,NORMAL,NORMAL,0.5,0.0,100.0,ALLOW,No alert required.
TXN000185,2026-01-15 06:01:28,203.82,True,NORMAL,NORMAL,0.5,0.0,100.0,ALLOW,No alert required.
TXN000186,2026-01-15 23:46:03,65.26,True,NORMAL,NORMAL,0.5,0.0,100.0,ALLOW,No alert required.
TXN000187,2026-01-15 05:29:58,113.71,True,NORMAL,NORMAL,0.5,0.0,100.0,ALLOW,No alert required.
TXN000188,2026-01-15 07:19:49,91.57,True,NORMAL,NORMAL,0.5,0.0,100.0,ALLOW,No alert required.
TXN000189,2026-01-15 09:07:36,238.6,True,NORMAL,NORMAL,0.5,0.0,100.0,ALLOW,No alert required.
TXN000190,2026-01-15 09:45:05,46.38,True,NORMAL,NORMAL,0.5,0.0,100.0,ALLOW,No alert required.
TXN000191,2026-01-15 08:08:06,29.81,True,NORMAL,NORMAL,0.5,0.0,100.0,ALLOW,No alert required.
TXN000192,2026-01-15 03:26:21,10.88,True,NORMAL,NORMAL,0.5,0.0,100.0,ALLOW,No alert required.
TXN000193,2026-01-15 15:30:41,119.8,True,NORMAL,NORMAL,0.5,0.0,100.0,ALLOW,No alert required.
TXN000194,2026-01-15 17:47:46,168.77,True,NORMAL,NORMAL,0.5,0.0,100.0,ALLOW,No alert required.
TXN000195,2026-01-15 05:59:47,106.55,True,NORMAL,NORMAL,0.5,0.0,100.0,ALLOW,No alert required.
TXN000196,2026-01-15 20:34:33,42.78,True,NORMAL,NORMAL,0.5,0.0,100.0,ALLOW,No alert required.
TXN000197,2026-01-15 08:45:11,124.65,True,NORMAL,NORMAL,0.5,0.0,100.0,ALLOW,No alert required.
TXN000198,2026-01-15 12:52:27,123.77,True,NORMAL,NORMAL,0.5,0.0,100.0,ALLOW,No alert required.
TXN000199,2026-01-15 07:00:16,172.19,True,NORMAL,NORMAL,0.5,0.0,100.0,ALLOW,No alert required.
TXN000200,2026-01-15 22:15:03,37.15,True,NORMAL,NORMAL,0.5,0.0,100.0,ALLOW,No alert required.
TXN000201,2026-01-15 09:44:07,47.54,True,NORMAL,NORMAL,0.5,0.0,100.0,ALLOW,No alert required.
TXN000202,2026-01-15 19:23:26,234.14,True,NORMAL,NORMAL,0.5,0.0,100.0,ALLOW,No alert required.
TXN000203,2026-01-15 19:55:50,207.42,True,NORMAL,NORMAL,0.5,0.0,100.0,ALLOW,No alert required.
TXN000204,2026-01-15 18:34:09,125.65,True,NORMAL,NORMAL,0.5,0.0,100.0,ALLOW,No alert required.
TXN000205,2026-01-15 14:51:03,105.86,True,NORMAL,NORMAL,0.5,0.0,100.0,ALLOW,No alert required.
TXN000206,2026-01-15 00:25:16,82.03,True,NORMAL,NORMAL,0.5,0.0,100.0,ALLOW,No alert required.
TXN000207,2026-01-15 15:02:18,73.66,True,NORMAL,NORMAL,0.5,0.0,100.0,ALLOW,No alert required.
TXN000208,2026-01-15 12:24:05,48.27,True,NORMAL,NORMAL,0.5,0.0,100.0,ALLOW,No alert required.
TXN000209,2026-01-15 07:53:00,124.49,True,NORMAL,NORMAL,0.5,0.0,100.0,ALLOW,No alert required.
TXN000210,2026-01-15 07:29:22,15.48,True,NORMAL,NORMAL,0.5,0.0,100.0,ALLOW,No alert required.
TXN000211,2026-01-15 00:15:13,111.62,True,NORMAL,NORMAL,0.5,0.0,100.0,ALLOW,No alert required.
TXN000212,2026-01-15 12:28:14,95.66,True,NORMAL,NORMAL,0.5,0.0,100.0,ALLOW,No alert required.
TXN000213,2026-01-15 10:36:38,158.96,True,NORMAL,NORMAL,0.5,0.0,100.0,ALLOW,No alert required.
TXN000214,2026-01-15 08:03:35,94.26,True,NORMAL,NORMAL,0.5,0.0,100.0,ALLOW,No alert required.
TXN000215,2026-01-15 16:20:44,118.4,True,NORMAL,NORMAL,0.5,0.0,100.0,ALLOW,No alert required.
TXN000216,2026-01-15 09:54:45,80.16,True,NORMAL,NORMAL,0.5,0.0,100.0,ALLOW,No alert required.
TXN000217,2026-01-15 04:13:21,2735.42,True,NORMAL,NORMAL,0.5,0.0,57.0,MONITOR,No alert required.
TXN000218,2026-01-15 04:24:43,3757.67,True,NORMAL,NORMAL,0.5,0.0,45.0,DENY,ALERT: DENY - Transaction evaluated by Qypher response policy.
TXN000219,2026-01-15 17:13:30,46.01,True,NORMAL,NORMAL,0.5,0.0,100.0,ALLOW,No alert required.
TXN000220,2026-01-15 15:58:15,264.91,True,NORMAL,NORMAL,0.5,0.0,100.0,ALLOW,No alert required.
TXN000221,2026-01-15 17:41:22,160.08,True,NORMAL,NORMAL,0.5,0.0,100.0,ALLOW,No alert required.
TXN000222,2026-01-15 10:58:13,105.63,True,NORMAL,NORMAL,0.5,0.0,100.0,ALLOW,No alert required.
TXN000223,2026-01-15 18:37:46,66.08,True,NORMAL,NORMAL,0.5,0.0,100.0,ALLOW,No alert required.
TXN000224,2026-01-15 20:43:21,38.6,True,NORMAL,NORMAL,0.5,0.0,100.0,ALLOW,No alert required.
TXN000225,2026-01-15 23:11:58,3604.49,True,NORMAL,NORMAL,0.5,0.0,45.0,DENY,ALERT: DENY - Transaction evaluated by Qypher response policy.
TXN000226,2026-01-15 07:04:45,87.52,True,NORMAL,NORMAL,0.5,0.0,100.0,ALLOW,No alert required.
TXN000227,2026-01-15 15:42:31,12.84,True,NORMAL,NORMAL,0.5,0.0,100.0,ALLOW,No alert required.
TXN000228,2026-01-15 16:52:44,265.71,True,NORMAL,NORMAL,0.5,0.0,100.0,ALLOW,No alert required.
TXN000229,2026-01-15 08:52:22,276.93,True,NORMAL,NORMAL,0.5,0.0,100.0,ALLOW,No alert required.
TXN000230,2026-01-15 09:43:52,74.47,True,NORMAL,NORMAL,0.5,0.0,100.0,ALLOW,No alert required.
TXN000231,2026-01-15 02:31:54,166.26,True,NORMAL,NORMAL,0.5,0.0,100.0,ALLOW,No alert required.
TXN000232,2026-01-15 18:30:17,105.8,True,NORMAL,NORMAL,0.5,0.0,100.0,ALLOW,No alert required.
TXN000233,2026-01-15 06:37:09,60.19,True,NORMAL,NORMAL,0.5,0.0,100.0,ALLOW,No alert required.
TXN000234,2026-01-15 17:21:24,136.73,True,NORMAL,NORMAL,0.5,0.0,100.0,ALLOW,No alert required.
TXN000235,2026-01-15 01:21:38,3109.67,True,NORMAL,NORMAL,0.5,0.0,45.0,DENY,ALERT: DENY - Transaction evaluated by Qypher response policy.
TXN000236,2026-01-15 15:14:22,200.88,True,NORMAL,NORMAL,0.5,0.0,100.0,ALLOW,No alert required.
TXN000237,2026-01-15 07:45:04,130.99,True,NORMAL,NORMAL,0.5,0.0,100.0,ALLOW,No alert required.
TXN000238,2026-01-15 03:05:00,27.38,True,NORMAL,NORMAL,0.5,0.0,100.0,ALLOW,No alert required.
TXN000239,2026-01-15 16:26:06,25.82,True,NORMAL,NORMAL,0.5,0.0,100.0,ALLOW,No alert required.
TXN000240,2026-01-15 09:26:24,98.59,True,NORMAL,NORMAL,0.5,0.0,100.0,ALLOW,No alert required.
TXN000241,2026-01-15 08:31:09,81.59,True,NORMAL,NORMAL,0.5,0.0,100.0,ALLOW,No alert required.
TXN000242,2026-01-15 07:46:40,45.1,True,NORMAL,NORMAL,0.5,0.0,100.0,ALLOW,No alert required.
TXN000243,2026-01-15 19:24:51,148.63,True,NORMAL,NORMAL,0.5,0.0,100.0,ALLOW,No alert required.
TXN000244,2026-01-15 10:38:44,173.98,True,NORMAL,NORMAL,0.5,0.0,100.0,ALLOW,No alert required.
TXN000245,2026-01-15 15:36:50,148.8,True,NORMAL,NORMAL,0.5,0.0,100.0,ALLOW,No alert required.
TXN000246,2026-01-15 18:34:11,272.49,True,NORMAL,NORMAL,0.5,0.0,100.0,ALLOW,No alert required.
TXN000247,2026-01-15 02:52:54,51.14,True,NORMAL,NORMAL,0.5,0.0,100.0,ALLOW,No alert required.
TXN000248,2026-01-15 02:28:38,153.8,True,NORMAL,NORMAL,0.5,0.0,100.0,ALLOW,No alert required.
TXN000249,2026-01-15 11:44:57,225.16,True,NORMAL,NORMAL,0.5,0.0,100.0,ALLOW,No alert required.
TXN000250,2026-01-15 01:36:41,44.82,True,NORMAL,NORMAL,0.5,0.0,100.0,ALLOW,No alert required.
TXN000251,2026-01-15 17:37:44,76.49,True,NORMAL,NORMAL,0.5,0.0,100.0,ALLOW,No alert required.
TXN000252,2026-01-15 11:01:30,29.73,True,NORMAL,NORMAL,0.5,0.0,100.0,ALLOW,No alert required.
TXN000253,2026-01-15 23:50:13,2365.03,True,NORMAL,NORMAL,0.5,0.0,45.0,DENY,ALERT: DENY - Transaction evaluated by Qypher response policy.
TXN000254,2026-01-15 02:19:02,120.15,True,NORMAL,NORMAL,0.5,0.0,100.0,ALLOW,No alert required.
TXN000255,2026-01-15 07:33:11,82.48,True,NORMAL,NORMAL,0.5,0.0,100.0,ALLOW,No alert required.
TXN000256,2026-01-15 05:40:42,256.2,True,NORMAL,NORMAL,0.5,0.0,100.0,ALLOW,No alert required.
TXN000257,2026-01-15 06:17:48,41.78,True,NORMAL,NORMAL,0.5,0.0,100.0,ALLOW,No alert required.
TXN000258,2026-01-15 23:33:40,2022.11,True,NORMAL,NORMAL,0.5,0.0,45.0,DENY,ALERT: DENY - Transaction evaluated by Qypher response policy.
TXN000259,2026-01-15 05:52:43,63.24,True,NORMAL,NORMAL,0.5,0.0,100.0,ALLOW,No alert required.
TXN000260,2026-01-15 04:32:24,120.37,True,NORMAL,NORMAL,0.5,0.0,100.0,ALLOW,No alert required.
TXN000261,2026-01-15 20:59:11,33.85,True,NORMAL,NORMAL,0.5,0.0,100.0,ALLOW,No alert required.
TXN000262,2026-01-15 00:31:08,202.24,True,NORMAL,NORMAL,0.5,0.0,100.0,ALLOW,No alert required.
TXN000263,2026-01-15 02:36:01,56.72,True,NORMAL,NORMAL,0.5,0.0,100.0,ALLOW,No alert required.
TXN000264,2026-01-15 23:49:49,47.06,True,NORMAL,NORMAL,0.5,0.0,100.0,ALLOW,No alert required.
TXN000265,2026-01-15 01:48:46,43.86,True,NORMAL,NORMAL,0.5,0.0,100.0,ALLOW,No alert required.
TXN000266,2026-01-15 01:28:16,141.86,True,NORMAL,NORMAL,0.5,0.0,100.0,ALLOW,No alert required.
TXN000267,2026-01-15 11:55:45,53.87,True,NORMAL,NORMAL,0.5,0.0,100.0,ALLOW,No alert required.
TXN000268,2026-01-15 17:17:38,59.19,True,NORMAL,NORMAL,0.5,0.0,100.0,ALLOW,No alert required.
TXN000269,2026-01-15 21:52:06,251.84,True,NORMAL,NORMAL,0.5,0.0,100.0,ALLOW,No alert required.
TXN000270,2026-01-15 05:53:15,3085.69,True,NORMAL,NORMAL,0.5,0.0,57.0,MONITOR,No alert required.
TXN000271,2026-01-15 20:50:56,137.47,True,NORMAL,NORMAL,0.5,0.0,100.0,ALLOW,No alert required.
TXN000272,2026-01-15 23:20:37,3723.58,True,NORMAL,NORMAL,0.5,0.0,45.0,DENY,ALERT: DENY - Transaction evaluated by Qypher response policy.
TXN000273,2026-01-15 06:31:17,108.25,True,NORMAL,NORMAL,0.5,0.0,100.0,ALLOW,No alert required.
TXN000274,2026-01-15 00:02:06,2376.89,True,NORMAL,NORMAL,0.5,0.0,55.0,MONITOR,No alert required.
TXN000275,2026-01-15 03:44:58,3187.43,True,NORMAL,NORMAL,0.5,0.0,45.0,DENY,ALERT: DENY - Transaction evaluated by Qypher response policy.
TXN000276,2026-01-15 21:57:41,133.42,True,NORMAL,NORMAL,0.5,0.0,100.0,ALLOW,No alert required.
TXN000277,2026-01-15 03:00:13,48.45,True,NORMAL,NORMAL,0.5,0.0,100.0,ALLOW,No alert required.
TXN000278,2026-01-15 03:55:27,48.92,True,NORMAL,NORMAL,0.5,0.0,100.0,ALLOW,No alert required.
TXN000279,2026-01-15 11:56:19,34.61,True,NORMAL,NORMAL,0.5,0.0,100.0,ALLOW,No alert required.
TXN000280,2026-01-15 11:46:13,126.72,True,NORMAL,NORMAL,0.5,0.0,100.0,ALLOW,No alert required.
TXN000281,2026-01-15 03:37:46,144.48,True,NORMAL,NORMAL,0.5,0.0,100.0,ALLOW,No alert required.
TXN000282,2026-01-15 19:38:46,44.93,True,NORMAL,NORMAL,0.5,0.0,100.0,ALLOW,No alert required.
TXN000283,2026-01-15 20:03:50,50.98,True,NORMAL,NORMAL,0.5,0.0,100.0,ALLOW,No alert required.
TXN000284,2026-01-15 00:23:59,81.55,True,NORMAL,NORMAL,0.5,0.0,100.0,ALLOW,No alert required.
TXN000285,2026-01-15 02:01:37,16.77,True,NORMAL,NORMAL,0.5,0.0,100.0,ALLOW,No alert required.
TXN000286,2026-01-15 20:45:32,38.42,True,NORMAL,NORMAL,0.5,0.0,100.0,ALLOW,No alert required.
TXN000287,2026-01-15 09:05:32,109.69,True,NORMAL,NORMAL,0.5,0.0,100.0,ALLOW,No alert required.
TXN000288,2026-01-15 09:44:27,24.66,True,NORMAL,NORMAL,0.5,0.0,100.0,ALLOW,No alert required.
TXN000289,2026-01-15 09:42:47,130.34,True,NORMAL,NORMAL,0.5,0.0,100.0,ALLOW,No alert required.
TXN000290,2026-01-15 16:33:50,31.58,True,NORMAL,NORMAL,0.5,0.0,100.0,ALLOW,No alert required.
TXN000291,2026-01-15 00:21:51,131.09,True,NORMAL,NORMAL,0.5,0.0,100.0,ALLOW,No alert required.
TXN000292,2026-01-15 11:03:31,53.37,True,NORMAL,NORMAL,0.5,0.0,100.0,ALLOW,No alert required.
TXN000293,2026-01-15 07:47:32,17.82,True,NORMAL,NORMAL,0.5,0.0,100.0,ALLOW,No alert required.
TXN000294,2026-01-15 01:35:51,83.53,True,NORMAL,NORMAL,0.5,0.0,100.0,ALLOW,No alert required.
TXN000295,2026-01-15 18:23:07,146.74,True,NORMAL,NORMAL,0.5,0.0,100.0,ALLOW,No alert required.
TXN000296,2026-01-15 09:49:54,87.65,True,NORMAL,NORMAL,0.5,0.0,100.0,ALLOW,No alert required.
TXN000297,2026-01-15 23:39:15,134.52,True,NORMAL,NORMAL,0.5,0.0,100.0,ALLOW,No alert required.
TXN000298,2026-01-15 13:01:14,10.25,True,NORMAL,NORMAL,0.5,0.0,100.0,ALLOW,No alert required.
TXN000299,2026-01-15 03:13:33,280.54,True,NORMAL,NORMAL,0.5,0.0,100.0,ALLOW,No alert required.
TXN000300,2026-01-15 16:26:44,26.25,True,NORMAL,NORMAL,0.5,0.0,100.0,ALLOW,No alert required.
TXN000301,2026-01-15 13:42:08,167.43,True,NORMAL,NORMAL,0.5,0.0,100.0,ALLOW,No alert required.
TXN000302,2026-01-15 14:17:14,28.53,True,NORMAL,NORMAL,0.5,0.0,100.0,ALLOW,No alert required.
TXN000303,2026-01-15 03:34:22,88.77,True,NORMAL,NORMAL,0.5,0.0,100.0,ALLOW,No alert required.
TXN000304,2026-01-15 09:52:45,243.37,True,NORMAL,NORMAL,0.5,0.0,100.0,ALLOW,No alert required.
TXN000305,2026-01-15 11:25:32,15.28,True,NORMAL,NORMAL,0.5,0.0,100.0,ALLOW,No alert required.
TXN000306,2026-01-15 07:06:29,20.48,True,NORMAL,NORMAL,0.5,0.0,100.0,ALLOW,No alert required.
TXN000307,2026-01-15 12:23:43,13.71,True,NORMAL,NORMAL,0.5,0.0,100.0,ALLOW,No alert required.
TXN000308,2026-01-15 04:05:57,18.61,True,NORMAL,NORMAL,0.5,0.0,100.0,ALLOW,No alert required.
TXN000309,2026-01-15 15:01:24,74.4,True,NORMAL,NORMAL,0.5,0.0,100.0,ALLOW,No alert required.
TXN000310,2026-01-15 01:39:39,80.04,True,NORMAL,NORMAL,0.5,0.0,100.0,ALLOW,No alert required.
TXN000311,2026-01-15 04:26:12,232.2,True,NORMAL,NORMAL,0.5,0.0,100.0,ALLOW,No alert required.
TXN000312,2026-01-15 17:50:31,89.56,True,NORMAL,NORMAL,0.5,0.0,92.0,ALLOW,No alert required.
TXN000313,2026-01-15 01:51:30,27.02,True,NORMAL,NORMAL,0.5,0.0,100.0,ALLOW,No alert required.
TXN000314,2026-01-15 23:03:48,270.38,True,NORMAL,NORMAL,0.5,0.0,100.0,ALLOW,No alert required.
TXN000315,2026-01-15 10:51:47,171.08,True,NORMAL,NORMAL,0.5,0.0,100.0,ALLOW,No alert required.
TXN000316,2026-01-15 15:34:19,19.55,True,NORMAL,NORMAL,0.5,0.0,100.0,ALLOW,No alert required.
TXN000317,2026-01-15 10:58:39,166.19,True,NORMAL,NORMAL,0.5,0.0,100.0,ALLOW,No alert required.
TXN000318,2026-01-15 03:54:33,109.62,True,NORMAL,NORMAL,0.5,0.0,100.0,ALLOW,No alert required.
TXN000319,2026-01-15 23:27:50,130.22,True,NORMAL,NORMAL,0.5,0.0,100.0,ALLOW,No alert required.
TXN000320,2026-01-15 11:14:42,134.78,True,NORMAL,NORMAL,0.5,0.0,100.0,ALLOW,No alert required.
TXN000321,2026-01-15 18:02:11,27.7,True,NORMAL,NORMAL,0.5,0.0,100.0,ALLOW,No alert required.
TXN000322,2026-01-15 10:10:40,55.09,True,NORMAL,NORMAL,0.5,0.0,100.0,ALLOW,No alert required.
TXN000323,2026-01-15 01:46:00,4061.3,True,NORMAL,NORMAL,0.5,0.0,45.0,DENY,ALERT: DENY - Transaction evaluated by Qypher response policy.
TXN000324,2026-01-15 05:34:24,980.1,True,NORMAL,NORMAL,0.5,0.0,52.0,MONITOR,No alert required.
TXN000325,2026-01-15 00:20:16,160.95,True,NORMAL,NORMAL,0.5,0.0,100.0,ALLOW,No alert required.
TXN000326,2026-01-15 02:21:38,170.22,True,NORMAL,NORMAL,0.5,0.0,100.0,ALLOW,No alert required.
TXN000327,2026-01-15 03:21:13,96.89,True,NORMAL,NORMAL,0.5,0.0,100.0,ALLOW,No alert required.
TXN000328,2026-01-15 15:09:03,60.07,True,NORMAL,NORMAL,0.5,0.0,100.0,ALLOW,No alert required.
TXN000329,2026-01-15 00:13:10,153.44,True,NORMAL,NORMAL,0.5,0.0,100.0,ALLOW,No alert required.
TXN000330,2026-01-15 21:16:05,116.92,True,NORMAL,NORMAL,0.5,0.0,100.0,ALLOW,No alert required.
TXN000331,2026-01-15 14:16:14,220.61,True,NORMAL,NORMAL,0.5,0.0,100.0,ALLOW,No alert required.
TXN000332,2026-01-15 17:26:48,149.13,True,NORMAL,NORMAL,0.5,0.0,100.0,ALLOW,No alert required.
TXN000333,2026-01-15 23:36:56,4130.55,True,NORMAL,NORMAL,0.5,0.0,45.0,DENY,ALERT: DENY - Transaction evaluated by Qypher response policy.
TXN000334,2026-01-15 18:57:33,274.2,True,NORMAL,NORMAL,0.5,0.0,100.0,ALLOW,No alert required.
TXN000335,2026-01-15 06:51:12,178.01,True,NORMAL,NORMAL,0.5,0.0,100.0,ALLOW,No alert required.
TXN000336,2026-01-15 19:16:20,104.58,True,NORMAL,NORMAL,0.5,0.0,100.0,ALLOW,No alert required.
TXN000337,2026-01-15 00:50:44,128.73,True,NORMAL,NORMAL,0.5,0.0,100.0,ALLOW,No alert required.
TXN000338,2026-01-15 03:59:06,159.62,True,NORMAL,NORMAL,0.5,0.0,100.0,ALLOW,No alert required.
TXN000339,2026-01-15 18:38:30,34.45,True,NORMAL,NORMAL,0.5,0.0,100.0,ALLOW,No alert required.
TXN000340,2026-01-15 22:15:03,13.44,True,NORMAL,NORMAL,0.5,0.0,100.0,ALLOW,No alert required.
TXN000341,2026-01-15 15:54:44,61.08,True,NORMAL,NORMAL,0.5,0.0,100.0,ALLOW,No alert required.
TXN000342,2026-01-15 23:26:38,45.94,True,NORMAL,NORMAL,0.5,0.0,100.0,ALLOW,No alert required.
TXN000343,2026-01-15 11:52:03,130.63,True,NORMAL,NORMAL,0.5,0.0,100.0,ALLOW,No alert required.
TXN000344,2026-01-15 18:01:11,15.62,True,NORMAL,NORMAL,0.5,0.0,100.0,ALLOW,No alert required.
TXN000345,2026-01-15 11:52:29,81.81,True,NORMAL,NORMAL,0.5,0.0,100.0,ALLOW,No alert required.
TXN000346,2026-01-15 15:37:35,137.32,True,NORMAL,NORMAL,0.5,0.0,100.0,ALLOW,No alert required.
TXN000347,2026-01-15 05:54:36,125.21,True,NORMAL,NORMAL,0.5,0.0,100.0,ALLOW,No alert required.
TXN000348,2026-01-15 15:58:08,52.91,True,NORMAL,NORMAL,0.5,0.0,100.0,ALLOW,No alert required.
TXN000349,2026-01-15 20:17:27,47.1,True,NORMAL,NORMAL,0.5,0.0,100.0,ALLOW,No alert required.
TXN000350,2026-01-15 18:06:00,126.35,True,NORMAL,NORMAL,0.5,0.0,100.0,ALLOW,No alert required.
TXN000351,2026-01-15 10:55:17,97.94,True,NORMAL,NORMAL,0.5,0.0,100.0,ALLOW,No alert required.
TXN000352,2026-01-15 19:25:42,179.57,True,NORMAL,NORMAL,0.5,0.0,100.0,ALLOW,No alert required.
TXN000353,2026-01-15 01:37:45,126.67,True,NORMAL,NORMAL,0.5,0.0,100.0,ALLOW,No alert required.
TXN000354,2026-01-15 11:32:19,42.55,True,NORMAL,NORMAL,0.5,0.0,100.0,ALLOW,No alert required.
TXN000355,2026-01-15 05:43:57,47.97,True,NORMAL,NORMAL,0.5,0.0,100.0,ALLOW,No alert required.
TXN000356,2026-01-15 11:16:37,19.13,True,NORMAL,NORMAL,0.5,0.0,100.0,ALLOW,No alert required.
TXN000357,2026-01-15 15:56:12,60.72,True,NORMAL,NORMAL,0.5,0.0,100.0,ALLOW,No alert required.
TXN000358,2026-01-15 06:21:26,156.61,True,NORMAL,NORMAL,0.5,0.0,100.0,ALLOW,No alert required.
TXN000359,2026-01-15 05:20:40,45.6,True,NORMAL,NORMAL,0.5,0.0,100.0,ALLOW,No alert required.
TXN000360,2026-01-15 02:08:39,278.57,True,NORMAL,NORMAL,0.5,0.0,100.0,ALLOW,No alert required.
TXN000361,2026-01-15 11:00:57,200.08,True,NORMAL,NORMAL,0.5,0.0,100.0,ALLOW,No alert required.
TXN000362,2026-01-15 11:19:08,33.76,True,NORMAL,NORMAL,0.5,0.0,100.0,ALLOW,No alert required.
TXN000363,2026-01-15 16:38:33,286.95,True,NORMAL,NORMAL,0.5,0.0,100.0,ALLOW,No alert required.
TXN000364,2026-01-15 12:01:14,110.25,True,NORMAL,NORMAL,0.5,0.0,100.0,ALLOW,No alert required.
TXN000365,2026-01-15 01:24:56,179.1,True,NORMAL,NORMAL,0.5,0.0,100.0,ALLOW,No alert required.
TXN000366,2026-01-15 13:28:24,206.91,True,NORMAL,NORMAL,0.5,0.0,100.0,ALLOW,No alert required.
TXN000367,2026-01-15 21:06:42,151.21,True,NORMAL,NORMAL,0.5,0.0,100.0,ALLOW,No alert required.
TXN000368,2026-01-15 03:50:06,151.35,True,NORMAL,NORMAL,0.5,0.0,100.0,ALLOW,No alert required.
TXN000369,2026-01-15 05:02:35,49.87,True,NORMAL,NORMAL,0.5,0.0,100.0,ALLOW,No alert required.
TXN000370,2026-01-15 18:42:31,163.81,True,NORMAL,NORMAL,0.5,0.0,100.0,ALLOW,No alert required.
TXN000371,2026-01-15 04:29:03,3746.07,True,NORMAL,NORMAL,0.5,0.0,45.0,DENY,ALERT: DENY - Transaction evaluated by Qypher response policy.
TXN000372,2026-01-15 03:06:54,122.77,True,NORMAL,NORMAL,0.5,0.0,100.0,ALLOW,No alert required.
TXN000373,2026-01-15 19:17:56,41.09,True,NORMAL,NORMAL,0.5,0.0,100.0,ALLOW,No alert required.
TXN000374,2026-01-15 12:44:54,52.04,True,NORMAL,NORMAL,0.5,0.0,100.0,ALLOW,No alert required.
TXN000375,2026-01-15 03:26:58,113.92,True,NORMAL,NORMAL,0.5,0.0,100.0,ALLOW,No alert required.
TXN000376,2026-01-15 23:57:08,84.92,True,NORMAL,NORMAL,0.5,0.0,100.0,ALLOW,No alert required.
TXN000377,2026-01-15 21:55:21,195.99,True,NORMAL,NORMAL,0.5,0.0,100.0,ALLOW,No alert required.
TXN000378,2026-01-15 12:09:53,191.0,True,NORMAL,NORMAL,0.5,0.0,100.0,ALLOW,No alert required.
TXN000379,2026-01-15 05:04:48,174.92,True,NORMAL,NORMAL,0.5,0.0,100.0,ALLOW,No alert required.
TXN000380,2026-01-15 12:52:15,86.18,True,NORMAL,NORMAL,0.5,0.0,100.0,ALLOW,No alert required.
TXN000381,2026-01-15 15:47:41,16.09,True,NORMAL,NORMAL,0.5,0.0,100.0,ALLOW,No alert required.
TXN000382,2026-01-15 19:40:19,274.5,True,NORMAL,NORMAL,0.5,0.0,100.0,ALLOW,No alert required.
TXN000383,2026-01-15 14:21:35,210.73,True,NORMAL,NORMAL,0.5,0.0,100.0,ALLOW,No alert required.
TXN000384,2026-01-15 10:22:53,17.78,True,NORMAL,NORMAL,0.5,0.0,100.0,ALLOW,No alert required.
TXN000385,2026-01-15 23:26:06,48.84,True,NORMAL,NORMAL,0.5,0.0,100.0,ALLOW,No alert required.
TXN000386,2026-01-15 06:45:21,49.52,True,NORMAL,NORMAL,0.5,0.0,100.0,ALLOW,No alert required.
TXN000387,2026-01-15 16:08:31,270.4,True,NORMAL,NORMAL,0.5,0.0,100.0,ALLOW,No alert required.
TXN000388,2026-01-15 05:44:37,121.78,True,NORMAL,NORMAL,0.5,0.0,100.0,ALLOW,No alert required.
TXN000389,2026-01-15 13:38:58,173.81,True,NORMAL,NORMAL,0.5,0.0,100.0,ALLOW,No alert required.
TXN000390,2026-01-15 13:38:44,250.11,True,NORMAL,NORMAL,0.5,0.0,100.0,ALLOW,No alert required.
TXN000391,2026-01-15 03:13:39,2614.8,True,NORMAL,NORMAL,0.5,0.0,45.0,DENY,ALERT: DENY - Transaction evaluated by Qypher response policy.
TXN000392,2026-01-15 22:07:48,171.21,True,NORMAL,NORMAL,0.5,0.0,100.0,ALLOW,No alert required.
TXN000393,2026-01-15 17:18:56,74.75,True,NORMAL,NORMAL,0.5,0.0,100.0,ALLOW,No alert required.
TXN000394,2026-01-15 05:18:43,44.68,True,NORMAL,NORMAL,0.5,0.0,100.0,ALLOW,No alert required.
TXN000395,2026-01-15 03:47:41,4220.64,True,NORMAL,NORMAL,0.5,0.0,45.0,DENY,ALERT: DENY - Transaction evaluated by Qypher response policy.
TXN000396,2026-01-15 10:35:03,157.7,True,NORMAL,NORMAL,0.5,0.0,100.0,ALLOW,No alert required.
TXN000397,2026-01-15 20:45:45,60.01,True,NORMAL,NORMAL,0.5,0.0,100.0,ALLOW,No alert required.
TXN000398,2026-01-15 05:47:32,91.92,True,NORMAL,NORMAL,0.5,0.0,100.0,ALLOW,No alert required.
TXN000399,2026-01-15 00:21:29,167.87,True,NORMAL,NORMAL,0.5,0.0,100.0,ALLOW,No alert required.
TXN000400,2026-01-15 21:19:31,229.26,True,NORMAL,NORMAL,0.5,0.0,100.0,ALLOW,No alert required.
TXN000401,2026-01-15 02:50:32,111.04,True,NORMAL,NORMAL,0.5,0.0,100.0,ALLOW,No alert required.
TXN000402,2026-01-15 09:13:48,240.04,True,NORMAL,NORMAL,0.5,0.0,100.0,ALLOW,No alert required.
TXN000403,2026-01-15 14:15:57,201.65,True,NORMAL,NORMAL,0.5,0.0,100.0,ALLOW,No alert required.
TXN000404,2026-01-15 12:16:34,149.76,True,NORMAL,NORMAL,0.5,0.0,100.0,ALLOW,No alert required.
TXN000405,2026-01-15 01:18:57,24.0,True,NORMAL,NORMAL,0.5,0.0,100.0,ALLOW,No alert required.
TXN000406,2026-01-15 00:40:04,2743.47,True,NORMAL,NORMAL,0.5,0.0,45.0,DENY,ALERT: DENY - Transaction evaluated by Qypher response policy.
TXN000407,2026-01-15 13:41:52,131.87,True,NORMAL,NORMAL,0.5,0.0,100.0,ALLOW,No alert required.
TXN000408,2026-01-15 08:35:04,75.97,True,NORMAL,NORMAL,0.5,0.0,100.0,ALLOW,No alert required.
TXN000409,2026-01-15 00:41:46,4226.58,True,NORMAL,NORMAL,0.5,0.0,45.0,DENY,ALERT: DENY - Transaction evaluated by Qypher response policy.
TXN000410,2026-01-15 09:38:05,149.76,True,NORMAL,NORMAL,0.5,0.0,100.0,ALLOW,No alert required.
TXN000411,2026-01-15 06:50:51,4338.09,True,NORMAL,NORMAL,0.5,0.0,55.0,MONITOR,No alert required.
TXN000412,2026-01-15 04:07:02,164.93,True,NORMAL,NORMAL,0.5,0.0,100.0,ALLOW,No alert required.
TXN000413,2026-01-15 23:22:13,66.05,True,NORMAL,NORMAL,0.5,0.0,100.0,ALLOW,No alert required.
TXN000414,2026-01-15 21:51:36,35.9,True,NORMAL,NORMAL,0.5,0.0,100.0,ALLOW,No alert required.
TXN000415,2026-01-15 18:31:21,58.47,True,NORMAL,NORMAL,0.5,0.0,100.0,ALLOW,No alert required.
TXN000416,2026-01-15 10:39:42,170.19,True,NORMAL,NORMAL,0.5,0.0,100.0,ALLOW,No alert required.
TXN000417,2026-01-15 10:15:50,52.53,True,NORMAL,NORMAL,0.5,0.0,100.0,ALLOW,No alert required.
TXN000418,2026-01-15 11:49:19,191.59,True,NORMAL,NORMAL,0.5,0.0,100.0,ALLOW,No alert required.
TXN000419,2026-01-15 17:12:16,154.43,True,NORMAL,NORMAL,0.5,0.0,100.0,ALLOW,No alert required.
TXN000420,2026-01-15 18:13:58,259.16,True,NORMAL,NORMAL,0.5,0.0,100.0,ALLOW,No alert required.
TXN000421,2026-01-15 12:14:57,142.4,True,NORMAL,NORMAL,0.5,0.0,100.0,ALLOW,No alert required.
TXN000422,2026-01-15 21:15:54,37.07,True,NORMAL,NORMAL,0.5,0.0,100.0,ALLOW,No alert required.
TXN000423,2026-01-15 04:47:46,139.45,True,NORMAL,NORMAL,0.5,0.0,100.0,ALLOW,No alert required.
TXN000424,2026-01-15 21:13:33,255.78,True,NORMAL,NORMAL,0.5,0.0,100.0,ALLOW,No alert required.
TXN000425,2026-01-15 16:40:53,121.12,True,NORMAL,NORMAL,0.5,0.0,100.0,ALLOW,No alert required.
TXN000426,2026-01-15 16:16:24,238.29,True,NORMAL,NORMAL,0.5,0.0,100.0,ALLOW,No alert required.
TXN000427,2026-01-15 00:32:56,23.1,True,NORMAL,NORMAL,0.5,0.0,100.0,ALLOW,No alert required.
TXN000428,2026-01-15 11:38:45,132.44,True,NORMAL,NORMAL,0.5,0.0,100.0,ALLOW,No alert required.
TXN000429,2026-01-15 05:41:53,31.74,True,NORMAL,NORMAL,0.5,0.0,100.0,ALLOW,No alert required.
TXN000430,2026-01-15 18:09:03,172.9,True,NORMAL,NORMAL,0.5,0.0,100.0,ALLOW,No alert required.
TXN000431,2026-01-15 02:13:28,47.29,True,NORMAL,NORMAL,0.5,0.0,100.0,ALLOW,No alert required.
TXN000432,2026-01-15 05:39:42,166.8,True,NORMAL,NORMAL,0.5,0.0,100.0,ALLOW,No alert required.
TXN000433,2026-01-15 02:06:01,1374.2,True,NORMAL,NORMAL,0.5,0.0,45.0,DENY,ALERT: DENY - Transaction evaluated by Qypher response policy.
TXN000434,2026-01-15 01:56:50,147.17,True,NORMAL,NORMAL,0.5,0.0,100.0,ALLOW,No alert required.
TXN000435,2026-01-15 21:41:27,205.76,True,NORMAL,NORMAL,0.5,0.0,100.0,ALLOW,No alert required.
TXN000436,2026-01-15 12:22:37,52.42,True,NORMAL,NORMAL,0.5,0.0,100.0,ALLOW,No alert required.
TXN000437,2026-01-15 09:38:56,17.49,True,NORMAL,NORMAL,0.5,0.0,100.0,ALLOW,No alert required.
TXN000438,2026-01-15 16:00:24,71.59,True,NORMAL,NORMAL,0.5,0.0,100.0,ALLOW,No alert required.
TXN000439,2026-01-15 06:36:23,2798.0,True,NORMAL,NORMAL,0.5,0.0,57.0,MONITOR,No alert required.
TXN000440,2026-01-15 11:35:35,68.54,True,NORMAL,NORMAL,0.5,0.0,100.0,ALLOW,No alert required.
TXN000441,2026-01-15 21:07:47,46.46,True,NORMAL,NORMAL,0.5,0.0,100.0,ALLOW,No alert required.
TXN000442,2026-01-15 22:43:45,146.74,True,NORMAL,NORMAL,0.5,0.0,100.0,ALLOW,No alert required.
TXN000443,2026-01-15 02:04:16,16.42,True,NORMAL,NORMAL,0.5,0.0,100.0,ALLOW,No alert required.
TXN000444,2026-01-15 16:18:45,84.63,True,NORMAL,NORMAL,0.5,0.0,100.0,ALLOW,No alert required.
TXN000445,2026-01-15 09:12:02,62.1,True,NORMAL,NORMAL,0.5,0.0,100.0,ALLOW,No alert required.
TXN000446,2026-01-15 02:17:49,109.63,True,NORMAL,NORMAL,0.5,0.0,100.0,ALLOW,No alert required.
TXN000447,2026-01-15 17:18:46,278.01,True,NORMAL,NORMAL,0.5,0.0,100.0,ALLOW,No alert required.
TXN000448,2026-01-15 12:36:00,28.1,True,NORMAL,NORMAL,0.5,0.0,100.0,ALLOW,No alert required.
TXN000449,2026-01-15 16:16:56,278.77,True,NORMAL,NORMAL,0.5,0.0,100.0,ALLOW,No alert required.
TXN000450,2026-01-15 14:43:29,53.83,True,NORMAL,NORMAL,0.5,0.0,100.0,ALLOW,No alert required.
TXN000451,2026-01-15 22:14:51,161.7,True,NORMAL,NORMAL,0.5,0.0,100.0,ALLOW,No alert required.
TXN000452,2026-01-15 12:43:47,63.36,True,NORMAL,NORMAL,0.5,0.0,100.0,ALLOW,No alert required.
TXN000453,2026-01-15 23:43:59,135.02,True,NORMAL,NORMAL,0.5,0.0,100.0,ALLOW,No alert required.
TXN000454,2026-01-15 07:53:39,166.43,True,NORMAL,NORMAL,0.5,0.0,100.0,ALLOW,No alert required.
TXN000455,2026-01-15 17:02:54,162.68,True,NORMAL,NORMAL,0.5,0.0,100.0,ALLOW,No alert required.
TXN000456,2026-01-15 05:48:58,137.53,True,NORMAL,NORMAL,0.5,0.0,100.0,ALLOW,No alert required.
TXN000457,2026-01-15 17:02:32,281.61,True,NORMAL,NORMAL,0.5,0.0,100.0,ALLOW,No alert required.
TXN000458,2026-01-15 00:43:13,114.36,True,NORMAL,NORMAL,0.5,0.0,100.0,ALLOW,No alert required.
TXN000459,2026-01-15 08:30:39,82.07,True,NORMAL,NORMAL,0.5,0.0,100.0,ALLOW,No alert required.
TXN000460,2026-01-15 12:17:28,202.6,True,NORMAL,NORMAL,0.5,0.0,100.0,ALLOW,No alert required.
TXN000461,2026-01-15 17:27:54,90.41,True,NORMAL,NORMAL,0.5,0.0,100.0,ALLOW,No alert required.
TXN000462,2026-01-15 20:33:34,52.67,True,NORMAL,NORMAL,0.5,0.0,100.0,ALLOW,No alert required.
TXN000463,2026-01-15 05:03:13,136.58,True,NORMAL,NORMAL,0.5,0.0,100.0,ALLOW,No alert required.
TXN000464,2026-01-15 08:22:01,43.82,True,NORMAL,NORMAL,0.5,0.0,100.0,ALLOW,No alert required.
TXN000465,2026-01-15 09:22:20,257.98,True,NORMAL,NORMAL,0.5,0.0,100.0,ALLOW,No alert required.
TXN000466,2026-01-15 04:55:10,107.18,True,NORMAL,NORMAL,0.5,0.0,100.0,ALLOW,No alert required.
TXN000467,2026-01-15 07:20:20,119.59,True,NORMAL,NORMAL,0.5,0.0,100.0,ALLOW,No alert required.
TXN000468,2026-01-15 11:47:37,41.26,True,NORMAL,NORMAL,0.5,0.0,100.0,ALLOW,No alert required.
TXN000469,2026-01-15 23:44:47,27.51,True,NORMAL,NORMAL,0.5,0.0,100.0,ALLOW,No alert required.
TXN000470,2026-01-15 00:49:25,1020.38,True,NORMAL,NORMAL,0.5,0.0,45.0,DENY,ALERT: DENY - Transaction evaluated by Qypher response policy.
TXN000471,2026-01-15 09:14:15,32.32,True,NORMAL,NORMAL,0.5,0.0,100.0,ALLOW,No alert required.
TXN000472,2026-01-15 10:55:30,137.0,True,NORMAL,NORMAL,0.5,0.0,100.0,ALLOW,No alert required.
TXN000473,2026-01-15 19:29:40,190.02,True,NORMAL,NORMAL,0.5,0.0,100.0,ALLOW,No alert required.
TXN000474,2026-01-15 07:51:05,54.17,True,NORMAL,NORMAL,0.5,0.0,100.0,ALLOW,No alert required.
TXN000475,2026-01-15 04:22:18,273.57,True,NORMAL,NORMAL,0.5,0.0,100.0,ALLOW,No alert required.
TXN000476,2026-01-15 09:38:14,127.99,True,NORMAL,NORMAL,0.5,0.0,100.0,ALLOW,No alert required.
TXN000477,2026-01-15 23:41:24,81.78,True,NORMAL,NORMAL,0.5,0.0,100.0,ALLOW,No alert required.
TXN000478,2026-01-15 22:43:17,67.14,True,NORMAL,NORMAL,0.5,0.0,100.0,ALLOW,No alert required.
TXN000479,2026-01-15 14:39:28,103.22,True,NORMAL,NORMAL,0.5,0.0,100.0,ALLOW,No alert required.
TXN000480,2026-01-15 04:17:08,1272.6,True,NORMAL,NORMAL,0.5,0.0,45.0,DENY,ALERT: DENY - Transaction evaluated by Qypher response policy.
TXN000481,2026-01-15 13:19:50,66.14,True,NORMAL,NORMAL,0.5,0.0,100.0,ALLOW,No alert required.
TXN000482,2026-01-15 02:34:30,150.8,True,NORMAL,NORMAL,0.5,0.0,100.0,ALLOW,No alert required.
TXN000483,2026-01-15 14:15:47,98.59,True,NORMAL,NORMAL,0.5,0.0,100.0,ALLOW,No alert required.
TXN000484,2026-01-15 09:59:20,91.81,True,NORMAL,NORMAL,0.5,0.0,100.0,ALLOW,No alert required.
TXN000485,2026-01-15 03:15:40,145.05,True,NORMAL,NORMAL,0.5,0.0,100.0,ALLOW,No alert required.
TXN000486,2026-01-15 01:37:50,141.04,True,NORMAL,NORMAL,0.5,0.0,100.0,ALLOW,No alert required.
TXN000487,2026-01-15 10:59:48,119.58,True,NORMAL,NORMAL,0.5,0.0,100.0,ALLOW,No alert required.
TXN000488,2026-01-15 07:20:35,13.63,True,NORMAL,NORMAL,0.5,0.0,100.0,ALLOW,No alert required.
TXN000489,2026-01-15 01:31:45,205.59,True,NORMAL,NORMAL,0.5,0.0,100.0,ALLOW,No alert required.
TXN000490,2026-01-15 23:29:17,160.47,True,NORMAL,NORMAL,0.5,0.0,100.0,ALLOW,No alert required.
TXN000491,2026-01-15 14:00:49,256.16,True,NORMAL,NORMAL,0.5,0.0,100.0,ALLOW,No alert required.
TXN000492,2026-01-15 10:46:04,158.55,True,NORMAL,NORMAL,0.5,0.0,100.0,ALLOW,No alert required.
TXN000493,2026-01-15 10:26:41,122.01,True,NORMAL,NORMAL,0.5,0.0,100.0,ALLOW,No alert required.
TXN000494,2026-01-15 01:12:06,107.07,True,NORMAL,NORMAL,0.5,0.0,100.0,ALLOW,No alert required.
TXN000495,2026-01-15 22:37:16,132.03,True,NORMAL,NORMAL,0.5,0.0,100.0,ALLOW,No alert required.
TXN000496,2026-01-15 02:29:51,136.39,True,NORMAL,NORMAL,0.5,0.0,100.0,ALLOW,No alert required.
TXN000497,2026-01-15 01:52:39,242.97,True,NORMAL,NORMAL,0.5,0.0,100.0,ALLOW,No alert required.
TXN000498,2026-01-15 03:46:14,159.12,True,NORMAL,NORMAL,0.5,0.0,100.0,ALLOW,No alert required.
TXN000499,2026-01-15 23:35:26,129.43,True,NORMAL,NORMAL,0.5,0.0,100.0,ALLOW,No alert required.
TXN000500,2026-01-15 17:25:32,163.42,True,NORMAL,NORMAL,0.5,0.0,100.0,ALLOW,No alert required.
TXN000501,2026-01-15 13:48:40,102.76,True,NORMAL,NORMAL,0.5,0.0,100.0,ALLOW,No alert required.
TXN000502,2026-01-15 11:28:28,111.28,True,NORMAL,NORMAL,0.5,0.0,100.0,ALLOW,No alert required.
TXN000503,2026-01-15 09:14:13,96.92,True,NORMAL,NORMAL,0.5,0.0,100.0,ALLOW,No alert required.
TXN000504,2026-01-15 14:22:09,52.48,True,NORMAL,NORMAL,0.5,0.0,100.0,ALLOW,No alert required.
TXN000505,2026-01-15 18:58:13,39.39,True,NORMAL,NORMAL,0.5,0.0,100.0,ALLOW,No alert required.
TXN000506,2026-01-15 01:38:41,4203.11,True,NORMAL,NORMAL,0.5,0.0,45.0,DENY,ALERT: DENY - Transaction evaluated by Qypher response policy.
TXN000507,2026-01-15 13:59:55,19.2,True,NORMAL,NORMAL,0.5,0.0,100.0,ALLOW,No alert required.
TXN000508,2026-01-15 10:32:44,175.08,True,NORMAL,NORMAL,0.5,0.0,100.0,ALLOW,No alert required.
TXN000509,2026-01-15 13:18:50,24.03,True,NORMAL,NORMAL,0.5,0.0,100.0,ALLOW,No alert required.
TXN000510,2026-01-15 02:25:32,105.08,True,NORMAL,NORMAL,0.5,0.0,100.0,ALLOW,No alert required.
TXN000511,2026-01-15 19:47:33,142.05,True,NORMAL,NORMAL,0.5,0.0,100.0,ALLOW,No alert required.
TXN000512,2026-01-15 06:27:23,3624.79,True,NORMAL,NORMAL,0.5,0.0,45.0,DENY,ALERT: DENY - Transaction evaluated by Qypher response policy.
TXN000513,2026-01-15 19:52:51,28.21,True,NORMAL,NORMAL,0.5,0.0,100.0,ALLOW,No alert required.
TXN000514,2026-01-15 23:54:05,167.54,True,NORMAL,NORMAL,0.5,0.0,100.0,ALLOW,No alert required.
TXN000515,2026-01-15 09:28:30,46.02,True,NORMAL,NORMAL,0.5,0.0,100.0,ALLOW,No alert required.
TXN000516,2026-01-15 19:46:09,164.03,True,NORMAL,NORMAL,0.5,0.0,100.0,ALLOW,No alert required.
TXN000517,2026-01-15 22:39:17,76.07,True,NORMAL,NORMAL,0.5,0.0,100.0,ALLOW,No alert required.
TXN000518,2026-01-15 03:01:18,154.32,True,NORMAL,NORMAL,0.5,0.0,100.0,ALLOW,No alert required.
TXN000519,2026-01-15 19:34:05,167.48,True,NORMAL,NORMAL,0.5,0.0,100.0,ALLOW,No alert required.
TXN000520,2026-01-15 10:31:25,126.33,True,NORMAL,NORMAL,0.5,0.0,100.0,ALLOW,No alert required.
TXN000521,2026-01-15 16:17:51,170.5,True,NORMAL,NORMAL,0.5,0.0,100.0,ALLOW,No alert required.
TXN000522,2026-01-15 06:42:08,2877.01,True,NORMAL,NORMAL,0.5,0.0,45.0,DENY,ALERT: DENY - Transaction evaluated by Qypher response policy.
TXN000523,2026-01-15 19:21:28,108.78,True,NORMAL,NORMAL,0.5,0.0,100.0,ALLOW,No alert required.
TXN000524,2026-01-15 22:45:57,121.56,True,NORMAL,NORMAL,0.5,0.0,100.0,ALLOW,No alert required.
TXN000525,2026-01-15 05:20:53,173.4,True,NORMAL,NORMAL,0.5,0.0,100.0,ALLOW,No alert required.
TXN000526,2026-01-15 20:59:47,32.36,True,NORMAL,NORMAL,0.5,0.0,100.0,ALLOW,No alert required.
TXN000527,2026-01-15 19:36:39,202.97,True,NORMAL,NORMAL,0.5,0.0,100.0,ALLOW,No alert required.
TXN000528,2026-01-15 16:54:38,93.55,True,NORMAL,NORMAL,0.5,0.0,100.0,ALLOW,No alert required.
TXN000529,2026-01-15 08:26:14,40.1,True,NORMAL,NORMAL,0.5,0.0,100.0,ALLOW,No alert required.
TXN000530,2026-01-15 22:20:55,141.96,True,NORMAL,NORMAL,0.5,0.0,100.0,ALLOW,No alert required.
TXN000531,2026-01-15 12:39:47,45.73,True,NORMAL,NORMAL,0.5,0.0,100.0,ALLOW,No alert required.
TXN000532,2026-01-15 07:33:34,140.08,True,NORMAL,NORMAL,0.5,0.0,100.0,ALLOW,No alert required.
TXN000533,2026-01-15 09:49:52,60.05,True,NORMAL,NORMAL,0.5,0.0,100.0,ALLOW,No alert required.
TXN000534,2026-01-15 14:53:41,142.38,True,NORMAL,NORMAL,0.5,0.0,100.0,ALLOW,No alert required.
TXN000535,2026-01-15 13:20:28,162.42,True,NORMAL,NORMAL,0.5,0.0,100.0,ALLOW,No alert required.
TXN000536,2026-01-15 10:44:41,29.41,True,NORMAL,NORMAL,0.5,0.0,100.0,ALLOW,No alert required.
TXN000537,2026-01-15 12:46:50,165.69,True,NORMAL,NORMAL,0.5,0.0,100.0,ALLOW,No alert required.
TXN000538,2026-01-15 21:55:09,81.33,True,NORMAL,NORMAL,0.5,0.0,100.0,ALLOW,No alert required.
TXN000539,2026-01-15 20:11:07,140.12,True,NORMAL,NORMAL,0.5,0.0,100.0,ALLOW,No alert required.
TXN000540,2026-01-15 00:38:56,122.11,True,NORMAL,NORMAL,0.5,0.0,100.0,ALLOW,No alert required.
TXN000541,2026-01-15 00:15:56,41.42,True,NORMAL,NORMAL,0.5,0.0,100.0,ALLOW,No alert required.
TXN000542,2026-01-15 00:42:36,1113.77,True,NORMAL,NORMAL,0.5,0.0,57.0,MONITOR,No alert required.
TXN000543,2026-01-15 21:18:39,219.82,True,NORMAL,NORMAL,0.5,0.0,100.0,ALLOW,No alert required.
TXN000544,2026-01-15 10:23:57,21.04,True,NORMAL,NORMAL,0.5,0.0,100.0,ALLOW,No alert required.
TXN000545,2026-01-15 10:33:26,19.89,True,NORMAL,NORMAL,0.5,0.0,100.0,ALLOW,No alert required.
TXN000546,2026-01-15 02:30:46,181.61,True,NORMAL,NORMAL,0.5,0.0,100.0,ALLOW,No alert required.
TXN000547,2026-01-15 11:59:08,214.34,True,NORMAL,NORMAL,0.5,0.0,100.0,ALLOW,No alert required.
TXN000548,2026-01-15 07:45:18,89.03,True,NORMAL,NORMAL,0.5,0.0,100.0,ALLOW,No alert required.
TXN000549,2026-01-15 19:26:26,147.03,True,NORMAL,NORMAL,0.5,0.0,100.0,ALLOW,No alert required.
TXN000550,2026-01-15 04:50:04,3306.18,True,NORMAL,NORMAL,0.5,0.0,45.0,DENY,ALERT: DENY - Transaction evaluated by Qypher response policy.
TXN000551,2026-01-15 18:39:01,166.79,True,NORMAL,NORMAL,0.5,0.0,100.0,ALLOW,No alert required.
TXN000552,2026-01-15 23:09:40,4225.6,True,NORMAL,NORMAL,0.5,0.0,55.0,MONITOR,No alert required.
TXN000553,2026-01-15 09:36:46,108.16,True,NORMAL,NORMAL,0.5,0.0,100.0,ALLOW,No alert required.
TXN000554,2026-01-15 02:09:17,153.21,True,NORMAL,NORMAL,0.5,0.0,100.0,ALLOW,No alert required.
TXN000555,2026-01-15 09:45:54,24.76,True,NORMAL,NORMAL,0.5,0.0,100.0,ALLOW,No alert required.
TXN000556,2026-01-15 09:13:33,143.44,True,NORMAL,NORMAL,0.5,0.0,100.0,ALLOW,No alert required.
TXN000557,2026-01-15 00:51:30,167.02,True,NORMAL,NORMAL,0.5,0.0,100.0,ALLOW,No alert required.
TXN000558,2026-01-15 04:49:55,213.08,True,NORMAL,NORMAL,0.5,0.0,100.0,ALLOW,No alert required.
TXN000559,2026-01-15 00:19:59,142.99,True,NORMAL,NORMAL,0.5,0.0,100.0,ALLOW,No alert required.
TXN000560,2026-01-15 09:01:36,44.09,True,NORMAL,NORMAL,0.5,0.0,100.0,ALLOW,No alert required.
TXN000561,2026-01-15 21:07:17,12.59,True,NORMAL,NORMAL,0.5,0.0,100.0,ALLOW,No alert required.
TXN000562,2026-01-15 11:35:20,51.62,True,NORMAL,NORMAL,0.5,0.0,100.0,ALLOW,No alert required.
TXN000563,2026-01-15 14:03:08,75.21,True,NORMAL,NORMAL,0.5,0.0,100.0,ALLOW,No alert required.
TXN000564,2026-01-15 18:40:53,66.5,True,NORMAL,NORMAL,0.5,0.0,100.0,ALLOW,No alert required.
TXN000565,2026-01-15 02:59:48,148.18,True,NORMAL,NORMAL,0.5,0.0,100.0,ALLOW,No alert required.
TXN000566,2026-01-15 21:41:45,171.07,True,NORMAL,NORMAL,0.5,0.0,100.0,ALLOW,No alert required.
TXN000567,2026-01-15 05:25:11,815.0,True,NORMAL,NORMAL,0.5,0.0,52.0,MONITOR,No alert required.
TXN000568,2026-01-15 15:29:54,107.7,True,NORMAL,NORMAL,0.5,0.0,100.0,ALLOW,No alert required.
TXN000569,2026-01-15 03:20:35,88.37,True,NORMAL,NORMAL,0.5,0.0,100.0,ALLOW,No alert required.
TXN000570,2026-01-15 05:30:24,83.3,True,NORMAL,NORMAL,0.5,0.0,100.0,ALLOW,No alert required.
TXN000571,2026-01-15 03:11:42,1936.44,True,NORMAL,NORMAL,0.5,0.0,45.0,DENY,ALERT: DENY - Transaction evaluated by Qypher response policy.
TXN000572,2026-01-15 05:19:25,225.81,True,NORMAL,NORMAL,0.5,0.0,100.0,ALLOW,No alert required.
TXN000573,2026-01-15 02:13:52,195.76,True,NORMAL,NORMAL,0.5,0.0,100.0,ALLOW,No alert required.
TXN000574,2026-01-15 14:12:13,145.04,True,NORMAL,NORMAL,0.5,0.0,100.0,ALLOW,No alert required.
TXN000575,2026-01-15 05:05:37,937.16,True,NORMAL,NORMAL,0.5,0.0,64.0,MONITOR,No alert required.
TXN000576,2026-01-15 00:45:35,49.99,True,NORMAL,NORMAL,0.5,0.0,100.0,ALLOW,No alert required.
TXN000577,2026-01-15 12:25:24,145.17,True,NORMAL,NORMAL,0.5,0.0,100.0,ALLOW,No alert required.
TXN000578,2026-01-15 13:09:18,22.2,True,NORMAL,NORMAL,0.5,0.0,100.0,ALLOW,No alert required.
TXN000579,2026-01-15 13:08:05,269.04,True,NORMAL,NORMAL,0.5,0.0,100.0,ALLOW,No alert required.
TXN000580,2026-01-15 14:24:22,11.26,True,NORMAL,NORMAL,0.5,0.0,100.0,ALLOW,No alert required.
TXN000581,2026-01-15 04:26:59,2858.97,True,NORMAL,NORMAL,0.5,0.0,57.0,MONITOR,No alert required.
TXN000582,2026-01-15 18:30:44,97.88,True,NORMAL,NORMAL,0.5,0.0,100.0,ALLOW,No alert required.
TXN000583,2026-01-15 20:47:42,18.97,True,NORMAL,NORMAL,0.5,0.0,100.0,ALLOW,No alert required.
TXN000584,2026-01-15 16:57:30,173.3,True,NORMAL,NORMAL,0.5,0.0,100.0,ALLOW,No alert required.
TXN000585,2026-01-15 23:50:36,38.74,True,NORMAL,NORMAL,0.5,0.0,100.0,ALLOW,No alert required.
TXN000586,2026-01-15 19:01:18,23.07,True,NORMAL,NORMAL,0.5,0.0,100.0,ALLOW,No alert required.
TXN000587,2026-01-15 08:54:16,135.62,True,NORMAL,NORMAL,0.5,0.0,100.0,ALLOW,No alert required.
TXN000588,2026-01-15 22:15:31,283.67,True,NORMAL,NORMAL,0.5,0.0,100.0,ALLOW,No alert required.
TXN000589,2026-01-15 15:48:26,213.47,True,NORMAL,NORMAL,0.5,0.0,100.0,ALLOW,No alert required.
TXN000590,2026-01-15 01:41:16,88.88,True,NORMAL,NORMAL,0.5,0.0,100.0,ALLOW,No alert required.
TXN000591,2026-01-15 17:14:24,55.48,True,NORMAL,NORMAL,0.5,0.0,100.0,ALLOW,No alert required.
TXN000592,2026-01-15 14:24:43,265.62,True,NORMAL,NORMAL,0.5,0.0,100.0,ALLOW,No alert required.
TXN000593,2026-01-15 20:54:17,53.41,True,NORMAL,NORMAL,0.5,0.0,100.0,ALLOW,No alert required.
TXN000594,2026-01-15 07:46:43,63.26,True,NORMAL,NORMAL,0.5,0.0,92.0,ALLOW,No alert required.
TXN000595,2026-01-15 03:33:06,133.29,True,NORMAL,NORMAL,0.5,0.0,100.0,ALLOW,No alert required.
TXN000596,2026-01-15 01:38:42,39.5,True,NORMAL,NORMAL,0.5,0.0,100.0,ALLOW,No alert required.
TXN000597,2026-01-15 20:36:51,60.08,True,NORMAL,NORMAL,0.5,0.0,100.0,ALLOW,No alert required.
TXN000598,2026-01-15 04:49:27,1753.69,True,NORMAL,NORMAL,0.5,0.0,55.0,MONITOR,No alert required.
TXN000599,2026-01-15 05:03:16,4421.8,True,NORMAL,NORMAL,0.5,0.0,45.0,DENY,ALERT: DENY - Transaction evaluated by Qypher response policy.
TXN000600,2026-01-15 05:41:31,114.37,True,NORMAL,NORMAL,0.5,0.0,100.0,ALLOW,No alert required.
TXN000601,2026-01-15 01:04:04,162.41,True,NORMAL,NORMAL,0.5,0.0,100.0,ALLOW,No alert required.
TXN000602,2026-01-15 21:24:17,10.63,True,NORMAL,NORMAL,0.5,0.0,100.0,ALLOW,No alert required.
TXN000603,2026-01-15 12:54:46,75.35,True,NORMAL,NORMAL,0.5,0.0,100.0,ALLOW,No alert required.
TXN000604,2026-01-15 17:59:22,117.49,True,NORMAL,NORMAL,0.5,0.0,100.0,ALLOW,No alert required.
TXN000605,2026-01-15 10:05:53,104.26,True,NORMAL,NORMAL,0.5,0.0,100.0,ALLOW,No alert required.
TXN000606,2026-01-15 12:57:06,160.49,True,NORMAL,NORMAL,0.5,0.0,100.0,ALLOW,No alert required.
TXN000607,2026-01-15 23:37:15,191.01,True,NORMAL,NORMAL,0.5,0.0,100.0,ALLOW,No alert required.
TXN000608,2026-01-15 00:02:21,30.09,True,NORMAL,NORMAL,0.5,0.0,100.0,ALLOW,No alert required.
TXN000609,2026-01-15 21:55:55,16.27,True,NORMAL,NORMAL,0.5,0.0,100.0,ALLOW,No alert required.
TXN000610,2026-01-15 19:02:15,117.55,True,NORMAL,NORMAL,0.5,0.0,100.0,ALLOW,No alert required.
TXN000611,2026-01-15 02:53:37,939.82,True,NORMAL,NORMAL,0.5,0.0,52.0,MONITOR,No alert required.
TXN000612,2026-01-15 23:43:25,152.19,True,NORMAL,NORMAL,0.5,0.0,100.0,ALLOW,No alert required.
TXN000613,2026-01-15 10:04:07,128.37,True,NORMAL,NORMAL,0.5,0.0,100.0,ALLOW,No alert required.
TXN000614,2026-01-15 01:08:06,20.25,True,NORMAL,NORMAL,0.5,0.0,100.0,ALLOW,No alert required.
TXN000615,2026-01-15 02:45:41,127.7,True,NORMAL,NORMAL,0.5,0.0,100.0,ALLOW,No alert required.
TXN000616,2026-01-15 13:15:11,114.05,True,NORMAL,NORMAL,0.5,0.0,100.0,ALLOW,No alert required.
TXN000617,2026-01-15 13:00:35,176.05,True,NORMAL,NORMAL,0.5,0.0,100.0,ALLOW,No alert required.
TXN000618,2026-01-15 16:14:29,42.93,True,NORMAL,NORMAL,0.5,0.0,100.0,ALLOW,No alert required.
TXN000619,2026-01-15 15:31:11,58.46,True,NORMAL,NORMAL,0.5,0.0,100.0,ALLOW,No alert required.
TXN000620,2026-01-15 14:02:06,143.53,True,NORMAL,NORMAL,0.5,0.0,100.0,ALLOW,No alert required.
TXN000621,2026-01-15 23:28:37,137.0,True,NORMAL,NORMAL,0.5,0.0,100.0,ALLOW,No alert required.
TXN000622,2026-01-15 07:06:15,258.45,True,NORMAL,NORMAL,0.5,0.0,100.0,ALLOW,No alert required.
TXN000623,2026-01-15 04:13:59,73.49,True,NORMAL,NORMAL,0.5,0.0,100.0,ALLOW,No alert required.
TXN000624,2026-01-15 08:12:21,33.21,True,NORMAL,NORMAL,0.5,0.0,100.0,ALLOW,No alert required.
TXN000625,2026-01-15 10:14:56,262.32,True,NORMAL,NORMAL,0.5,0.0,100.0,ALLOW,No alert required.
TXN000626,2026-01-15 13:54:33,57.46,True,NORMAL,NORMAL,0.5,0.0,100.0,ALLOW,No alert required.
TXN000627,2026-01-15 10:27:37,260.32,True,NORMAL,NORMAL,0.5,0.0,100.0,ALLOW,No alert required.
TXN000628,2026-01-15 23:49:32,236.24,True,NORMAL,NORMAL,0.5,0.0,100.0,ALLOW,No alert required.
TXN000629,2026-01-15 02:35:48,113.49,True,NORMAL,NORMAL,0.5,0.0,100.0,ALLOW,No alert required.
TXN000630,2026-01-15 05:45:29,142.14,True,NORMAL,NORMAL,0.5,0.0,100.0,ALLOW,No alert required.
TXN000631,2026-01-15 11:40:29,161.88,True,NORMAL,NORMAL,0.5,0.0,100.0,ALLOW,No alert required.
TXN000632,2026-01-15 08:44:39,184.76,True,NORMAL,NORMAL,0.5,0.0,100.0,ALLOW,No alert required.
TXN000633,2026-01-15 21:23:56,89.11,True,NORMAL,NORMAL,0.5,0.0,100.0,ALLOW,No alert required.
TXN000634,2026-01-15 22:04:35,50.57,True,NORMAL,NORMAL,0.5,0.0,100.0,ALLOW,No alert required.
TXN000635,2026-01-15 18:55:44,162.65,True,NORMAL,NORMAL,0.5,0.0,100.0,ALLOW,No alert required.
TXN000636,2026-01-15 11:28:31,209.07,True,NORMAL,NORMAL,0.5,0.0,100.0,ALLOW,No alert required.
TXN000637,2026-01-15 19:23:51,24.84,True,NORMAL,NORMAL,0.5,0.0,100.0,ALLOW,No alert required.
TXN000638,2026-01-15 02:06:10,35.58,True,NORMAL,NORMAL,0.5,0.0,100.0,ALLOW,No alert required.
TXN000639,2026-01-15 21:34:59,85.46,True,NORMAL,NORMAL,0.5,0.0,100.0,ALLOW,No alert required.
TXN000640,2026-01-15 16:41:21,148.23,True,NORMAL,NORMAL,0.5,0.0,100.0,ALLOW,No alert required.
TXN000641,2026-01-15 14:19:36,48.55,True,NORMAL,NORMAL,0.5,0.0,100.0,ALLOW,No alert required.
TXN000642,2026-01-15 04:22:18,58.49,True,NORMAL,NORMAL,0.5,0.0,100.0,ALLOW,No alert required.
TXN000643,2026-01-15 02:10:15,1689.55,True,NORMAL,NORMAL,0.5,0.0,45.0,DENY,ALERT: DENY - Transaction evaluated by Qypher response policy.
TXN000644,2026-01-15 22:02:42,86.23,True,NORMAL,NORMAL,0.5,0.0,100.0,ALLOW,No alert required.
TXN000645,2026-01-15 00:25:59,36.53,True,NORMAL,NORMAL,0.5,0.0,100.0,ALLOW,No alert required.
TXN000646,2026-01-15 20:45:18,133.85,True,NORMAL,NORMAL,0.5,0.0,100.0,ALLOW,No alert required.
TXN000647,2026-01-15 15:57:02,22.74,True,NORMAL,NORMAL,0.5,0.0,100.0,ALLOW,No alert required.
TXN000648,2026-01-15 10:03:38,43.27,True,NORMAL,NORMAL,0.5,0.0,100.0,ALLOW,No alert required.
TXN000649,2026-01-15 02:32:25,112.86,True,NORMAL,NORMAL,0.5,0.0,100.0,ALLOW,No alert required.
TXN000650,2026-01-15 04:45:54,12.07,True,NORMAL,NORMAL,0.5,0.0,100.0,ALLOW,No alert required.
TXN000651,2026-01-15 17:05:13,59.07,True,NORMAL,NORMAL,0.5,0.0,100.0,ALLOW,No alert required.
TXN000652,2026-01-15 13:08:53,72.52,True,NORMAL,NORMAL,0.5,0.0,100.0,ALLOW,No alert required.
TXN000653,2026-01-15 02:59:37,127.37,True,NORMAL,NORMAL,0.5,0.0,100.0,ALLOW,No alert required.
TXN000654,2026-01-15 22:36:48,59.21,True,NORMAL,NORMAL,0.5,0.0,100.0,ALLOW,No alert required.
TXN000655,2026-01-15 18:19:31,144.51,True,NORMAL,NORMAL,0.5,0.0,100.0,ALLOW,No alert required.
TXN000656,2026-01-15 23:07:41,4145.81,True,NORMAL,NORMAL,0.5,0.0,57.0,MONITOR,No alert required.
TXN000657,2026-01-15 03:48:17,91.68,True,NORMAL,NORMAL,0.5,0.0,100.0,ALLOW,No alert required.
TXN000658,2026-01-15 22:52:07,60.29,True,NORMAL,NORMAL,0.5,0.0,100.0,ALLOW,No alert required.
TXN000659,2026-01-15 02:22:10,885.12,True,NORMAL,NORMAL,0.5,0.0,52.0,MONITOR,No alert required.
TXN000660,2026-01-15 02:32:12,137.95,True,NORMAL,NORMAL,0.5,0.0,100.0,ALLOW,No alert required.
TXN000661,2026-01-15 21:51:19,108.61,True,NORMAL,NORMAL,0.5,0.0,100.0,ALLOW,No alert required.
TXN000662,2026-01-15 11:49:31,47.04,True,NORMAL,NORMAL,0.5,0.0,100.0,ALLOW,No alert required.
TXN000663,2026-01-15 17:39:44,141.25,True,NORMAL,NORMAL,0.5,0.0,100.0,ALLOW,No alert required.
TXN000664,2026-01-15 15:22:19,161.25,True,NORMAL,NORMAL,0.5,0.0,100.0,ALLOW,No alert required.
TXN000665,2026-01-15 22:19:01,155.66,True,NORMAL,NORMAL,0.5,0.0,100.0,ALLOW,No alert required.
TXN000666,2026-01-15 04:05:27,141.7,True,NORMAL,NORMAL,0.5,0.0,100.0,ALLOW,No alert required.
TXN000667,2026-01-15 21:32:37,17.36,True,NORMAL,NORMAL,0.5,0.0,100.0,ALLOW,No alert required.
TXN000668,2026-01-15 03:58:38,198.4,True,NORMAL,NORMAL,0.5,0.0,100.0,ALLOW,No alert required.
TXN000669,2026-01-15 08:37:22,106.94,True,NORMAL,NORMAL,0.5,0.0,100.0,ALLOW,No alert required.
TXN000670,2026-01-15 22:12:18,267.39,True,NORMAL,NORMAL,0.5,0.0,100.0,ALLOW,No alert required.
TXN000671,2026-01-15 22:37:11,176.82,True,NORMAL,NORMAL,0.5,0.0,100.0,ALLOW,No alert required.
TXN000672,2026-01-15 05:07:29,3377.98,True,NORMAL,NORMAL,0.5,0.0,57.0,MONITOR,No alert required.
TXN000673,2026-01-15 02:20:31,179.31,True,NORMAL,NORMAL,0.5,0.0,100.0,ALLOW,No alert required.
TXN000674,2026-01-15 17:26:18,169.64,True,NORMAL,NORMAL,0.5,0.0,100.0,ALLOW,No alert required.
TXN000675,2026-01-15 21:06:25,55.0,True,NORMAL,NORMAL,0.5,0.0,100.0,ALLOW,No alert required.
TXN000676,2026-01-15 05:04:23,153.49,True,NORMAL,NORMAL,0.5,0.0,100.0,ALLOW,No alert required.
TXN000677,2026-01-15 15:17:48,112.86,True,NORMAL,NORMAL,0.5,0.0,100.0,ALLOW,No alert required.
TXN000678,2026-01-15 16:17:09,52.62,True,NORMAL,NORMAL,0.5,0.0,100.0,ALLOW,No alert required.
TXN000679,2026-01-15 03:47:03,75.05,True,NORMAL,NORMAL,0.5,0.0,100.0,ALLOW,No alert required.
TXN000680,2026-01-15 03:48:04,70.93,True,NORMAL,NORMAL,0.5,0.0,100.0,ALLOW,No alert required.
TXN000681,2026-01-15 10:51:55,285.47,True,NORMAL,NORMAL,0.5,0.0,100.0,ALLOW,No alert required.
TXN000682,2026-01-15 12:28:29,122.1,True,NORMAL,NORMAL,0.5,0.0,100.0,ALLOW,No alert required.
TXN000683,2026-01-15 13:08:19,170.73,True,NORMAL,NORMAL,0.5,0.0,100.0,ALLOW,No alert required.
TXN000684,2026-01-15 15:30:35,87.64,True,NORMAL,NORMAL,0.5,0.0,100.0,ALLOW,No alert required.
TXN000685,2026-01-15 09:20:03,243.65,True,NORMAL,NORMAL,0.5,0.0,100.0,ALLOW,No alert required.
TXN000686,2026-01-15 12:06:27,19.6,True,NORMAL,NORMAL,0.5,0.0,100.0,ALLOW,No alert required.
TXN000687,2026-01-15 02:58:44,38.86,True,NORMAL,NORMAL,0.5,0.0,100.0,ALLOW,No alert required.
TXN000688,2026-01-15 13:36:32,109.96,True,NORMAL,NORMAL,0.5,0.0,100.0,ALLOW,No alert required.
TXN000689,2026-01-15 18:06:51,94.44,True,NORMAL,NORMAL,0.5,0.0,100.0,ALLOW,No alert required.
TXN000690,2026-01-15 09:23:27,46.39,True,NORMAL,NORMAL,0.5,0.0,100.0,ALLOW,No alert required.
TXN000691,2026-01-15 07:39:47,107.62,True,NORMAL,NORMAL,0.5,0.0,100.0,ALLOW,No alert required.
TXN000692,2026-01-15 06:22:50,122.79,True,NORMAL,NORMAL,0.5,0.0,100.0,ALLOW,No alert required.
TXN000693,2026-01-15 16:29:42,186.77,True,NORMAL,NORMAL,0.5,0.0,100.0,ALLOW,No alert required.
TXN000694,2026-01-15 21:52:47,133.52,True,NORMAL,NORMAL,0.5,0.0,100.0,ALLOW,No alert required.
TXN000695,2026-01-15 07:09:47,64.17,True,NORMAL,NORMAL,0.5,0.0,100.0,ALLOW,No alert required.
TXN000696,2026-01-15 13:17:52,50.14,True,NORMAL,NORMAL,0.5,0.0,100.0,ALLOW,No alert required.
TXN000697,2026-01-15 23:31:35,1736.31,True,NORMAL,NORMAL,0.5,0.0,55.0,MONITOR,No alert required.
TXN000698,2026-01-15 21:35:11,19.41,True,NORMAL,NORMAL,0.5,0.0,100.0,ALLOW,No alert required.
TXN000699,2026-01-15 01:57:26,1125.34,True,NORMAL,NORMAL,0.5,0.0,57.0,MONITOR,No alert required.
TXN000700,2026-01-15 16:42:53,256.6,True,NORMAL,NORMAL,0.5,0.0,100.0,ALLOW,No alert required.
TXN000701,2026-01-15 10:53:37,75.3,True,NORMAL,NORMAL,0.5,0.0,100.0,ALLOW,No alert required.
TXN000702,2026-01-15 06:16:55,1902.66,True,NORMAL,NORMAL,0.5,0.0,45.0,DENY,ALERT: DENY - Transaction evaluated by Qypher response policy.
TXN000703,2026-01-15 07:17:56,149.63,True,NORMAL,NORMAL,0.5,0.0,100.0,ALLOW,No alert required.
TXN000704,2026-01-15 23:42:51,75.4,True,NORMAL,NORMAL,0.5,0.0,100.0,ALLOW,No alert required.
TXN000705,2026-01-15 01:34:55,4224.53,True,NORMAL,NORMAL,0.5,0.0,45.0,DENY,ALERT: DENY - Transaction evaluated by Qypher response policy.
TXN000706,2026-01-15 02:59:52,156.1,True,NORMAL,NORMAL,0.5,0.0,100.0,ALLOW,No alert required.
TXN000707,2026-01-15 20:26:50,90.09,True,NORMAL,NORMAL,0.5,0.0,100.0,ALLOW,No alert required.
TXN000708,2026-01-15 03:52:10,81.55,True,NORMAL,NORMAL,0.5,0.0,100.0,ALLOW,No alert required.
TXN000709,2026-01-15 22:01:48,10.52,True,NORMAL,NORMAL,0.5,0.0,100.0,ALLOW,No alert required.
TXN000710,2026-01-15 03:10:15,86.75,True,NORMAL,NORMAL,0.5,0.0,100.0,ALLOW,No alert required.
TXN000711,2026-01-15 18:52:20,72.49,True,NORMAL,NORMAL,0.5,0.0,100.0,ALLOW,No alert required.
TXN000712,2026-01-15 18:14:01,280.96,True,NORMAL,NORMAL,0.5,0.0,100.0,ALLOW,No alert required.
TXN000713,2026-01-15 12:39:27,172.87,True,NORMAL,NORMAL,0.5,0.0,100.0,ALLOW,No alert required.
TXN000714,2026-01-15 14:52:43,42.39,True,NORMAL,NORMAL,0.5,0.0,100.0,ALLOW,No alert required.
TXN000715,2026-01-15 15:24:08,133.54,True,NORMAL,NORMAL,0.5,0.0,100.0,ALLOW,No alert required.
TXN000716,2026-01-15 00:18:16,116.54,True,NORMAL,NORMAL,0.5,0.0,100.0,ALLOW,No alert required.
TXN000717,2026-01-15 10:44:25,135.14,True,NORMAL,NORMAL,0.5,0.0,100.0,ALLOW,No alert required.
TXN000718,2026-01-15 07:30:58,84.99,True,NORMAL,NORMAL,0.5,0.0,100.0,ALLOW,No alert required.
TXN000719,2026-01-15 11:08:57,38.88,True,NORMAL,NORMAL,0.5,0.0,100.0,ALLOW,No alert required.
TXN000720,2026-01-15 02:20:45,47.78,True,NORMAL,NORMAL,0.5,0.0,100.0,ALLOW,No alert required.
TXN000721,2026-01-15 08:47:23,151.03,True,NORMAL,NORMAL,0.5,0.0,100.0,ALLOW,No alert required.
TXN000722,2026-01-15 05:20:47,42.12,True,NORMAL,NORMAL,0.5,0.0,100.0,ALLOW,No alert required.
TXN000723,2026-01-15 05:45:29,85.06,True,NORMAL,NORMAL,0.5,0.0,100.0,ALLOW,No alert required.
TXN000724,2026-01-15 03:54:46,44.63,True,NORMAL,NORMAL,0.5,0.0,100.0,ALLOW,No alert required.
TXN000725,2026-01-15 08:36:57,287.46,True,NORMAL,NORMAL,0.5,0.0,100.0,ALLOW,No alert required.
TXN000726,2026-01-15 02:15:49,58.33,True,NORMAL,NORMAL,0.5,0.0,100.0,ALLOW,No alert required.
TXN000727,2026-01-15 03:53:20,151.22,True,NORMAL,NORMAL,0.5,0.0,100.0,ALLOW,No alert required.
TXN000728,2026-01-15 19:42:00,171.06,True,NORMAL,NORMAL,0.5,0.0,100.0,ALLOW,No alert required.
TXN000729,2026-01-15 04:13:55,136.45,True,NORMAL,NORMAL,0.5,0.0,100.0,ALLOW,No alert required.
TXN000730,2026-01-15 08:11:15,247.84,True,NORMAL,NORMAL,0.5,0.0,100.0,ALLOW,No alert required.
TXN000731,2026-01-15 20:09:07,163.63,True,NORMAL,NORMAL,0.5,0.0,100.0,ALLOW,No alert required.
TXN000732,2026-01-15 11:32:12,55.64,True,NORMAL,NORMAL,0.5,0.0,100.0,ALLOW,No alert required.
TXN000733,2026-01-15 11:39:11,155.63,True,NORMAL,NORMAL,0.5,0.0,100.0,ALLOW,No alert required.
TXN000734,2026-01-15 22:09:59,143.36,True,NORMAL,NORMAL,0.5,0.0,100.0,ALLOW,No alert required.
TXN000735,2026-01-15 04:43:57,106.65,True,NORMAL,NORMAL,0.5,0.0,100.0,ALLOW,No alert required.
TXN000736,2026-01-15 06:26:06,2925.16,True,NORMAL,NORMAL,0.5,0.0,57.0,MONITOR,No alert required.
TXN000737,2026-01-15 03:47:42,17.69,True,NORMAL,NORMAL,0.5,0.0,100.0,ALLOW,No alert required.
TXN000738,2026-01-15 23:29:48,174.34,True,NORMAL,NORMAL,0.5,0.0,100.0,ALLOW,No alert required.
TXN000739,2026-01-15 04:55:43,1143.38,True,NORMAL,NORMAL,0.5,0.0,45.0,DENY,ALERT: DENY - Transaction evaluated by Qypher response policy.
TXN000740,2026-01-15 14:44:25,184.23,True,NORMAL,NORMAL,0.5,0.0,100.0,ALLOW,No alert required.
TXN000741,2026-01-15 22:43:25,12.36,True,NORMAL,NORMAL,0.5,0.0,100.0,ALLOW,No alert required.
TXN000742,2026-01-15 00:13:30,153.16,True,NORMAL,NORMAL,0.5,0.0,100.0,ALLOW,No alert required.
TXN000743,2026-01-15 14:09:30,163.41,True,NORMAL,NORMAL,0.5,0.0,100.0,ALLOW,No alert required.
TXN000744,2026-01-15 00:55:28,106.8,True,NORMAL,NORMAL,0.5,0.0,100.0,ALLOW,No alert required.
TXN000745,2026-01-15 13:54:31,148.6,True,NORMAL,NORMAL,0.5,0.0,100.0,ALLOW,No alert required.
TXN000746,2026-01-15 21:57:52,13.23,True,NORMAL,NORMAL,0.5,0.0,100.0,ALLOW,No alert required.
TXN000747,2026-01-15 20:26:56,169.62,True,NORMAL,NORMAL,0.5,0.0,100.0,ALLOW,No alert required.
TXN000748,2026-01-15 23:12:30,47.35,True,NORMAL,NORMAL,0.5,0.0,100.0,ALLOW,No alert required.
TXN000749,2026-01-15 22:42:29,151.62,True,NORMAL,NORMAL,0.5,0.0,100.0,ALLOW,No alert required.
TXN000750,2026-01-15 05:39:13,39.46,True,NORMAL,NORMAL,0.5,0.0,100.0,ALLOW,No alert required.
TXN000751,2026-01-15 15:19:15,113.59,True,NORMAL,NORMAL,0.5,0.0,100.0,ALLOW,No alert required.
TXN000752,2026-01-15 16:02:51,114.99,True,NORMAL,NORMAL,0.5,0.0,100.0,ALLOW,No alert required.
TXN000753,2026-01-15 10:50:22,155.08,True,NORMAL,NORMAL,0.5,0.0,100.0,ALLOW,No alert required.
TXN000754,2026-01-15 01:59:28,113.64,True,NORMAL,NORMAL,0.5,0.0,100.0,ALLOW,No alert required.
TXN000755,2026-01-15 16:06:10,36.7,True,NORMAL,NORMAL,0.5,0.0,100.0,ALLOW,No alert required.
TXN000756,2026-01-15 23:55:06,30.91,True,NORMAL,NORMAL,0.5,0.0,100.0,ALLOW,No alert required.
TXN000757,2026-01-15 00:15:53,39.11,True,NORMAL,NORMAL,0.5,0.0,100.0,ALLOW,No alert required.
TXN000758,2026-01-15 20:42:15,53.53,True,NORMAL,NORMAL,0.5,0.0,100.0,ALLOW,No alert required.
TXN000759,2026-01-15 16:50:43,140.93,True,NORMAL,NORMAL,0.5,0.0,100.0,ALLOW,No alert required.
TXN000760,2026-01-15 10:25:49,222.5,True,NORMAL,NORMAL,0.5,0.0,100.0,ALLOW,No alert required.
TXN000761,2026-01-15 01:40:45,125.34,True,NORMAL,NORMAL,0.5,0.0,100.0,ALLOW,No alert required.
TXN000762,2026-01-15 23:20:58,113.77,True,NORMAL,NORMAL,0.5,0.0,100.0,ALLOW,No alert required.
TXN000763,2026-01-15 23:44:22,840.49,True,NORMAL,NORMAL,0.5,0.0,52.0,MONITOR,No alert required.
TXN000764,2026-01-15 23:47:56,41.25,True,NORMAL,NORMAL,0.5,0.0,100.0,ALLOW,No alert required.
TXN000765,2026-01-15 02:01:01,3460.74,True,NORMAL,NORMAL,0.5,0.0,57.0,MONITOR,No alert required.
TXN000766,2026-01-15 23:03:53,18.11,True,NORMAL,NORMAL,0.5,0.0,100.0,ALLOW,No alert required.
TXN000767,2026-01-15 23:00:29,60.86,True,NORMAL,NORMAL,0.5,0.0,100.0,ALLOW,No alert required.
TXN000768,2026-01-15 04:45:24,97.8,True,NORMAL,NORMAL,0.5,0.0,100.0,ALLOW,No alert required.
TXN000769,2026-01-15 02:45:27,4076.34,True,NORMAL,NORMAL,0.5,0.0,45.0,DENY,ALERT: DENY - Transaction evaluated by Qypher response policy.
TXN000770,2026-01-15 02:23:43,174.93,True,NORMAL,NORMAL,0.5,0.0,100.0,ALLOW,No alert required.
TXN000771,2026-01-15 15:46:26,130.9,True,NORMAL,NORMAL,0.5,0.0,100.0,ALLOW,No alert required.
TXN000772,2026-01-15 03:44:13,170.49,True,NORMAL,NORMAL,0.5,0.0,100.0,ALLOW,No alert required.
TXN000773,2026-01-15 13:07:07,158.2,True,NORMAL,NORMAL,0.5,0.0,100.0,ALLOW,No alert required.
TXN000774,2026-01-15 04:31:01,4078.42,True,NORMAL,NORMAL,0.5,0.0,45.0,DENY,ALERT: DENY - Transaction evaluated by Qypher response policy.
TXN000775,2026-01-15 15:00:07,80.99,True,NORMAL,NORMAL,0.5,0.0,100.0,ALLOW,No alert required.
TXN000776,2026-01-15 12:30:53,153.3,True,NORMAL,NORMAL,0.5,0.0,100.0,ALLOW,No alert required.
TXN000777,2026-01-15 23:20:05,79.33,True,NORMAL,NORMAL,0.5,0.0,100.0,ALLOW,No alert required.
TXN000778,2026-01-15 14:47:17,107.24,True,NORMAL,NORMAL,0.5,0.0,100.0,ALLOW,No alert required.
TXN000779,2026-01-15 03:41:35,98.7,True,NORMAL,NORMAL,0.5,0.0,100.0,ALLOW,No alert required.
TXN000780,2026-01-15 00:17:50,147.18,True,NORMAL,NORMAL,0.5,0.0,100.0,ALLOW,No alert required.
TXN000781,2026-01-15 10:27:11,53.72,True,NORMAL,NORMAL,0.5,0.0,100.0,ALLOW,No alert required.
TXN000782,2026-01-15 04:11:16,171.87,True,NORMAL,NORMAL,0.5,0.0,100.0,ALLOW,No alert required.
TXN000783,2026-01-15 05:01:45,64.41,True,NORMAL,NORMAL,0.5,0.0,100.0,ALLOW,No alert required.
TXN000784,2026-01-15 03:03:12,154.34,True,NORMAL,NORMAL,0.5,0.0,100.0,ALLOW,No alert required.
TXN000785,2026-01-15 10:29:35,79.27,True,NORMAL,NORMAL,0.5,0.0,100.0,ALLOW,No alert required.
TXN000786,2026-01-15 18:43:06,170.56,True,NORMAL,NORMAL,0.5,0.0,100.0,ALLOW,No alert required.
TXN000787,2026-01-15 02:23:34,703.8,True,NORMAL,NORMAL,0.5,0.0,52.0,MONITOR,No alert required.
TXN000788,2026-01-15 09:41:10,111.64,True,NORMAL,NORMAL,0.5,0.0,100.0,ALLOW,No alert required.
TXN000789,2026-01-15 20:13:37,135.66,True,NORMAL,NORMAL,0.5,0.0,100.0,ALLOW,No alert required.
TXN000790,2026-01-15 03:53:08,73.35,True,NORMAL,NORMAL,0.5,0.0,100.0,ALLOW,No alert required.
TXN000791,2026-01-15 10:40:16,122.59,True,NORMAL,NORMAL,0.5,0.0,100.0,ALLOW,No alert required.
TXN000792,2026-01-15 10:01:58,91.01,True,NORMAL,NORMAL,0.5,0.0,100.0,ALLOW,No alert required.
TXN000793,2026-01-15 22:45:31,162.51,True,NORMAL,NORMAL,0.5,0.0,100.0,ALLOW,No alert required.
TXN000794,2026-01-15 03:22:52,64.19,True,NORMAL,NORMAL,0.5,0.0,100.0,ALLOW,No alert required.
TXN000795,2026-01-15 05:59:12,3286.11,True,NORMAL,NORMAL,0.5,0.0,57.0,MONITOR,No alert required.
TXN000796,2026-01-15 02:52:39,176.62,True,NORMAL,NORMAL,0.5,0.0,100.0,ALLOW,No alert required.
TXN000797,2026-01-15 22:45:38,28.86,True,NORMAL,NORMAL,0.5,0.0,100.0,ALLOW,No alert required.
TXN000798,2026-01-15 06:42:47,175.98,True,NORMAL,NORMAL,0.5,0.0,100.0,ALLOW,No alert required.
TXN000799,2026-01-15 07:56:33,178.63,True,NORMAL,NORMAL,0.5,0.0,100.0,ALLOW,No alert required.
TXN000800,2026-01-15 17:56:29,133.65,True,NORMAL,NORMAL,0.5,0.0,100.0,ALLOW,No alert required.
TXN000801,2026-01-15 14:31:23,57.25,True,NORMAL,NORMAL,0.5,0.0,100.0,ALLOW,No alert required.
TXN000802,2026-01-15 10:05:56,172.82,True,NORMAL,NORMAL,0.5,0.0,100.0,ALLOW,No alert required.
TXN000803,2026-01-15 02:40:40,147.37,True,NORMAL,NORMAL,0.5,0.0,100.0,ALLOW,No alert required.
TXN000804,2026-01-15 08:15:06,149.68,True,NORMAL,NORMAL,0.5,0.0,100.0,ALLOW,No alert required.
TXN000805,2026-01-15 03:40:28,165.84,True,NORMAL,NORMAL,0.5,0.0,100.0,ALLOW,No alert required.
TXN000806,2026-01-15 04:03:58,116.45,True,NORMAL,NORMAL,0.5,0.0,100.0,ALLOW,No alert required.
TXN000807,2026-01-15 09:54:24,156.98,True,NORMAL,NORMAL,0.5,0.0,100.0,ALLOW,No alert required.
TXN000808,2026-01-15 14:50:27,193.05,True,NORMAL,NORMAL,0.5,0.0,100.0,ALLOW,No alert required.
TXN000809,2026-01-15 18:12:06,144.2,True,NORMAL,NORMAL,0.5,0.0,100.0,ALLOW,No alert required.
TXN000810,2026-01-15 08:22:26,82.14,True,NORMAL,NORMAL,0.5,0.0,100.0,ALLOW,No alert required.
TXN000811,2026-01-15 13:32:41,160.49,True,NORMAL,NORMAL,0.5,0.0,100.0,ALLOW,No alert required.
TXN000812,2026-01-15 05:18:23,2627.01,True,NORMAL,NORMAL,0.5,0.0,57.0,MONITOR,No alert required.
TXN000813,2026-01-15 13:22:12,42.19,True,NORMAL,NORMAL,0.5,0.0,100.0,ALLOW,No alert required.
TXN000814,2026-01-15 22:21:54,97.5,True,NORMAL,NORMAL,0.5,0.0,100.0,ALLOW,No alert required.
TXN000815,2026-01-15 01:31:14,116.07,True,NORMAL,NORMAL,0.5,0.0,100.0,ALLOW,No alert required.
TXN000816,2026-01-15 10:51:47,150.43,True,NORMAL,NORMAL,0.5,0.0,100.0,ALLOW,No alert required.
TXN000817,2026-01-15 17:07:09,165.16,True,NORMAL,NORMAL,0.5,0.0,100.0,ALLOW,No alert required.
TXN000818,2026-01-15 09:11:14,51.81,True,NORMAL,NORMAL,0.5,0.0,100.0,ALLOW,No alert required.
TXN000819,2026-01-15 03:01:53,67.53,True,NORMAL,NORMAL,0.5,0.0,100.0,ALLOW,No alert required.
TXN000820,2026-01-15 11:42:10,48.23,True,NORMAL,NORMAL,0.5,0.0,100.0,ALLOW,No alert required.
TXN000821,2026-01-15 17:24:44,166.57,True,NORMAL,NORMAL,0.5,0.0,100.0,ALLOW,No alert required.
TXN000822,2026-01-15 09:50:09,158.38,True,NORMAL,NORMAL,0.5,0.0,100.0,ALLOW,No alert required.
TXN000823,2026-01-15 06:46:05,154.34,True,NORMAL,NORMAL,0.5,0.0,100.0,ALLOW,No alert required.
TXN000824,2026-01-15 15:33:29,128.07,True,NORMAL,NORMAL,0.5,0.0,100.0,ALLOW,No alert required.
TXN000825,2026-01-15 06:40:58,2417.9,True,NORMAL,NORMAL,0.5,0.0,57.0,MONITOR,No alert required.
TXN000826,2026-01-15 09:27:56,85.23,True,NORMAL,NORMAL,0.5,0.0,100.0,ALLOW,No alert required.
TXN000827,2026-01-15 16:22:14,115.59,True,NORMAL,NORMAL,0.5,0.0,100.0,ALLOW,No alert required.
TXN000828,2026-01-15 15:20:17,49.74,True,NORMAL,NORMAL,0.5,0.0,100.0,ALLOW,No alert required.
TXN000829,2026-01-15 16:32:34,26.73,True,NORMAL,NORMAL,0.5,0.0,100.0,ALLOW,No alert required.
TXN000830,2026-01-15 06:43:21,129.96,True,NORMAL,NORMAL,0.5,0.0,100.0,ALLOW,No alert required.
TXN000831,2026-01-15 23:34:58,149.79,True,NORMAL,NORMAL,0.5,0.0,100.0,ALLOW,No alert required.
TXN000832,2026-01-15 18:48:41,48.69,True,NORMAL,NORMAL,0.5,0.0,100.0,ALLOW,No alert required.
TXN000833,2026-01-15 18:50:35,144.63,True,NORMAL,NORMAL,0.5,0.0,100.0,ALLOW,No alert required.
TXN000834,2026-01-15 22:26:13,33.62,True,NORMAL,NORMAL,0.5,0.0,100.0,ALLOW,No alert required.
TXN000835,2026-01-15 15:51:42,82.37,True,NORMAL,NORMAL,0.5,0.0,100.0,ALLOW,No alert required.
TXN000836,2026-01-15 09:20:37,57.8,True,NORMAL,NORMAL,0.5,0.0,100.0,ALLOW,No alert required.
TXN000837,2026-01-15 19:58:38,274.04,True,NORMAL,NORMAL,0.5,0.0,100.0,ALLOW,No alert required.
TXN000838,2026-01-15 10:36:28,27.73,True,NORMAL,NORMAL,0.5,0.0,100.0,ALLOW,No alert required.
TXN000839,2026-01-15 15:01:11,45.0,True,NORMAL,NORMAL,0.5,0.0,100.0,ALLOW,No alert required.
TXN000840,2026-01-15 11:33:00,36.7,True,NORMAL,NORMAL,0.5,0.0,100.0,ALLOW,No alert required.
TXN000841,2026-01-15 02:24:57,83.47,True,NORMAL,NORMAL,0.5,0.0,100.0,ALLOW,No alert required.
TXN000842,2026-01-15 04:37:12,4466.12,True,NORMAL,NORMAL,0.5,0.0,45.0,DENY,ALERT: DENY - Transaction evaluated by Qypher response policy.
TXN000843,2026-01-15 19:51:15,88.66,True,NORMAL,NORMAL,0.5,0.0,100.0,ALLOW,No alert required.
TXN000844,2026-01-15 14:22:44,149.98,True,NORMAL,NORMAL,0.5,0.0,100.0,ALLOW,No alert required.
TXN000845,2026-01-15 19:46:27,41.99,True,NORMAL,NORMAL,0.5,0.0,100.0,ALLOW,No alert required.
TXN000846,2026-01-15 05:17:56,205.87,True,NORMAL,NORMAL,0.5,0.0,100.0,ALLOW,No alert required.
TXN000847,2026-01-15 17:07:23,86.66,True,NORMAL,NORMAL,0.5,0.0,100.0,ALLOW,No alert required.
TXN000848,2026-01-15 02:40:44,136.81,True,NORMAL,NORMAL,0.5,0.0,100.0,ALLOW,No alert required.
TXN000849,2026-01-15 22:58:08,21.6,True,NORMAL,NORMAL,0.5,0.0,100.0,ALLOW,No alert required.
TXN000850,2026-01-15 04:30:52,113.19,True,NORMAL,NORMAL,0.5,0.0,100.0,ALLOW,No alert required.
TXN000851,2026-01-15 05:04:42,84.91,True,NORMAL,NORMAL,0.5,0.0,100.0,ALLOW,No alert required.
TXN000852,2026-01-15 17:13:28,127.36,True,NORMAL,NORMAL,0.5,0.0,100.0,ALLOW,No alert required.
TXN000853,2026-01-15 06:59:15,12.73,True,NORMAL,NORMAL,0.5,0.0,100.0,ALLOW,No alert required.
TXN000854,2026-01-15 21:42:04,17.48,True,NORMAL,NORMAL,0.5,0.0,100.0,ALLOW,No alert required.
TXN000855,2026-01-15 20:12:39,48.86,True,NORMAL,NORMAL,0.5,0.0,100.0,ALLOW,No alert required.
TXN000856,2026-01-15 12:41:20,75.87,True,NORMAL,NORMAL,0.5,0.0,100.0,ALLOW,No alert required.
TXN000857,2026-01-15 01:04:56,151.88,True,NORMAL,NORMAL,0.5,0.0,100.0,ALLOW,No alert required.
TXN000858,2026-01-15 18:10:16,200.39,True,NORMAL,NORMAL,0.5,0.0,100.0,ALLOW,No alert required.
TXN000859,2026-01-15 20:48:56,66.97,True,NORMAL,NORMAL,0.5,0.0,100.0,ALLOW,No alert required.
TXN000860,2026-01-15 20:47:14,21.77,True,NORMAL,NORMAL,0.5,0.0,100.0,ALLOW,No alert required.
TXN000861,2026-01-15 13:48:15,73.67,True,NORMAL,NORMAL,0.5,0.0,100.0,ALLOW,No alert required.
TXN000862,2026-01-15 01:15:59,52.52,True,NORMAL,NORMAL,0.5,0.0,100.0,ALLOW,No alert required.
TXN000863,2026-01-15 20:52:18,68.26,True,NORMAL,NORMAL,0.5,0.0,100.0,ALLOW,No alert required.
TXN000864,2026-01-15 03:51:43,2380.97,True,NORMAL,NORMAL,0.5,0.0,55.0,MONITOR,No alert required.
TXN000865,2026-01-15 02:12:03,25.6,True,NORMAL,NORMAL,0.5,0.0,100.0,ALLOW,No alert required.
TXN000866,2026-01-15 07:32:05,132.68,True,NORMAL,NORMAL,0.5,0.0,100.0,ALLOW,No alert required.
TXN000867,2026-01-15 09:36:28,23.6,True,NORMAL,NORMAL,0.5,0.0,100.0,ALLOW,No alert required.
TXN000868,2026-01-15 14:27:32,21.39,True,NORMAL,NORMAL,0.5,0.0,100.0,ALLOW,No alert required.
TXN000869,2026-01-15 09:38:34,119.48,True,NORMAL,NORMAL,0.5,0.0,100.0,ALLOW,No alert required.
TXN000870,2026-01-15 15:04:21,165.74,True,NORMAL,NORMAL,0.5,0.0,100.0,ALLOW,No alert required.
TXN000871,2026-01-15 11:31:25,149.16,True,NORMAL,NORMAL,0.5,0.0,100.0,ALLOW,No alert required.
TXN000872,2026-01-15 01:58:07,223.52,True,NORMAL,NORMAL,0.5,0.0,100.0,ALLOW,No alert required.
TXN000873,2026-01-15 11:32:45,167.51,True,NORMAL,NORMAL,0.5,0.0,100.0,ALLOW,No alert required.
TXN000874,2026-01-15 20:45:43,87.43,True,NORMAL,NORMAL,0.5,0.0,100.0,ALLOW,No alert required.
TXN000875,2026-01-15 21:53:10,77.6,True,NORMAL,NORMAL,0.5,0.0,100.0,ALLOW,No alert required.
TXN000876,2026-01-15 06:56:27,152.18,True,NORMAL,NORMAL,0.5,0.0,100.0,ALLOW,No alert required.
TXN000877,2026-01-15 23:26:48,142.04,True,NORMAL,NORMAL,0.5,0.0,100.0,ALLOW,No alert required.
TXN000878,2026-01-15 23:25:44,10.27,True,NORMAL,NORMAL,0.5,0.0,100.0,ALLOW,No alert required.
TXN000879,2026-01-15 20:18:46,41.69,True,NORMAL,NORMAL,0.5,0.0,100.0,ALLOW,No alert required.
TXN000880,2026-01-15 03:28:36,137.49,True,NORMAL,NORMAL,0.5,0.0,100.0,ALLOW,No alert required.
TXN000881,2026-01-15 13:28:40,59.83,True,NORMAL,NORMAL,0.5,0.0,100.0,ALLOW,No alert required.
TXN000882,2026-01-15 03:30:31,3556.84,True,NORMAL,NORMAL,0.5,0.0,55.0,MONITOR,No alert required.
TXN000883,2026-01-15 01:06:13,98.41,True,NORMAL,NORMAL,0.5,0.0,100.0,ALLOW,No alert required.
TXN000884,2026-01-15 10:38:27,148.86,True,NORMAL,NORMAL,0.5,0.0,100.0,ALLOW,No alert required.
TXN000885,2026-01-15 01:22:55,157.99,True,NORMAL,NORMAL,0.5,0.0,100.0,ALLOW,No alert required.
TXN000886,2026-01-15 00:38:07,86.83,True,NORMAL,NORMAL,0.5,0.0,100.0,ALLOW,No alert required.
TXN000887,2026-01-15 21:12:00,158.48,True,NORMAL,NORMAL,0.5,0.0,100.0,ALLOW,No alert required.
TXN000888,2026-01-15 07:38:31,132.39,True,NORMAL,NORMAL,0.5,0.0,100.0,ALLOW,No alert required.
TXN000889,2026-01-15 22:57:06,69.06,True,NORMAL,NORMAL,0.5,0.0,100.0,ALLOW,No alert required.
TXN000890,2026-01-15 22:32:02,151.5,True,NORMAL,NORMAL,0.5,0.0,100.0,ALLOW,No alert required.
TXN000891,2026-01-15 14:07:30,73.57,True,NORMAL,NORMAL,0.5,0.0,100.0,ALLOW,No alert required.
TXN000892,2026-01-15 13:45:01,47.46,True,NORMAL,NORMAL,0.5,0.0,100.0,ALLOW,No alert required.
TXN000893,2026-01-15 03:42:08,158.23,True,NORMAL,NORMAL,0.5,0.0,100.0,ALLOW,No alert required.
TXN000894,2026-01-15 20:21:24,76.81,True,NORMAL,NORMAL,0.5,0.0,100.0,ALLOW,No alert required.
TXN000895,2026-01-15 23:37:59,155.07,True,NORMAL,NORMAL,0.5,0.0,100.0,ALLOW,No alert required.
TXN000896,2026-01-15 18:34:12,232.92,True,NORMAL,NORMAL,0.5,0.0,100.0,ALLOW,No alert required.
TXN000897,2026-01-15 18:14:06,34.6,True,NORMAL,NORMAL,0.5,0.0,100.0,ALLOW,No alert required.
1,2026-09-01 09:47,10100.0,True,NORMAL,NORMAL,0.5,0.0,95.0,ALLOW,No alert required.
TXN000898,2026-01-15 23:09:38,2609.04,True,NORMAL,NORMAL,0.5,0.0,45.0,DENY,ALERT: DENY - Transaction evaluated by Qypher response policy.
2,2026-09-01 16:27,10800.0,True,NORMAL,NORMAL,0.5,0.0,95.0,ALLOW,No alert required.
TXN000899,2026-01-15 22:36:30,129.7,True,NORMAL,NORMAL,0.5,0.0,100.0,ALLOW,No alert required.
3,2026-09-02 15:12,13500.0,True,NORMAL,NORMAL,0.5,0.0,95.0,ALLOW,No alert required.
TXN000900,2026-01-15 22:13:54,155.65,True,NORMAL,NORMAL,0.5,0.0,100.0,ALLOW,No alert required.
TXN000901,2026-01-15 05:01:35,178.35,True,NORMAL,NORMAL,0.5,0.0,100.0,ALLOW,No alert required.
TXN000001,2026-01-15 20:21:07,16.88,True,NORMAL,NORMAL,0.5,0.0,100.0,ALLOW,No alert required.
4,2026-09-02 16:17,27900.0,True,NORMAL,NORMAL,0.5,0.0,95.0,ALLOW,No alert required.
TXN000902,2026-01-15 09:18:44,51.6,True,NORMAL,NORMAL,0.5,0.0,100.0,ALLOW,No alert required.
TXN000903,2026-01-15 22:19:29,128.31,True,NORMAL,NORMAL,0.5,0.0,100.0,ALLOW,No alert required.
TXN000002,2026-01-15 05:32:58,73.57,True,NORMAL,NORMAL,0.5,0.0,100.0,ALLOW,No alert required.
5,2026-09-03 10:48,8100.0,True,NORMAL,NORMAL,0.5,0.0,95.0,ALLOW,No alert required.
TXN000905,2026-01-15 13:43:53,175.61,True,NORMAL,NORMAL,0.5,0.0,100.0,ALLOW,No alert required.
TXN000003,2026-01-15 00:38:20,159.38,True,NORMAL,NORMAL,0.5,0.0,100.0,ALLOW,No alert required.
6,2026-09-03 16:16,16800.0,True,NORMAL,NORMAL,0.5,0.0,95.0,ALLOW,No alert required.
TXN000906,2026-01-15 05:37:27,1615.25,True,NORMAL,NORMAL,0.5,0.0,45.0,DENY,ALERT: DENY - Transaction evaluated by Qypher response policy.
7,2026-09-04 09:35,30500.0,True,NORMAL,NORMAL,0.5,0.0,95.0,ALLOW,No alert required.
TXN000907,2026-01-15 02:41:47,3102.87,True,NORMAL,NORMAL,0.5,0.0,57.0,MONITOR,No alert required.
8,2026-09-04 09:42,9700.0,True,NORMAL,NORMAL,0.5,0.0,95.0,ALLOW,No alert required.
TXN000908,2026-01-15 03:07:05,109.76,True,NORMAL,NORMAL,0.5,0.0,100.0,ALLOW,No alert required.
9,2026-09-05 13:17,12000.0,True,NORMAL,NORMAL,0.5,0.0,95.0,ALLOW,No alert required.
TXN000909,2026-01-15 03:50:37,97.15,True,NORMAL,NORMAL,0.5,0.0,100.0,ALLOW,No alert required.
10,2026-09-07 10:42,18600.0,True,NORMAL,NORMAL,0.5,0.0,95.0,ALLOW,No alert required.
TXN000910,2026-01-15 17:11:25,148.97,True,NORMAL,NORMAL,0.5,0.0,100.0,ALLOW,No alert required.
11,2026-09-07 15:46,8100.0,True,NORMAL,NORMAL,0.5,0.0,95.0,ALLOW,No alert required.
TXN000911,2026-01-15 06:42:57,104.3,True,NORMAL,NORMAL,0.5,0.0,100.0,ALLOW,No alert required.
12,2026-09-08 12:25,13600.0,True,NORMAL,NORMAL,0.5,0.0,95.0,ALLOW,No alert required.
TXN000912,2026-01-15 06:41:10,39.01,True,NORMAL,NORMAL,0.5,0.0,100.0,ALLOW,No alert required.
13,2026-09-08 17:20,6700.0,True,NORMAL,NORMAL,0.5,0.0,95.0,ALLOW,No alert required.
TXN000913,2026-01-15 05:27:42,170.86,True,NORMAL,NORMAL,0.5,0.0,100.0,ALLOW,No alert required.
14,2026-09-09 10:15,15200.0,True,NORMAL,NORMAL,0.5,0.0,95.0,ALLOW,No alert required.
TXN000914,2026-01-15 14:08:36,101.5,True,NORMAL,NORMAL,0.5,0.0,100.0,ALLOW,No alert required.
15,2026-09-09 10:41,18300.0,True,NORMAL,NORMAL,0.5,0.0,95.0,ALLOW,No alert required.
equired.,,,,,,,,,,
16,2026-09-10 09:55,10300.0,True,NORMAL,NORMAL,0.5,0.0,95.0,ALLOW,No alert required.
equired.,,,,,,,,,,
TXN000917,2026-01-15 21:27:44,187.24,True,NORMAL,NORMAL,0.5,0.0,100.0,ALLOW,No alert required.
18,2026-09-11 16:04,28700.0,True,NORMAL,NORMAL,0.5,0.0,95.0,ALLOW,No alert required.
equired.,,,,,,,,,,
TXN000919,2026-01-15 19:15:04,79.15,True,NORMAL,NORMAL,0.5,0.0,100.0,ALLOW,No alert required.
20,2026-09-12 17:46,13400.0,True,NORMAL,NORMAL,0.5,0.0,95.0,ALLOW,No alert required.
 required.,,,,,,,,,,
TXN000921,2026-01-15 03:11:33,99.92,True,NORMAL,NORMAL,0.5,0.0,100.0,ALLOW,No alert required.
TXN000922,2026-01-15 19:06:57,40.71,True,NORMAL,NORMAL,0.5,0.0,100.0,ALLOW,No alert required.
21,2026-09-14 02:16,448000.0,True,NORMAL,NORMAL,0.5,0.0,45.0,DENY,ALERT: DENY - Transaction evaluated by Qypher response policy.
TXN000923,2026-01-15 17:38:56,11.61,True,NORMAL,NORMAL,0.5,0.0,100.0,ALLOW,No alert required.
22,2026-09-14 02:22,223000.0,True,NORMAL,NORMAL,0.5,0.0,57.0,MONITOR,No alert required.
TXN000924,2026-01-15 12:36:47,125.3,True,NORMAL,NORMAL,0.5,0.0,100.0,ALLOW,No alert required.
TXN000925,2026-01-15 11:51:29,98.5,True,NORMAL,NORMAL,0.5,0.0,100.0,ALLOW,No alert required.
TXN000926,2026-01-15 20:54:05,188.63,True,NORMAL,NORMAL,0.5,0.0,100.0,ALLOW,No alert required.
23,2026-09-14 02:38,296000.0,True,NORMAL,NORMAL,0.5,0.0,45.0,DENY,ALERT: DENY - Transaction evaluated by Qypher response policy.
TXN000927,2026-01-15 18:03:05,173.57,True,NORMAL,NORMAL,0.5,0.0,100.0,ALLOW,No alert required.
24,2026-09-14 15:48,13900.0,True,NORMAL,NORMAL,0.5,0.0,95.0,ALLOW,No alert required.
TXN000928,2026-01-15 15:31:32,19.78,True,NORMAL,NORMAL,0.5,0.0,100.0,ALLOW,No alert required.
25,2026-09-14 17:32,16100.0,True,NORMAL,NORMAL,0.5,0.0,95.0,ALLOW,No alert required.
TXN000929,2026-01-15 22:34:47,86.27,True,NORMAL,NORMAL,0.5,0.0,100.0,ALLOW,No alert required.
TXN000930,2026-01-15 07:11:04,81.86,True,NORMAL,NORMAL,0.5,0.0,100.0,ALLOW,No alert required.
TXN000931,2026-01-15 21:15:53,92.13,True,NORMAL,NORMAL,0.5,0.0,100.0,ALLOW,No alert required.
26,2026-09-15 00:28,187000.0,True,NORMAL,NORMAL,0.5,0.0,45.0,DENY,ALERT: DENY - Transaction evaluated by Qypher response policy.
TXN000932,2026-01-15 12:13:59,258.76,True,NORMAL,NORMAL,0.5,0.0,100.0,ALLOW,No alert required.
TXN000933,2026-01-15 10:19:22,78.35,True,NORMAL,NORMAL,0.5,0.0,100.0,ALLOW,No alert required.
27,2026-09-15 00:33,339000.0,True,NORMAL,NORMAL,0.5,0.0,45.0,DENY,ALERT: DENY - Transaction evaluated by Qypher response policy.
TXN000934,2026-01-15 16:32:57,17.88,True,NORMAL,NORMAL,0.5,0.0,100.0,ALLOW,No alert required.
28,2026-09-15 00:51,178000.0,True,NORMAL,NORMAL,0.5,0.0,45.0,DENY,ALERT: DENY - Transaction evaluated by Qypher response policy.
TXN000935,2026-01-15 11:19:23,178.19,True,NORMAL,NORMAL,0.5,0.0,100.0,ALLOW,No alert required.
29,2026-09-15 10:03,13700.0,True,NORMAL,NORMAL,0.5,0.0,95.0,ALLOW,No alert required.
TXN000936,2026-01-15 06:00:22,852.97,True,NORMAL,NORMAL,0.5,0.0,52.0,MONITOR,No alert required.
30,2026-09-15 16:20,12000.0,True,NORMAL,NORMAL,0.5,0.0,95.0,ALLOW,No alert required.
TXN000937,2026-01-15 05:57:02,2300.16,True,NORMAL,NORMAL,0.5,0.0,45.0,DENY,ALERT: DENY - Transaction evaluated by Qypher response policy.
31,2026-09-16 11:33,7400.0,True,NORMAL,NORMAL,0.5,0.0,95.0,ALLOW,No alert required.
TXN000938,2026-01-15 22:08:20,45.85,True,NORMAL,NORMAL,0.5,0.0,100.0,ALLOW,No alert required.
32,2026-09-16 15:49,12900.0,True,NORMAL,NORMAL,0.5,0.0,95.0,ALLOW,No alert required.
TXN000939,2026-01-15 16:00:49,83.04,True,NORMAL,NORMAL,0.5,0.0,100.0,ALLOW,No alert required.
33,2026-09-17 11:25,8300.0,True,NORMAL,NORMAL,0.5,0.0,95.0,ALLOW,No alert required.
TXN000940,2026-01-15 09:31:05,57.48,True,NORMAL,NORMAL,0.5,0.0,100.0,ALLOW,No alert required.
34,2026-09-18 09:15,21300.0,True,NORMAL,NORMAL,0.5,0.0,95.0,ALLOW,No alert required.
TXN000941,2026-01-15 08:44:15,208.16,True,NORMAL,NORMAL,0.5,0.0,100.0,ALLOW,No alert required.
35,2026-09-18 16:14,9100.0,True,NORMAL,NORMAL,0.5,0.0,95.0,ALLOW,No alert required.
TXN000942,2026-01-15 05:12:54,32.49,True,NORMAL,NORMAL,0.5,0.0,100.0,ALLOW,No alert required.
36,2026-09-19 09:55,10900.0,True,NORMAL,NORMAL,0.5,0.0,95.0,ALLOW,No alert required.
TXN000943,2026-01-15 13:01:39,79.24,True,NORMAL,NORMAL,0.5,0.0,100.0,ALLOW,No alert required.
37,2026-09-19 10:34,30400.0,True,NORMAL,NORMAL,0.5,0.0,95.0,ALLOW,No alert required.
TXN000944,2026-01-15 10:27:30,98.77,True,NORMAL,NORMAL,0.5,0.0,100.0,ALLOW,No alert required.
38,2026-09-21 13:26,18500.0,True,NORMAL,NORMAL,0.5,0.0,95.0,ALLOW,No alert required.
TXN000945,2026-01-15 13:15:20,18.86,True,NORMAL,NORMAL,0.5,0.0,100.0,ALLOW,No alert required.
39,2026-09-21 14:51,6900.0,True,NORMAL,NORMAL,0.5,0.0,95.0,ALLOW,No alert required.
TXN000946,2026-01-15 19:06:27,66.83,True,NORMAL,NORMAL,0.5,0.0,100.0,ALLOW,No alert required.
40,2026-09-22 09:25,9900.0,True,NORMAL,NORMAL,0.5,0.0,95.0,ALLOW,No alert required.
TXN000947,2026-01-15 04:21:23,120.54,True,NORMAL,NORMAL,0.5,0.0,100.0,ALLOW,No alert required.
41,2026-09-22 15:28,7600.0,True,NORMAL,NORMAL,0.5,0.0,95.0,ALLOW,No alert required.
TXN000948,2026-01-15 02:40:47,3377.71,True,NORMAL,NORMAL,0.5,0.0,57.0,MONITOR,No alert required.
42,2026-09-23 14:51,9400.0,True,NORMAL,NORMAL,0.5,0.0,95.0,ALLOW,No alert required.
TXN000949,2026-01-15 17:39:21,132.53,True,NORMAL,NORMAL,0.5,0.0,100.0,ALLOW,No alert required.
43,2026-09-24 02:24,326000.0,True,NORMAL,NORMAL,0.5,0.0,45.0,DENY,ALERT: DENY - Transaction evaluated by Qypher response policy.
TXN000950,2026-01-15 08:57:56,137.99,True,NORMAL,NORMAL,0.5,0.0,100.0,ALLOW,No alert required.
TXN000951,2026-01-15 16:59:32,59.24,True,NORMAL,NORMAL,0.5,0.0,100.0,ALLOW,No alert required.
44,2026-09-24 02:33,263000.0,True,NORMAL,NORMAL,0.5,0.0,45.0,DENY,ALERT: DENY - Transaction evaluated by Qypher response policy.
TXN000952,2026-01-15 06:47:52,84.42,True,NORMAL,NORMAL,0.5,0.0,100.0,ALLOW,No alert required.
TXN000953,2026-01-15 19:17:13,47.03,True,NORMAL,NORMAL,0.5,0.0,100.0,ALLOW,No alert required.
45,2026-09-24 02:42,207000.0,True,NORMAL,NORMAL,0.5,0.0,45.0,DENY,ALERT: DENY - Transaction evaluated by Qypher response policy.
TXN000954,2026-01-15 14:32:45,247.87,True,NORMAL,NORMAL,0.5,0.0,100.0,ALLOW,No alert required.
46,2026-09-24 09:59,12300.0,True,NORMAL,NORMAL,0.5,0.0,95.0,ALLOW,No alert required.
TXN000955,2026-01-15 07:02:34,170.15,True,NORMAL,NORMAL,0.5,0.0,100.0,ALLOW,No alert required.
TXN_00000,2026-01-15 20:21:07,16.88,True,NORMAL,NORMAL,0.5,0.0,100.0,ALLOW,No alert required.
47,2026-09-24 13:57,6500.0,True,NORMAL,NORMAL,0.5,0.0,95.0,ALLOW,No alert required.
TXN000956,2026-01-15 01:41:15,192.43,True,NORMAL,NORMAL,0.5,0.0,100.0,ALLOW,No alert required.
TXN_00001,2026-01-15 05:32:58,74.07,True,NORMAL,NORMAL,0.5,0.0,100.0,ALLOW,No alert required.
48,2026-09-25 03:14,315000.0,True,NORMAL,NORMAL,0.5,0.0,57.0,MONITOR,No alert required.
TXN000957,2026-01-15 22:56:35,60.13,True,NORMAL,NORMAL,0.5,0.0,100.0,ALLOW,No alert required.
TXN_00002,2026-01-15 00:38:20,160.38,True,NORMAL,NORMAL,0.5,0.0,100.0,ALLOW,No alert required.
TXN000958,2026-01-15 07:46:17,121.74,True,NORMAL,NORMAL,0.5,0.0,100.0,ALLOW,No alert required.
TXN_00003,2026-01-15 02:46:31,196.95,True,NORMAL,NORMAL,0.5,0.0,100.0,ALLOW,No alert required.
49,2026-09-25 03:34,98000.0,True,NORMAL,NORMAL,0.5,0.0,45.0,DENY,ALERT: DENY - Transaction evaluated by Qypher response policy.
TXN000959,2026-01-15 23:47:44,47.51,True,NORMAL,NORMAL,0.5,0.0,100.0,ALLOW,No alert required.
TXN_00004,2026-01-15 19:27:13,181.18,True,NORMAL,NORMAL,0.5,0.0,100.0,ALLOW,No alert required.
TXN000960,2026-01-15 12:09:28,261.39,True,NORMAL,NORMAL,0.5,0.0,100.0,ALLOW,No alert required.
TXN_00005,2026-01-15 03:15:14,106.67,True,NORMAL,NORMAL,0.5,0.0,100.0,ALLOW,No alert required.
TXN000961,2026-01-15 05:12:36,62.73,True,NORMAL,NORMAL,0.5,0.0,100.0,ALLOW,No alert required.
luated by Qypher response policy.,,,,,,,,,,
TXN_00006,2026-01-15 01:14:04,53.46,True,NORMAL,NORMAL,0.5,0.0,100.0,ALLOW,No alert required.
51,2026-09-25 10:12,22000.0,True,NORMAL,NORMAL,0.5,0.0,95.0,ALLOW,No alert required.
equired.,,,,,,,,,,
TXN_00007,2026-01-15 18:36:30,29.54,True,NORMAL,NORMAL,0.5,0.0,100.0,ALLOW,No alert required.
TXN000963,2026-01-15 23:48:51,120.45,True,NORMAL,NORMAL,0.5,0.0,100.0,ALLOW,No alert required.
TXN_00008,2026-01-15 23:03:43,137.8,True,NORMAL,NORMAL,0.5,0.0,100.0,ALLOW,No alert required.
TXN000964,2026-01-15 01:08:15,169.56,True,NORMAL,NORMAL,0.5,0.0,100.0,ALLOW,No alert required.
TXN_00009,2026-01-15 17:28:08,56.97,True,NORMAL,NORMAL,0.5,0.0,100.0,ALLOW,No alert required.
TXN000965,2026-01-15 17:47:52,91.67,True,NORMAL,NORMAL,0.5,0.0,100.0,ALLOW,No alert required.
TXN_00010,2026-01-15 17:06:03,272.97,True,NORMAL,NORMAL,0.5,0.0,100.0,ALLOW,No alert required.
53,2026-09-26 02:10,162000.0,True,NORMAL,NORMAL,0.5,0.0,45.0,DENY,ALERT: DENY - Transaction evaluated by Qypher response policy.
54,2026-09-26 02:24,432000.0,True,NORMAL,NORMAL,0.5,0.0,57.0,MONITOR,No alert required.
55,2026-09-26 02:31,294000.0,True,NORMAL,NORMAL,0.5,0.0,57.0,MONITOR,No alert required.
TXN000966,2026-01-15 05:30:09,3834.71,True,NORMAL,NORMAL,0.5,0.0,45.0,DENY,ALERT: DENY - Transaction evaluated by Qypher response policy.
TXN_00011,2026-01-15 03:55:25,1713.27,True,NORMAL,NORMAL,0.5,0.0,45.0,DENY,ALERT: DENY - Transaction evaluated by Qypher response policy.
56,2026-09-26 09:32,8900.0,True,NORMAL,NORMAL,0.5,0.0,95.0,ALLOW,No alert required.
TXN000967,2026-01-15 03:32:56,14.08,True,NORMAL,NORMAL,0.5,0.0,100.0,ALLOW,No alert required.
TXN_00012,2026-01-15 09:27:44,73.65,True,NORMAL,NORMAL,0.5,0.0,100.0,ALLOW,No alert required.
57,2026-09-26 12:03,13100.0,True,NORMAL,NORMAL,0.5,0.0,95.0,ALLOW,No alert required.
TXN000968,2026-01-15 07:58:56,62.12,True,NORMAL,NORMAL,0.5,0.0,100.0,ALLOW,No alert required.
TXN_00013,2026-01-15 01:47:20,172.8,True,NORMAL,NORMAL,0.5,0.0,100.0,ALLOW,No alert required.
58,2026-09-28 13:07,8900.0,True,NORMAL,NORMAL,0.5,0.0,95.0,ALLOW,No alert required.
TXN_00014,2026-01-15 05:04:38,177.07,True,NORMAL,NORMAL,0.5,0.0,100.0,ALLOW,No alert required.
59,2026-09-28 13:42,11600.0,True,NORMAL,NORMAL,0.5,0.0,95.0,ALLOW,No alert required.
TXN_00015,2026-01-15 13:42:37,79.06,True,NORMAL,NORMAL,0.5,0.0,100.0,ALLOW,No alert required.
60,2026-09-29 17:45,8100.0,True,NORMAL,NORMAL,0.5,0.0,95.0,ALLOW,No alert required.
TXN_00016,2026-01-15 21:41:19,95.91,True,NORMAL,NORMAL,0.5,0.0,100.0,ALLOW,No alert required.
61,2026-09-30 09:34,10100.0,True,NORMAL,NORMAL,0.5,0.0,95.0,ALLOW,No alert required.
TXN_00017,2026-01-15 16:16:08,66.95,True,NORMAL,NORMAL,0.5,0.0,100.0,ALLOW,No alert required.
62,2026-09-30 14:20,16800.0,True,NORMAL,NORMAL,0.5,0.0,95.0,ALLOW,No alert required.
TXN_00018,2026-01-15 20:33:00,280.39,True,NORMAL,NORMAL,0.5,0.0,100.0,ALLOW,No alert required.
TXN_00019,2026-01-15 17:09:17,80.88,True,NORMAL,NORMAL,0.5,0.0,100.0,ALLOW,No alert required.
TXN000001,2026-01-15 20:21:07,16.88,True,NORMAL,NORMAL,0.5,0.0,100.0,ALLOW,No alert required.
TXN_00020,2026-01-15 01:05:40,76.7,True,NORMAL,NORMAL,0.5,0.0,100.0,ALLOW,No alert required.
63,2026-10-01 02:24,227000.0,True,NORMAL,NORMAL,0.5,0.0,45.0,DENY,ALERT: DENY - Transaction evaluated by Qypher response policy.
TXN000002,2026-01-15 05:32:58,73.57,True,NORMAL,NORMAL,0.5,0.0,100.0,ALLOW,No alert required.
TXN_00021,2026-01-15 14:35:45,46.97,True,NORMAL,NORMAL,0.5,0.0,100.0,ALLOW,No alert required.
64,2026-10-01 02:43,213000.0,True,NORMAL,NORMAL,0.5,0.0,57.0,MONITOR,No alert required.
TXN000003,2026-01-15 00:38:20,159.38,True,NORMAL,NORMAL,0.5,0.0,100.0,ALLOW,No alert required.
TXN_00022,2026-01-15 11:37:35,110.85,True,NORMAL,NORMAL,0.5,0.0,100.0,ALLOW,No alert required.
TXN000004,2026-01-15 02:46:31,195.45,True,NORMAL,NORMAL,0.5,0.0,100.0,ALLOW,No alert required.
TXN_00023,2026-01-15 11:13:43,171.8,True,NORMAL,NORMAL,0.5,0.0,100.0,ALLOW,No alert required.
TXN000005,2026-01-15 19:27:13,179.18,True,NORMAL,NORMAL,0.5,0.0,100.0,ALLOW,No alert required.
65,2026-10-01 02:45,106000.0,True,NORMAL,NORMAL,0.5,0.0,45.0,DENY,ALERT: DENY - Transaction evaluated by Qypher response policy.
TXN000006,2026-01-15 03:15:14,104.17,True,NORMAL,NORMAL,0.5,0.0,100.0,ALLOW,No alert required.
66,2026-10-01 10:23,13400.0,True,NORMAL,NORMAL,0.5,0.0,95.0,ALLOW,No alert required.
equired.,,,,,,,,,,
TXN000007,2026-01-15 01:14:04,50.46,True,NORMAL,NORMAL,0.5,0.0,100.0,ALLOW,No alert required.
TXN_00026,2026-01-15 14:22:19,90.74,True,NORMAL,NORMAL,0.5,0.0,100.0,ALLOW,No alert required.
TXN000008,2026-01-15 18:36:30,26.04,True,NORMAL,NORMAL,0.5,0.0,100.0,ALLOW,No alert required.
TXN_00027,2026-01-15 11:41:32,60.87,True,NORMAL,NORMAL,0.5,0.0,100.0,ALLOW,No alert required.
TXN000009,2026-01-15 23:03:43,133.8,True,NORMAL,NORMAL,0.5,0.0,100.0,ALLOW,No alert required.
TXN_00028,2026-01-15 08:02:06,148.7,True,NORMAL,NORMAL,0.5,0.0,100.0,ALLOW,No alert required.
TXN000010,2026-01-15 17:28:08,52.47,True,NORMAL,NORMAL,0.5,0.0,100.0,ALLOW,No alert required.
luated by Qypher response policy.,,,,,,,,,,
TXN_00029,2026-01-15 06:16:02,282.26,True,NORMAL,NORMAL,0.5,0.0,100.0,ALLOW,No alert required.
TXN000011,2026-01-15 17:06:03,267.97,True,NORMAL,NORMAL,0.5,0.0,100.0,ALLOW,No alert required.
TXN_00030,2026-01-15 21:12:23,78.37,True,NORMAL,NORMAL,0.5,0.0,100.0,ALLOW,No alert required.
TXN_00031,2026-01-15 09:42:26,66.12,True,NORMAL,NORMAL,0.5,0.0,100.0,ALLOW,No alert required.
TXN000012,2026-01-15 03:55:25,1707.77,True,NORMAL,NORMAL,0.5,0.0,45.0,DENY,ALERT: DENY - Transaction evaluated by Qypher response policy.
TXN000013,2026-01-15 09:27:44,67.65,True,NORMAL,NORMAL,0.5,0.0,100.0,ALLOW,No alert required.
TXN_00032,2026-01-15 02:39:36,1514.69,True,NORMAL,NORMAL,0.5,0.0,45.0,DENY,ALERT: DENY - Transaction evaluated by Qypher response policy.
TXN000014,2026-01-15 01:47:20,166.3,True,NORMAL,NORMAL,0.5,0.0,100.0,ALLOW,No alert required.
TXN_00033,2026-01-15 20:20:29,106.94,True,NORMAL,NORMAL,0.5,0.0,100.0,ALLOW,No alert required.
TXN_00000,2026-01-15 20:21:07,16.88,True,NORMAL,NORMAL,0.5,0.0,100.0,ALLOW,No alert required.
TXN000015,2026-01-15 05:04:38,170.07,True,NORMAL,NORMAL,0.5,0.0,100.0,ALLOW,No alert required.
TXN_00034,2026-01-15 02:18:32,255.61,True,NORMAL,NORMAL,0.5,0.0,100.0,ALLOW,No alert required.
TXN_00001,2026-01-15 05:32:58,74.07,True,NORMAL,NORMAL,0.5,0.0,100.0,ALLOW,No alert required.
TXN000016,2026-01-15 13:42:37,71.56,True,NORMAL,NORMAL,0.5,0.0,100.0,ALLOW,No alert required.
TXN_00035,2026-01-15 06:09:01,171.96,True,NORMAL,NORMAL,0.5,0.0,100.0,ALLOW,No alert required.
TXN_00002,2026-01-15 00:38:20,160.38,True,NORMAL,NORMAL,0.5,0.0,100.0,ALLOW,No alert required.
TXN000017,2026-01-15 21:41:19,87.91,True,NORMAL,NORMAL,0.5,0.0,100.0,ALLOW,No alert required.
TXN_00036,2026-01-15 06:45:44,53.09,True,NORMAL,NORMAL,0.5,0.0,100.0,ALLOW,No alert required.
TXN_00003,2026-01-15 02:46:31,196.95,True,NORMAL,NORMAL,0.5,0.0,100.0,ALLOW,No alert required.
TXN000018,2026-01-15 16:16:08,58.45,True,NORMAL,NORMAL,0.5,0.0,100.0,ALLOW,No alert required.
TXN_00037,2026-01-15 03:49:27,123.26,True,NORMAL,NORMAL,0.5,0.0,100.0,ALLOW,No alert required.
TXN_00004,2026-01-15 19:27:13,181.18,True,NORMAL,NORMAL,0.5,0.0,100.0,ALLOW,No alert required.
TXN000019,2026-01-15 20:33:00,271.39,True,NORMAL,NORMAL,0.5,0.0,100.0,ALLOW,No alert required.
TXN_00038,2026-01-15 14:42:33,201.64,True,NORMAL,NORMAL,0.5,0.0,100.0,ALLOW,No alert required.
TXN_00005,2026-01-15 03:15:14,106.67,True,NORMAL,NORMAL,0.5,0.0,100.0,ALLOW,No alert required.
TXN000020,2026-01-15 17:09:17,71.38,True,NORMAL,NORMAL,0.5,0.0,100.0,ALLOW,No alert required.
TXN_00039,2026-01-15 17:28:57,157.3,True,NORMAL,NORMAL,0.5,0.0,100.0,ALLOW,No alert required.
TXN_00006,2026-01-15 01:14:04,53.46,True,NORMAL,NORMAL,0.5,0.0,100.0,ALLOW,No alert required.
TXN000021,2026-01-15 01:05:40,66.7,True,NORMAL,NORMAL,0.5,0.0,100.0,ALLOW,No alert required.
TXN_00040,2026-01-15 15:40:15,69.86,True,NORMAL,NORMAL,0.5,0.0,100.0,ALLOW,No alert required.
TXN_00007,2026-01-15 18:36:30,29.54,True,NORMAL,NORMAL,0.5,0.0,100.0,ALLOW,No alert required.
TXN000022,2026-01-15 14:35:45,36.47,True,NORMAL,NORMAL,0.5,0.0,100.0,ALLOW,No alert required.
TXN_00041,2026-01-15 04:14:24,101.03,True,NORMAL,NORMAL,0.5,0.0,100.0,ALLOW,No alert required.
TXN_00008,2026-01-15 23:03:43,137.8,True,NORMAL,NORMAL,0.5,0.0,100.0,ALLOW,No alert required.
TXN000023,2026-01-15 11:37:35,99.85,True,NORMAL,NORMAL,0.5,0.0,100.0,ALLOW,No alert required.
TXN_00042,2026-01-15 12:57:49,32.0,True,NORMAL,NORMAL,0.5,0.0,100.0,ALLOW,No alert required.
TXN_00009,2026-01-15 17:28:08,56.97,True,NORMAL,NORMAL,0.5,0.0,100.0,ALLOW,No alert required.
TXN000024,2026-01-15 11:13:43,160.3,True,NORMAL,NORMAL,0.5,0.0,100.0,ALLOW,No alert required.
TXN_00043,2026-01-15 13:34:47,97.18,True,NORMAL,NORMAL,0.5,0.0,100.0,ALLOW,No alert required.
TXN_00010,2026-01-15 17:06:03,272.97,True,NORMAL,NORMAL,0.5,0.0,100.0,ALLOW,No alert required.
TXN000025,2026-01-15 07:55:10,216.35,True,NORMAL,NORMAL,0.5,0.0,100.0,ALLOW,No alert required.
TXN_00044,2026-01-15 21:51:25,198.72,True,NORMAL,NORMAL,0.5,0.0,100.0,ALLOW,No alert required.
TXN000026,2026-01-15 23:51:15,158.27,True,NORMAL,NORMAL,0.5,0.0,100.0,ALLOW,No alert required.
TXN_00011,2026-01-15 03:55:25,1713.27,True,NORMAL,NORMAL,0.5,0.0,45.0,DENY,ALERT: DENY - Transaction evaluated by Qypher response policy.
TXN_00045,2026-01-15 21:01:05,87.93,True,NORMAL,NORMAL,0.5,0.0,100.0,ALLOW,No alert required.
TXN000027,2026-01-15 14:22:19,77.74,True,NORMAL,NORMAL,0.5,0.0,100.0,ALLOW,No alert required.
TXN_00012,2026-01-15 09:27:44,73.65,True,NORMAL,NORMAL,0.5,0.0,100.0,ALLOW,No alert required.
TXN_00046,2026-01-15 10:48:56,174.93,True,NORMAL,NORMAL,0.5,0.0,100.0,ALLOW,No alert required.
TXN000028,2026-01-15 11:41:32,47.37,True,NORMAL,NORMAL,0.5,0.0,100.0,ALLOW,No alert required.
TXN_00013,2026-01-15 01:47:20,172.8,True,NORMAL,NORMAL,0.5,0.0,100.0,ALLOW,No alert required.
TXN_00047,2026-01-15 07:41:04,67.39,True,NORMAL,NORMAL,0.5,0.0,100.0,ALLOW,No alert required.
TXN000029,2026-01-15 08:02:06,134.7,True,NORMAL,NORMAL,0.5,0.0,100.0,ALLOW,No alert required.
TXN_00014,2026-01-15 05:04:38,177.07,True,NORMAL,NORMAL,0.5,0.0,100.0,ALLOW,No alert required.
TXN_00048,2026-01-15 01:36:13,3679.61,True,NORMAL,NORMAL,0.5,0.0,45.0,DENY,ALERT: DENY - Transaction evaluated by Qypher response policy.
TXN000030,2026-01-15 06:16:02,267.76,True,NORMAL,NORMAL,0.5,0.0,100.0,ALLOW,No alert required.
TXN_00015,2026-01-15 13:42:37,79.06,True,NORMAL,NORMAL,0.5,0.0,100.0,ALLOW,No alert required.
TXN_00049,2026-01-15 03:37:01,296.58,True,NORMAL,NORMAL,0.5,0.0,100.0,ALLOW,No alert required.
TXN000031,2026-01-15 21:12:23,63.37,True,NORMAL,NORMAL,0.5,0.0,100.0,ALLOW,No alert required.
TXN_00016,2026-01-15 21:41:19,95.91,True,NORMAL,NORMAL,0.5,0.0,100.0,ALLOW,No alert required.
TXN_00050,2026-01-15 07:06:44,168.05,True,NORMAL,NORMAL,0.5,0.0,100.0,ALLOW,No alert required.
TXN000032,2026-01-15 09:42:26,50.62,True,NORMAL,NORMAL,0.5,0.0,100.0,ALLOW,No alert required.
TXN_00017,2026-01-15 16:16:08,66.95,True,NORMAL,NORMAL,0.5,0.0,100.0,ALLOW,No alert required.
TXN_00051,2026-01-15 16:41:21,159.42,True,NORMAL,NORMAL,0.5,0.0,100.0,ALLOW,No alert required.
TXN_00018,2026-01-15 20:33:00,280.39,True,NORMAL,NORMAL,0.5,0.0,100.0,ALLOW,No alert required.
TXN000033,2026-01-15 02:39:36,1498.69,True,NORMAL,NORMAL,0.5,0.0,45.0,DENY,ALERT: DENY - Transaction evaluated by Qypher response policy.
TXN_00052,2026-01-15 04:27:11,261.83000000000004,True,NORMAL,NORMAL,0.5,0.0,100.0,ALLOW,No alert required.
TXN_00019,2026-01-15 17:09:17,80.88,True,NORMAL,NORMAL,0.5,0.0,100.0,ALLOW,No alert required.
TXN000034,2026-01-15 20:20:29,90.44,True,NORMAL,NORMAL,0.5,0.0,100.0,ALLOW,No alert required.
TXN_00053,2026-01-15 23:37:17,186.38,True,NORMAL,NORMAL,0.5,0.0,100.0,ALLOW,No alert required.
TXN_00020,2026-01-15 01:05:40,76.7,True,NORMAL,NORMAL,0.5,0.0,100.0,ALLOW,No alert required.
TXN000035,2026-01-15 02:18:32,238.61,True,NORMAL,NORMAL,0.5,0.0,100.0,ALLOW,No alert required.
TXN_00054,2026-01-15 12:21:01,73.06,True,NORMAL,NORMAL,0.5,0.0,100.0,ALLOW,No alert required.
TXN_00021,2026-01-15 14:35:45,46.97,True,NORMAL,NORMAL,0.5,0.0,100.0,ALLOW,No alert required.
TXN000036,2026-01-15 06:09:01,154.46,True,NORMAL,NORMAL,0.5,0.0,100.0,ALLOW,No alert required.
TXN_00055,2026-01-15 22:56:17,78.53,True,NORMAL,NORMAL,0.5,0.0,100.0,ALLOW,No alert required.
TXN_00022,2026-01-15 11:37:35,110.85,True,NORMAL,NORMAL,0.5,0.0,100.0,ALLOW,No alert required.
TXN000037,2026-01-15 06:45:44,35.09,True,NORMAL,NORMAL,0.5,0.0,100.0,ALLOW,No alert required.
TXN_00056,2026-01-15 15:41:45,88.02000000000001,True,NORMAL,NORMAL,0.5,0.0,100.0,ALLOW,No alert required.
TXN_00023,2026-01-15 11:13:43,171.8,True,NORMAL,NORMAL,0.5,0.0,100.0,ALLOW,No alert required.
TXN000038,2026-01-15 03:49:27,104.76,True,NORMAL,NORMAL,0.5,0.0,100.0,ALLOW,No alert required.
TXN_00024,2026-01-15 07:55:10,228.35,True,NORMAL,NORMAL,0.5,0.0,100.0,ALLOW,No alert required.
TXN000039,2026-01-15 14:42:33,182.64,True,NORMAL,NORMAL,0.5,0.0,100.0,ALLOW,No alert required.
TXN_00057,2026-01-15 05:30:35,3399.35,True,NORMAL,NORMAL,0.5,0.0,45.0,DENY,ALERT: DENY - Transaction evaluated by Qypher response policy.
TXN000040,2026-01-15 17:28:57,137.8,True,NORMAL,NORMAL,0.5,0.0,100.0,ALLOW,No alert required.
TXN_00026,2026-01-15 14:22:19,90.74,True,NORMAL,NORMAL,0.5,0.0,100.0,ALLOW,No alert required.
TXN_00027,2026-01-15 11:41:32,60.87,True,NORMAL,NORMAL,0.5,0.0,100.0,ALLOW,No alert required.
TXN000043,2026-01-15 12:57:49,11.0,True,NORMAL,NORMAL,0.5,0.0,100.0,ALLOW,No alert required.
TXN_00061,2026-01-15 03:55:00,115.38,True,NORMAL,NORMAL,0.5,0.0,100.0,ALLOW,No alert required.
TXN000045,2026-01-15 21:51:25,176.72,True,NORMAL,NORMAL,0.5,0.0,100.0,ALLOW,No alert required.
TXN_00063,2026-01-15 09:05:15,209.65,True,NORMAL,NORMAL,0.5,0.0,100.0,ALLOW,No alert required.
TXN000047,2026-01-15 10:48:56,151.93,True,NORMAL,NORMAL,0.5,0.0,100.0,ALLOW,No alert required.
TXN000048,2026-01-15 07:41:04,43.89,True,NORMAL,NORMAL,0.5,0.0,100.0,ALLOW,No alert required.
TXN_00032,2026-01-15 02:39:36,1514.69,True,NORMAL,NORMAL,0.5,0.0,45.0,DENY,ALERT: DENY - Transaction evaluated by Qypher response policy.
TXN_00033,2026-01-15 20:20:29,106.94,True,NORMAL,NORMAL,0.5,0.0,100.0,ALLOW,No alert required.
tion evaluated by Qypher response policy.,,,,,,,,,,
TXN000049,2026-01-15 01:36:13,3655.61,True,NORMAL,NORMAL,0.5,0.0,45.0,DENY,ALERT: DENY - Transaction evaluated by Qypher response policy.
TXN000050,2026-01-15 03:37:01,272.08,True,NORMAL,NORMAL,0.5,0.0,100.0,ALLOW,No alert required.
TXN000051,2026-01-15 07:06:44,143.05,True,NORMAL,NORMAL,0.5,0.0,100.0,ALLOW,No alert required.
TXN_00067,2026-01-15 04:50:50,2802.84,True,NORMAL,NORMAL,0.5,0.0,45.0,DENY,ALERT: DENY - Transaction evaluated by Qypher response policy.
TXN000052,2026-01-15 16:41:21,133.92,True,NORMAL,NORMAL,0.5,0.0,100.0,ALLOW,No alert required.
TXN_00068,2026-01-15 04:04:03,65.14,True,NORMAL,NORMAL,0.5,0.0,100.0,ALLOW,No alert required.
TXN000053,2026-01-15 04:27:11,235.83,True,NORMAL,NORMAL,0.5,0.0,100.0,ALLOW,No alert required.
TXN_00069,2026-01-15 16:34:31,169.37,True,NORMAL,NORMAL,0.5,0.0,100.0,ALLOW,No alert required.
TXN000054,2026-01-15 23:37:17,159.88,True,NORMAL,NORMAL,0.5,0.0,100.0,ALLOW,No alert required.
TXN_00070,2026-01-15 21:53:55,207.74,True,NORMAL,NORMAL,0.5,0.0,100.0,ALLOW,No alert required.
TXN_00040,2026-01-15 15:40:15,69.86,True,NORMAL,NORMAL,0.5,0.0,100.0,ALLOW,No alert required.
TXN_00071,2026-01-15 14:58:17,315.08,True,NORMAL,NORMAL,0.5,0.0,100.0,ALLOW,No alert required.
TXN_00041,2026-01-15 04:14:24,101.03,True,NORMAL,NORMAL,0.5,0.0,100.0,ALLOW,No alert required.
TXN_00072,2026-01-15 03:54:10,232.22,True,NORMAL,NORMAL,0.5,0.0,100.0,ALLOW,No alert required.
TXN_00042,2026-01-15 12:57:49,32.0,True,NORMAL,NORMAL,0.5,0.0,100.0,ALLOW,No alert required.
TXN_00073,2026-01-15 10:16:20,178.16,True,NORMAL,NORMAL,0.5,0.0,100.0,ALLOW,No alert required.
TXN_00043,2026-01-15 13:34:47,97.18,True,NORMAL,NORMAL,0.5,0.0,100.0,ALLOW,No alert required.
TXN_00074,2026-01-15 15:40:28,140.37,True,NORMAL,NORMAL,0.5,0.0,100.0,ALLOW,No alert required.
TXN_00044,2026-01-15 21:51:25,198.72,True,NORMAL,NORMAL,0.5,0.0,100.0,ALLOW,No alert required.
TXN000058,2026-01-15 05:30:35,3370.85,True,NORMAL,NORMAL,0.5,0.0,45.0,DENY,ALERT: DENY - Transaction evaluated by Qypher response policy.
TXN_00045,2026-01-15 21:01:05,87.93,True,NORMAL,NORMAL,0.5,0.0,100.0,ALLOW,No alert required.
TXN000059,2026-01-15 07:07:46,171.65,True,NORMAL,NORMAL,0.5,0.0,100.0,ALLOW,No alert required.
TXN_00046,2026-01-15 10:48:56,174.93,True,NORMAL,NORMAL,0.5,0.0,100.0,ALLOW,No alert required.
TXN000060,2026-01-15 08:46:37,242.47,True,NORMAL,NORMAL,0.5,0.0,100.0,ALLOW,No alert required.
TXN_00047,2026-01-15 07:41:04,67.39,True,NORMAL,NORMAL,0.5,0.0,100.0,ALLOW,No alert required.
TXN000061,2026-01-15 22:34:08,59.66,True,NORMAL,NORMAL,0.5,0.0,100.0,ALLOW,No alert required.
TXN_00079,2026-01-15 04:28:34,179.19,True,NORMAL,NORMAL,0.5,0.0,100.0,ALLOW,No alert required.
TXN000063,2026-01-15 15:07:52,172.95,True,NORMAL,NORMAL,0.5,0.0,100.0,ALLOW,No alert required.
TXN_00048,2026-01-15 01:36:13,3679.61,True,NORMAL,NORMAL,0.5,0.0,45.0,DENY,ALERT: DENY - Transaction evaluated by Qypher response policy.
TXN000064,2026-01-15 09:05:15,178.15,True,NORMAL,NORMAL,0.5,0.0,100.0,ALLOW,No alert required.
required.,,,,,,,,,,
TXN_00049,2026-01-15 03:37:01,296.58,True,NORMAL,NORMAL,0.5,0.0,100.0,ALLOW,No alert required.
TXN000065,2026-01-15 14:19:55,184.92,True,NORMAL,NORMAL,0.5,0.0,100.0,ALLOW,No alert required.
TXN_00050,2026-01-15 07:06:44,168.05,True,NORMAL,NORMAL,0.5,0.0,100.0,ALLOW,No alert required.
TXN_00083,2026-01-15 08:21:39,289.34000000000003,True,NORMAL,NORMAL,0.5,0.0,100.0,ALLOW,No alert required.
TXN_00051,2026-01-15 16:41:21,159.42,True,NORMAL,NORMAL,0.5,0.0,100.0,ALLOW,No alert required.
TXN_00084,2026-01-15 22:56:48,76.61,True,NORMAL,NORMAL,0.5,0.0,100.0,ALLOW,No alert required.
TXN_00052,2026-01-15 04:27:11,261.83000000000004,True,NORMAL,NORMAL,0.5,0.0,100.0,ALLOW,No alert required.
TXN000066,2026-01-15 03:40:13,2797.57,True,NORMAL,NORMAL,0.5,0.0,45.0,DENY,ALERT: DENY - Transaction evaluated by Qypher response policy.
TXN_00085,2026-01-15 23:05:27,170.48000000000002,True,NORMAL,NORMAL,0.5,0.0,100.0,ALLOW,No alert required.
TXN_00053,2026-01-15 23:37:17,186.38,True,NORMAL,NORMAL,0.5,0.0,100.0,ALLOW,No alert required.
TXN000067,2026-01-15 14:44:38,58.98,True,NORMAL,NORMAL,0.5,0.0,100.0,ALLOW,No alert required.
TXN_00086,2026-01-15 09:22:23,123.05,True,NORMAL,NORMAL,0.5,0.0,100.0,ALLOW,No alert required.
TXN_00054,2026-01-15 12:21:01,73.06,True,NORMAL,NORMAL,0.5,0.0,100.0,ALLOW,No alert required.
TXN_00087,2026-01-15 19:55:24,77.83,True,NORMAL,NORMAL,0.5,0.0,100.0,ALLOW,No alert required.
TXN_00055,2026-01-15 22:56:17,78.53,True,NORMAL,NORMAL,0.5,0.0,100.0,ALLOW,No alert required.
TXN_00088,2026-01-15 00:57:51,129.09,True,NORMAL,NORMAL,0.5,0.0,100.0,ALLOW,No alert required.
tion evaluated by Qypher response policy.,,,,,,,,,,
TXN_00056,2026-01-15 15:41:45,88.02000000000001,True,NORMAL,NORMAL,0.5,0.0,100.0,ALLOW,No alert required.
TXN000069,2026-01-15 04:04:03,31.14,True,NORMAL,NORMAL,0.5,0.0,100.0,ALLOW,No alert required.
TXN_00090,2026-01-15 09:44:18,214.93,True,NORMAL,NORMAL,0.5,0.0,100.0,ALLOW,No alert required.
TXN_00057,2026-01-15 05:30:35,3399.35,True,NORMAL,NORMAL,0.5,0.0,45.0,DENY,ALERT: DENY - Transaction evaluated by Qypher response policy.
TXN_00091,2026-01-15 09:49:51,234.66,True,NORMAL,NORMAL,0.5,0.0,100.0,ALLOW,No alert required.
TXN_00058,2026-01-15 07:07:46,200.65,True,NORMAL,NORMAL,0.5,0.0,100.0,ALLOW,No alert required.
TXN000072,2026-01-15 14:58:17,279.58,True,NORMAL,NORMAL,0.5,0.0,100.0,ALLOW,No alert required.
TXN_00059,2026-01-15 08:46:37,271.97,True,NORMAL,NORMAL,0.5,0.0,100.0,ALLOW,No alert required.
TXN_00093,2026-01-15 04:20:47,2763.74,True,NORMAL,NORMAL,0.5,0.0,57.0,MONITOR,No alert required.
TXN_00060,2026-01-15 22:34:08,89.66,True,NORMAL,NORMAL,0.5,0.0,100.0,ALLOW,No alert required.
TXN_00094,2026-01-15 08:58:52,136.62,True,NORMAL,NORMAL,0.5,0.0,100.0,ALLOW,No alert required.
TXN000075,2026-01-15 15:40:28,103.37,True,NORMAL,NORMAL,0.5,0.0,100.0,ALLOW,No alert required.
TXN_00095,2026-01-15 21:46:43,278.57,True,NORMAL,NORMAL,0.5,0.0,100.0,ALLOW,No alert required.
TXN000076,2026-01-15 03:01:40,103.64,True,NORMAL,NORMAL,0.5,0.0,100.0,ALLOW,No alert required.
TXN_00096,2026-01-15 21:47:43,93.47,True,NORMAL,NORMAL,0.5,0.0,100.0,ALLOW,No alert required.
TXN_00063,2026-01-15 09:05:15,209.65,True,NORMAL,NORMAL,0.5,0.0,100.0,ALLOW,No alert required.
TXN_00097,2026-01-15 17:20:58,213.1,True,NORMAL,NORMAL,0.5,0.0,100.0,ALLOW,No alert required.
TXN_00064,2026-01-15 14:19:55,216.92,True,NORMAL,NORMAL,0.5,0.0,100.0,ALLOW,No alert required.
TXN_00098,2026-01-15 01:19:31,82.06,True,NORMAL,NORMAL,0.5,0.0,100.0,ALLOW,No alert required.
TXN000079,2026-01-15 13:21:59,133.43,True,NORMAL,NORMAL,0.5,0.0,100.0,ALLOW,No alert required.
TXN_00099,2026-01-15 17:26:37,201.23,True,NORMAL,NORMAL,0.5,0.0,100.0,ALLOW,No alert required.
TXN000080,2026-01-15 04:28:34,139.69,True,NORMAL,NORMAL,0.5,0.0,100.0,ALLOW,No alert required.
TXN_00065,2026-01-15 03:40:13,2830.07,True,NORMAL,NORMAL,0.5,0.0,45.0,DENY,ALERT: DENY - Transaction evaluated by Qypher response policy.
TXN000081,2026-01-15 22:15:36,64.09,True,NORMAL,NORMAL,0.5,0.0,100.0,ALLOW,No alert required.
TXN_00066,2026-01-15 14:44:38,91.98,True,NORMAL,NORMAL,0.5,0.0,100.0,ALLOW,No alert required.
TXN000082,2026-01-15 21:50:52,31.46,True,NORMAL,NORMAL,0.5,0.0,100.0,ALLOW,No alert required.
TXN000083,2026-01-15 14:06:33,158.06,True,NORMAL,NORMAL,0.5,0.0,100.0,ALLOW,No alert required.
TXN000084,2026-01-15 08:21:39,247.84,True,NORMAL,NORMAL,0.5,0.0,100.0,ALLOW,No alert required.
TXN_00067,2026-01-15 04:50:50,2802.84,True,NORMAL,NORMAL,0.5,0.0,45.0,DENY,ALERT: DENY - Transaction evaluated by Qypher response policy.
TXN000085,2026-01-15 22:56:48,34.61,True,NORMAL,NORMAL,0.5,0.0,100.0,ALLOW,No alert required.
TXN_00068,2026-01-15 04:04:03,65.14,True,NORMAL,NORMAL,0.5,0.0,100.0,ALLOW,No alert required.
TXN000086,2026-01-15 23:05:27,127.98,True,NORMAL,NORMAL,0.5,0.0,100.0,ALLOW,No alert required.
TXN_00069,2026-01-15 16:34:31,169.37,True,NORMAL,NORMAL,0.5,0.0,100.0,ALLOW,No alert required.
TXN000087,2026-01-15 09:22:23,80.05,True,NORMAL,NORMAL,0.5,0.0,100.0,ALLOW,No alert required.
TXN_00070,2026-01-15 21:53:55,207.74,True,NORMAL,NORMAL,0.5,0.0,100.0,ALLOW,No alert required.
TXN000088,2026-01-15 19:55:24,34.33,True,NORMAL,NORMAL,0.5,0.0,100.0,ALLOW,No alert required.
TXN_00071,2026-01-15 14:58:17,315.08,True,NORMAL,NORMAL,0.5,0.0,100.0,ALLOW,No alert required.
TXN000089,2026-01-15 00:57:51,85.09,True,NORMAL,NORMAL,0.5,0.0,100.0,ALLOW,No alert required.
TXN_00072,2026-01-15 03:54:10,232.22,True,NORMAL,NORMAL,0.5,0.0,100.0,ALLOW,No alert required.
TXN000090,2026-01-15 13:44:16,155.07,True,NORMAL,NORMAL,0.5,0.0,100.0,ALLOW,No alert required.
TXN_00073,2026-01-15 10:16:20,178.16,True,NORMAL,NORMAL,0.5,0.0,100.0,ALLOW,No alert required.
TXN000091,2026-01-15 09:44:18,169.93,True,NORMAL,NORMAL,0.5,0.0,100.0,ALLOW,No alert required.
TXN_00074,2026-01-15 15:40:28,140.37,True,NORMAL,NORMAL,0.5,0.0,100.0,ALLOW,No alert required.
TXN000092,2026-01-15 09:49:51,189.16,True,NORMAL,NORMAL,0.5,0.0,100.0,ALLOW,No alert required.
TXN_00075,2026-01-15 03:01:40,141.14,True,NORMAL,NORMAL,0.5,0.0,100.0,ALLOW,No alert required.
TXN000093,2026-01-15 21:43:53,144.06,True,NORMAL,NORMAL,0.5,0.0,100.0,ALLOW,No alert required.
TXN_00076,2026-01-15 03:29:07,134.51,True,NORMAL,NORMAL,0.5,0.0,100.0,ALLOW,No alert required.
TXN000094,2026-01-15 04:20:47,2717.24,True,NORMAL,NORMAL,0.5,0.0,57.0,MONITOR,No alert required.
TXN_00077,2026-01-15 07:29:35,192.74,True,NORMAL,NORMAL,0.5,0.0,100.0,ALLOW,No alert required.
TXN000095,2026-01-15 08:58:52,89.62,True,NORMAL,NORMAL,0.5,0.0,100.0,ALLOW,No alert required.
TXN_00078,2026-01-15 13:21:59,172.43,True,NORMAL,NORMAL,0.5,0.0,100.0,ALLOW,No alert required.
TXN000096,2026-01-15 21:46:43,231.07,True,NORMAL,NORMAL,0.5,0.0,100.0,ALLOW,No alert required.
TXN_00079,2026-01-15 04:28:34,179.19,True,NORMAL,NORMAL,0.5,0.0,100.0,ALLOW,No alert required.
TXN000097,2026-01-15 21:47:43,45.47,True,NORMAL,NORMAL,0.5,0.0,100.0,ALLOW,No alert required.
TXN_00080,2026-01-15 22:15:36,104.09,True,NORMAL,NORMAL,0.5,0.0,100.0,ALLOW,No alert required.
TXN000098,2026-01-15 17:20:58,164.6,True,NORMAL,NORMAL,0.5,0.0,100.0,ALLOW,No alert required.
TXN_00081,2026-01-15 21:50:52,71.96000000000001,True,NORMAL,NORMAL,0.5,0.0,100.0,ALLOW,No alert required.
TXN000099,2026-01-15 01:19:31,33.06,True,NORMAL,NORMAL,0.5,0.0,100.0,ALLOW,No alert required.
TXN_00082,2026-01-15 14:06:33,199.06,True,NORMAL,NORMAL,0.5,0.0,100.0,ALLOW,No alert required.
TXN000100,2026-01-15 17:26:37,151.73,True,NORMAL,NORMAL,0.5,0.0,100.0,ALLOW,No alert required.
TXN_00083,2026-01-15 08:21:39,289.34000000000003,True,NORMAL,NORMAL,0.5,0.0,100.0,ALLOW,No alert required.
TXN000101,2026-01-15 22:23:13,26.89,True,NORMAL,NORMAL,0.5,0.0,100.0,ALLOW,No alert required.
TXN_00084,2026-01-15 22:56:48,76.61,True,NORMAL,NORMAL,0.5,0.0,100.0,ALLOW,No alert required.
TXN000102,2026-01-15 11:03:25,25.58,True,NORMAL,NORMAL,0.5,0.0,100.0,ALLOW,No alert required.
TXN_00085,2026-01-15 23:05:27,170.48000000000002,True,NORMAL,NORMAL,0.5,0.0,100.0,ALLOW,No alert required.
TXN000103,2026-01-15 01:50:21,151.07,True,NORMAL,NORMAL,0.5,0.0,100.0,ALLOW,No alert required.
TXN_00086,2026-01-15 09:22:23,123.05,True,NORMAL,NORMAL,0.5,0.0,100.0,ALLOW,No alert required.
TXN000104,2026-01-15 07:21:49,249.49,True,NORMAL,NORMAL,0.5,0.0,100.0,ALLOW,No alert required.
TXN_00087,2026-01-15 19:55:24,77.83,True,NORMAL,NORMAL,0.5,0.0,100.0,ALLOW,No alert required.
TXN000105,2026-01-15 05:07:42,144.3,True,NORMAL,NORMAL,0.5,0.0,100.0,ALLOW,No alert required.
TXN_00088,2026-01-15 00:57:51,129.09,True,NORMAL,NORMAL,0.5,0.0,100.0,ALLOW,No alert required.
TXN000106,2026-01-15 01:08:47,145.54,True,NORMAL,NORMAL,0.5,0.0,100.0,ALLOW,No alert required.
TXN_00089,2026-01-15 13:44:16,199.57,True,NORMAL,NORMAL,0.5,0.0,100.0,ALLOW,No alert required.
TXN_00090,2026-01-15 09:44:18,214.93,True,NORMAL,NORMAL,0.5,0.0,100.0,ALLOW,No alert required.
TXN_00091,2026-01-15 09:49:51,234.66,True,NORMAL,NORMAL,0.5,0.0,100.0,ALLOW,No alert required.
TXN_00092,2026-01-15 21:43:53,190.06,True,NORMAL,NORMAL,0.5,0.0,100.0,ALLOW,No alert required.
TXN_00093,2026-01-15 04:20:47,2763.74,True,NORMAL,NORMAL,0.5,0.0,57.0,MONITOR,No alert required.
TXN_00094,2026-01-15 08:58:52,136.62,True,NORMAL,NORMAL,0.5,0.0,100.0,ALLOW,No alert required.
TXN_00095,2026-01-15 21:46:43,278.57,True,NORMAL,NORMAL,0.5,0.0,100.0,ALLOW,No alert required.
TXN_00096,2026-01-15 21:47:43,93.47,True,NORMAL,NORMAL,0.5,0.0,100.0,ALLOW,No alert required.
TXN_00097,2026-01-15 17:20:58,213.1,True,NORMAL,NORMAL,0.5,0.0,100.0,ALLOW,No alert required.
TXN_00098,2026-01-15 01:19:31,82.06,True,NORMAL,NORMAL,0.5,0.0,100.0,ALLOW,No alert required.
TXN_00099,2026-01-15 17:26:37,201.23,True,NORMAL,NORMAL,0.5,0.0,100.0,ALLOW,No alert required.
TXN000001,2026-01-15 20:21:07,16.88,True,NORMAL,NORMAL,0.5,0.0,100.0,ALLOW,No alert required.
TXN000002,2026-01-15 05:32:58,73.57,True,NORMAL,NORMAL,0.5,0.0,100.0,ALLOW,No alert required.
TXN000003,2026-01-15 00:38:20,159.38,True,NORMAL,NORMAL,0.5,0.0,100.0,ALLOW,No alert required.
TXN000004,2026-01-15 02:46:31,195.45,True,NORMAL,NORMAL,0.5,0.0,100.0,ALLOW,No alert required.
TXN000005,2026-01-15 19:27:13,179.18,True,NORMAL,NORMAL,0.5,0.0,100.0,ALLOW,No alert required.
TXN000006,2026-01-15 03:15:14,104.17,True,NORMAL,NORMAL,0.5,0.0,100.0,ALLOW,No alert required.
TXN000007,2026-01-15 01:14:04,50.46,True,NORMAL,NORMAL,0.5,0.0,100.0,ALLOW,No alert required.
TXN000008,2026-01-15 18:36:30,26.04,True,NORMAL,NORMAL,0.5,0.0,100.0,ALLOW,No alert required.
TXN000009,2026-01-15 23:03:43,133.8,True,NORMAL,NORMAL,0.5,0.0,100.0,ALLOW,No alert required.
TXN000010,2026-01-15 17:28:08,52.47,True,NORMAL,NORMAL,0.5,0.0,100.0,ALLOW,No alert required.
TXN000011,2026-01-15 17:06:03,267.97,True,NORMAL,NORMAL,0.5,0.0,100.0,ALLOW,No alert required.
TXN000012,2026-01-15 03:55:25,1707.77,True,NORMAL,NORMAL,0.5,0.0,45.0,DENY,ALERT: DENY - Transaction evaluated by Qypher response policy.
TXN000013,2026-01-15 09:27:44,67.65,True,NORMAL,NORMAL,0.5,0.0,100.0,ALLOW,No alert required.
TXN000014,2026-01-15 01:47:20,166.3,True,NORMAL,NORMAL,0.5,0.0,100.0,ALLOW,No alert required.
TXN000015,2026-01-15 05:04:38,170.07,True,NORMAL,NORMAL,0.5,0.0,100.0,ALLOW,No alert required.
TXN000016,2026-01-15 13:42:37,71.56,True,NORMAL,NORMAL,0.5,0.0,100.0,ALLOW,No alert required.
TXN000017,2026-01-15 21:41:19,87.91,True,NORMAL,NORMAL,0.5,0.0,100.0,ALLOW,No alert required.
TXN000018,2026-01-15 16:16:08,58.45,True,NORMAL,NORMAL,0.5,0.0,100.0,ALLOW,No alert required.
TXN000019,2026-01-15 20:33:00,271.39,True,NORMAL,NORMAL,0.5,0.0,100.0,ALLOW,No alert required.
TXN000020,2026-01-15 17:09:17,71.38,True,NORMAL,NORMAL,0.5,0.0,100.0,ALLOW,No alert required.
TXN000021,2026-01-15 01:05:40,66.7,True,NORMAL,NORMAL,0.5,0.0,100.0,ALLOW,No alert required.
TXN000022,2026-01-15 14:35:45,36.47,True,NORMAL,NORMAL,0.5,0.0,100.0,ALLOW,No alert required.
TXN000023,2026-01-15 11:37:35,99.85,True,NORMAL,NORMAL,0.5,0.0,100.0,ALLOW,No alert required.
TXN000024,2026-01-15 11:13:43,160.3,True,NORMAL,NORMAL,0.5,0.0,100.0,ALLOW,No alert required.
TXN000025,2026-01-15 07:55:10,216.35,True,NORMAL,NORMAL,0.5,0.0,100.0,ALLOW,No alert required.
TXN000026,2026-01-15 23:51:15,158.27,True,NORMAL,NORMAL,0.5,0.0,100.0,ALLOW,No alert required.
TXN000027,2026-01-15 14:22:19,77.74,True,NORMAL,NORMAL,0.5,0.0,100.0,ALLOW,No alert required.
TXN000028,2026-01-15 11:41:32,47.37,True,NORMAL,NORMAL,0.5,0.0,100.0,ALLOW,No alert required.
TXN000029,2026-01-15 08:02:06,134.7,True,NORMAL,NORMAL,0.5,0.0,100.0,ALLOW,No alert required.
TXN000030,2026-01-15 06:16:02,267.76,True,NORMAL,NORMAL,0.5,0.0,100.0,ALLOW,No alert required.
TXN000031,2026-01-15 21:12:23,63.37,True,NORMAL,NORMAL,0.5,0.0,100.0,ALLOW,No alert required.
TXN000032,2026-01-15 09:42:26,50.62,True,NORMAL,NORMAL,0.5,0.0,100.0,ALLOW,No alert required.
TXN000033,2026-01-15 02:39:36,1498.69,True,NORMAL,NORMAL,0.5,0.0,45.0,DENY,ALERT: DENY - Transaction evaluated by Qypher response policy.
TXN000034,2026-01-15 20:20:29,90.44,True,NORMAL,NORMAL,0.5,0.0,100.0,ALLOW,No alert required.
TXN000035,2026-01-15 02:18:32,238.61,True,NORMAL,NORMAL,0.5,0.0,100.0,ALLOW,No alert required.
TXN000036,2026-01-15 06:09:01,154.46,True,NORMAL,NORMAL,0.5,0.0,100.0,ALLOW,No alert required.
TXN000037,2026-01-15 06:45:44,35.09,True,NORMAL,NORMAL,0.5,0.0,100.0,ALLOW,No alert required.
TXN000038,2026-01-15 03:49:27,104.76,True,NORMAL,NORMAL,0.5,0.0,100.0,ALLOW,No alert required.
TXN000039,2026-01-15 14:42:33,182.64,True,NORMAL,NORMAL,0.5,0.0,100.0,ALLOW,No alert required.
TXN000040,2026-01-15 17:28:57,137.8,True,NORMAL,NORMAL,0.5,0.0,100.0,ALLOW,No alert required.
TXN000041,2026-01-15 15:40:15,49.86,True,NORMAL,NORMAL,0.5,0.0,100.0,ALLOW,No alert required.
TXN000042,2026-01-15 04:14:24,80.53,True,NORMAL,NORMAL,0.5,0.0,100.0,ALLOW,No alert required.
TXN000043,2026-01-15 12:57:49,11.0,True,NORMAL,NORMAL,0.5,0.0,100.0,ALLOW,No alert required.
TXN000044,2026-01-15 13:34:47,75.68,True,NORMAL,NORMAL,0.5,0.0,100.0,ALLOW,No alert required.
TXN000045,2026-01-15 21:51:25,176.72,True,NORMAL,NORMAL,0.5,0.0,100.0,ALLOW,No alert required.
TXN000046,2026-01-15 21:01:05,65.43,True,NORMAL,NORMAL,0.5,0.0,100.0,ALLOW,No alert required.
TXN000047,2026-01-15 10:48:56,151.93,True,NORMAL,NORMAL,0.5,0.0,100.0,ALLOW,No alert required.
TXN000048,2026-01-15 07:41:04,43.89,True,NORMAL,NORMAL,0.5,0.0,100.0,ALLOW,No alert required.
TXN000049,2026-01-15 01:36:13,3655.61,True,NORMAL,NORMAL,0.5,0.0,45.0,DENY,ALERT: DENY - Transaction evaluated by Qypher response policy.
TXN000050,2026-01-15 03:37:01,272.08,True,NORMAL,NORMAL,0.5,0.0,100.0,ALLOW,No alert required.
TXN000051,2026-01-15 07:06:44,143.05,True,NORMAL,NORMAL,0.5,0.0,100.0,ALLOW,No alert required.
TXN000052,2026-01-15 16:41:21,133.92,True,NORMAL,NORMAL,0.5,0.0,100.0,ALLOW,No alert required.
TXN000053,2026-01-15 04:27:11,235.83,True,NORMAL,NORMAL,0.5,0.0,100.0,ALLOW,No alert required.
TXN000054,2026-01-15 23:37:17,159.88,True,NORMAL,NORMAL,0.5,0.0,100.0,ALLOW,No alert required.
TXN000055,2026-01-15 12:21:01,46.06,True,NORMAL,NORMAL,0.5,0.0,100.0,ALLOW,No alert required.
TXN000056,2026-01-15 22:56:17,51.03,True,NORMAL,NORMAL,0.5,0.0,100.0,ALLOW,No alert required.
TXN000057,2026-01-15 15:41:45,60.02,True,NORMAL,NORMAL,0.5,0.0,100.0,ALLOW,No alert required.
TXN000058,2026-01-15 05:30:35,3370.85,True,NORMAL,NORMAL,0.5,0.0,45.0,DENY,ALERT: DENY - Transaction evaluated by Qypher response policy.
TXN000059,2026-01-15 07:07:46,171.65,True,NORMAL,NORMAL,0.5,0.0,100.0,ALLOW,No alert required.
TXN000060,2026-01-15 08:46:37,242.47,True,NORMAL,NORMAL,0.5,0.0,100.0,ALLOW,No alert required.
TXN000061,2026-01-15 22:34:08,59.66,True,NORMAL,NORMAL,0.5,0.0,100.0,ALLOW,No alert required.
TXN000062,2026-01-15 03:55:00,84.88,True,NORMAL,NORMAL,0.5,0.0,100.0,ALLOW,No alert required.
TXN000063,2026-01-15 15:07:52,172.95,True,NORMAL,NORMAL,0.5,0.0,100.0,ALLOW,No alert required.
TXN000064,2026-01-15 09:05:15,178.15,True,NORMAL,NORMAL,0.5,0.0,100.0,ALLOW,No alert required.
TXN000065,2026-01-15 14:19:55,184.92,True,NORMAL,NORMAL,0.5,0.0,100.0,ALLOW,No alert required.
TXN000066,2026-01-15 03:40:13,2797.57,True,NORMAL,NORMAL,0.5,0.0,45.0,DENY,ALERT: DENY - Transaction evaluated by Qypher response policy.
TXN000067,2026-01-15 14:44:38,58.98,True,NORMAL,NORMAL,0.5,0.0,100.0,ALLOW,No alert required.
TXN000068,2026-01-15 04:50:50,2769.34,True,NORMAL,NORMAL,0.5,0.0,45.0,DENY,ALERT: DENY - Transaction evaluated by Qypher response policy.
TXN000069,2026-01-15 04:04:03,31.14,True,NORMAL,NORMAL,0.5,0.0,100.0,ALLOW,No alert required.
TXN000070,2026-01-15 16:34:31,134.87,True,NORMAL,NORMAL,0.5,0.0,100.0,ALLOW,No alert required.
TXN000071,2026-01-15 21:53:55,172.74,True,NORMAL,NORMAL,0.5,0.0,100.0,ALLOW,No alert required.
TXN000072,2026-01-15 14:58:17,279.58,True,NORMAL,NORMAL,0.5,0.0,100.0,ALLOW,No alert required.
TXN000073,2026-01-15 03:54:10,196.22,True,NORMAL,NORMAL,0.5,0.0,100.0,ALLOW,No alert required.
TXN000074,2026-01-15 10:16:20,141.66,True,NORMAL,NORMAL,0.5,0.0,100.0,ALLOW,No alert required.
TXN000075,2026-01-15 15:40:28,103.37,True,NORMAL,NORMAL,0.5,0.0,100.0,ALLOW,No alert required.
TXN000076,2026-01-15 03:01:40,103.64,True,NORMAL,NORMAL,0.5,0.0,100.0,ALLOW,No alert required.
TXN000077,2026-01-15 03:29:07,96.51,True,NORMAL,NORMAL,0.5,0.0,100.0,ALLOW,No alert required.
TXN000078,2026-01-15 07:29:35,154.24,True,NORMAL,NORMAL,0.5,0.0,100.0,ALLOW,No alert required.
TXN000079,2026-01-15 13:21:59,133.43,True,NORMAL,NORMAL,0.5,0.0,100.0,ALLOW,No alert required.
TXN000080,2026-01-15 04:28:34,139.69,True,NORMAL,NORMAL,0.5,0.0,100.0,ALLOW,No alert required.
TXN000081,2026-01-15 22:15:36,64.09,True,NORMAL,NORMAL,0.5,0.0,100.0,ALLOW,No alert required.
TXN000082,2026-01-15 21:50:52,31.46,True,NORMAL,NORMAL,0.5,0.0,100.0,ALLOW,No alert required.
TXN000083,2026-01-15 14:06:33,158.06,True,NORMAL,NORMAL,0.5,0.0,100.0,ALLOW,No alert required.
TXN000084,2026-01-15 08:21:39,247.84,True,NORMAL,NORMAL,0.5,0.0,100.0,ALLOW,No alert required.
TXN000085,2026-01-15 22:56:48,34.61,True,NORMAL,NORMAL,0.5,0.0,100.0,ALLOW,No alert required.
TXN000086,2026-01-15 23:05:27,127.98,True,NORMAL,NORMAL,0.5,0.0,100.0,ALLOW,No alert required.
TXN000087,2026-01-15 09:22:23,80.05,True,NORMAL,NORMAL,0.5,0.0,100.0,ALLOW,No alert required.
TXN000088,2026-01-15 19:55:24,34.33,True,NORMAL,NORMAL,0.5,0.0,100.0,ALLOW,No alert required.
TXN000089,2026-01-15 00:57:51,85.09,True,NORMAL,NORMAL,0.5,0.0,100.0,ALLOW,No alert required.
TXN000090,2026-01-15 13:44:16,155.07,True,NORMAL,NORMAL,0.5,0.0,100.0,ALLOW,No alert required.
TXN000091,2026-01-15 09:44:18,169.93,True,NORMAL,NORMAL,0.5,0.0,100.0,ALLOW,No alert required.
TXN000092,2026-01-15 09:49:51,189.16,True,NORMAL,NORMAL,0.5,0.0,100.0,ALLOW,No alert required.
TXN000093,2026-01-15 21:43:53,144.06,True,NORMAL,NORMAL,0.5,0.0,100.0,ALLOW,No alert required.
TXN000094,2026-01-15 04:20:47,2717.24,True,NORMAL,NORMAL,0.5,0.0,57.0,MONITOR,No alert required.
TXN000095,2026-01-15 08:58:52,89.62,True,NORMAL,NORMAL,0.5,0.0,100.0,ALLOW,No alert required.
TXN000096,2026-01-15 21:46:43,231.07,True,NORMAL,NORMAL,0.5,0.0,100.0,ALLOW,No alert required.
TXN000097,2026-01-15 21:47:43,45.47,True,NORMAL,NORMAL,0.5,0.0,100.0,ALLOW,No alert required.
TXN000098,2026-01-15 17:20:58,164.6,True,NORMAL,NORMAL,0.5,0.0,100.0,ALLOW,No alert required.
TXN000099,2026-01-15 01:19:31,33.06,True,NORMAL,NORMAL,0.5,0.0,100.0,ALLOW,No alert required.
TXN000100,2026-01-15 17:26:37,151.73,True,NORMAL,NORMAL,0.5,0.0,100.0,ALLOW,No alert required.
TXN000101,2026-01-15 22:23:13,26.89,True,NORMAL,NORMAL,0.5,0.0,100.0,ALLOW,No alert required.
TXN000102,2026-01-15 11:03:25,25.58,True,NORMAL,NORMAL,0.5,0.0,100.0,ALLOW,No alert required.
TXN000103,2026-01-15 01:50:21,151.07,True,NORMAL,NORMAL,0.5,0.0,100.0,ALLOW,No alert required.
TXN000104,2026-01-15 07:21:49,249.49,True,NORMAL,NORMAL,0.5,0.0,100.0,ALLOW,No alert required.
TXN000105,2026-01-15 05:07:42,144.3,True,NORMAL,NORMAL,0.5,0.0,100.0,ALLOW,No alert required.
TXN000106,2026-01-15 01:08:47,145.54,True,NORMAL,NORMAL,0.5,0.0,100.0,ALLOW,No alert required.
TXN000107,2026-01-15 16:14:39,190.99,True,NORMAL,NORMAL,0.5,0.0,100.0,ALLOW,No alert required.
TXN000108,2026-01-15 13:43:06,64.76,True,NORMAL,NORMAL,0.5,0.0,100.0,ALLOW,No alert required.
TXN000109,2026-01-15 18:35:45,153.51,True,NORMAL,NORMAL,0.5,0.0,100.0,ALLOW,No alert required.
TXN000110,2026-01-15 20:41:56,138.82,True,NORMAL,NORMAL,0.5,0.0,100.0,ALLOW,No alert required.
TXN000111,2026-01-15 13:46:06,117.81,True,NORMAL,NORMAL,0.5,0.0,100.0,ALLOW,No alert required.
TXN000112,2026-01-15 02:27:06,20.2,True,NORMAL,NORMAL,0.5,0.0,100.0,ALLOW,No alert required.
TXN000113,2026-01-15 06:22:55,2036.26,True,NORMAL,NORMAL,0.5,0.0,57.0,MONITOR,No alert required.
TXN000114,2026-01-15 04:42:30,72.49,True,NORMAL,NORMAL,0.5,0.0,100.0,ALLOW,No alert required.
TXN000115,2026-01-15 17:49:52,268.71,True,NORMAL,NORMAL,0.5,0.0,100.0,ALLOW,No alert required.
TXN000116,2026-01-15 22:48:19,157.88,True,NORMAL,NORMAL,0.5,0.0,100.0,ALLOW,No alert required.
TXN000117,2026-01-15 20:01:05,130.19,True,NORMAL,NORMAL,0.5,0.0,100.0,ALLOW,No alert required.
TXN000118,2026-01-15 01:56:03,2383.83,True,NORMAL,NORMAL,0.5,0.0,45.0,DENY,ALERT: DENY - Transaction evaluated by Qypher response policy.
TXN000119,2026-01-15 14:26:17,132.94,True,NORMAL,NORMAL,0.5,0.0,100.0,ALLOW,No alert required.
TXN000120,2026-01-15 21:19:02,71.6,True,NORMAL,NORMAL,0.5,0.0,100.0,ALLOW,No alert required.
TXN000121,2026-01-15 09:20:07,31.96,True,NORMAL,NORMAL,0.5,0.0,100.0,ALLOW,No alert required.
TXN000122,2026-01-15 21:51:22,21.1,True,NORMAL,NORMAL,0.5,0.0,100.0,ALLOW,No alert required.
TXN000123,2026-01-15 18:25:45,126.17,True,NORMAL,NORMAL,0.5,0.0,100.0,ALLOW,No alert required.
TXN000124,2026-01-15 14:53:44,51.36,True,NORMAL,NORMAL,0.5,0.0,100.0,ALLOW,No alert required.
TXN000125,2026-01-15 09:47:21,96.78,True,NORMAL,NORMAL,0.5,0.0,100.0,ALLOW,No alert required.
TXN000126,2026-01-15 11:22:46,34.9,True,NORMAL,NORMAL,0.5,0.0,100.0,ALLOW,No alert required.
TXN000127,2026-01-15 20:04:11,139.18,True,NORMAL,NORMAL,0.5,0.0,100.0,ALLOW,No alert required.
TXN000128,2026-01-15 20:39:20,21.61,True,NORMAL,NORMAL,0.5,0.0,100.0,ALLOW,No alert required.
TXN000129,2026-01-15 01:22:32,16.39,True,NORMAL,NORMAL,0.5,0.0,100.0,ALLOW,No alert required.
TXN000130,2026-01-15 02:39:38,166.77,True,NORMAL,NORMAL,0.5,0.0,100.0,ALLOW,No alert required.
TXN000131,2026-01-15 18:41:12,57.03,True,NORMAL,NORMAL,0.5,0.0,100.0,ALLOW,No alert required.
TXN000132,2026-01-15 10:45:05,130.3,True,NORMAL,NORMAL,0.5,0.0,100.0,ALLOW,No alert required.
TXN000133,2026-01-15 11:23:58,200.66,True,NORMAL,NORMAL,0.5,0.0,100.0,ALLOW,No alert required.
TXN000134,2026-01-15 10:06:35,212.86,True,NORMAL,NORMAL,0.5,0.0,100.0,ALLOW,No alert required.
TXN000135,2026-01-15 10:05:37,174.51,True,NORMAL,NORMAL,0.5,0.0,100.0,ALLOW,No alert required.
TXN000136,2026-01-15 02:19:35,25.89,True,NORMAL,NORMAL,0.5,0.0,100.0,ALLOW,No alert required.
TXN000137,2026-01-15 05:13:21,180.0,True,NORMAL,NORMAL,0.5,0.0,100.0,ALLOW,No alert required.
TXN000138,2026-01-15 16:49:34,254.38,True,NORMAL,NORMAL,0.5,0.0,100.0,ALLOW,No alert required.
TXN000139,2026-01-15 05:53:44,27.88,True,NORMAL,NORMAL,0.5,0.0,100.0,ALLOW,No alert required.
TXN000140,2026-01-15 19:18:48,50.66,True,NORMAL,NORMAL,0.5,0.0,100.0,ALLOW,No alert required.
TXN000141,2026-01-15 06:23:43,142.28,True,NORMAL,NORMAL,0.5,0.0,100.0,ALLOW,No alert required.
TXN000142,2026-01-15 03:51:38,2807.25,True,NORMAL,NORMAL,0.5,0.0,45.0,DENY,ALERT: DENY - Transaction evaluated by Qypher response policy.
TXN000143,2026-01-15 01:18:05,3857.98,True,NORMAL,NORMAL,0.5,0.0,57.0,MONITOR,No alert required.
TXN000144,2026-01-15 14:56:22,152.55,True,NORMAL,NORMAL,0.5,0.0,100.0,ALLOW,No alert required.
TXN000145,2026-01-15 00:20:59,16.51,True,NORMAL,NORMAL,0.5,0.0,100.0,ALLOW,No alert required.
TXN000146,2026-01-15 22:30:28,53.51,True,NORMAL,NORMAL,0.5,0.0,100.0,ALLOW,No alert required.
TXN000147,2026-01-15 06:07:49,1606.07,True,NORMAL,NORMAL,0.5,0.0,45.0,DENY,ALERT: DENY - Transaction evaluated by Qypher response policy.
TXN000148,2026-01-15 14:04:07,172.41,True,NORMAL,NORMAL,0.5,0.0,100.0,ALLOW,No alert required.
TXN000149,2026-01-15 07:36:26,172.08,True,NORMAL,NORMAL,0.5,0.0,100.0,ALLOW,No alert required.
TXN000150,2026-01-15 00:24:55,53.12,True,NORMAL,NORMAL,0.5,0.0,100.0,ALLOW,No alert required.
TXN000151,2026-01-15 23:42:40,28.06,True,NORMAL,NORMAL,0.5,0.0,100.0,ALLOW,No alert required.
TXN000152,2026-01-15 21:29:44,131.73,True,NORMAL,NORMAL,0.5,0.0,100.0,ALLOW,No alert required.
TXN000153,2026-01-15 06:56:02,90.48,True,NORMAL,NORMAL,0.5,0.0,100.0,ALLOW,No alert required.
TXN000154,2026-01-15 01:55:41,84.28,True,NORMAL,NORMAL,0.5,0.0,100.0,ALLOW,No alert required.
TXN000155,2026-01-15 10:11:31,55.34,True,NORMAL,NORMAL,0.5,0.0,100.0,ALLOW,No alert required.
TXN000156,2026-01-15 05:34:18,122.36,True,NORMAL,NORMAL,0.5,0.0,100.0,ALLOW,No alert required.
TXN000157,2026-01-15 23:22:28,985.16,True,NORMAL,NORMAL,0.5,0.0,52.0,MONITOR,No alert required.
TXN000158,2026-01-15 16:51:47,154.27,True,NORMAL,NORMAL,0.5,0.0,100.0,ALLOW,No alert required.
TXN000159,2026-01-15 07:49:41,15.51,True,NORMAL,NORMAL,0.5,0.0,100.0,ALLOW,No alert required.
TXN000160,2026-01-15 14:48:04,63.45,True,NORMAL,NORMAL,0.5,0.0,100.0,ALLOW,No alert required.
TXN000161,2026-01-15 15:33:24,129.69,True,NORMAL,NORMAL,0.5,0.0,100.0,ALLOW,No alert required.
TXN000162,2026-01-15 15:12:07,162.78,True,NORMAL,NORMAL,0.5,0.0,100.0,ALLOW,No alert required.
TXN000163,2026-01-15 10:42:22,154.73,True,NORMAL,NORMAL,0.5,0.0,100.0,ALLOW,No alert required.
TXN000164,2026-01-15 05:32:14,799.88,True,NORMAL,NORMAL,0.5,0.0,52.0,MONITOR,No alert required.
TXN000165,2026-01-15 14:51:35,100.13,True,NORMAL,NORMAL,0.5,0.0,100.0,ALLOW,No alert required.
TXN000166,2026-01-15 13:52:36,86.5,True,NORMAL,NORMAL,0.5,0.0,100.0,ALLOW,No alert required.
TXN000167,2026-01-15 17:40:37,164.82,True,NORMAL,NORMAL,0.5,0.0,100.0,ALLOW,No alert required.
TXN000168,2026-01-15 05:10:20,162.14,True,NORMAL,NORMAL,0.5,0.0,100.0,ALLOW,No alert required.
TXN000169,2026-01-15 17:17:08,118.97,True,NORMAL,NORMAL,0.5,0.0,100.0,ALLOW,No alert required.
TXN000170,2026-01-15 19:46:57,23.81,True,NORMAL,NORMAL,0.5,0.0,100.0,ALLOW,No alert required.
TXN000171,2026-01-15 06:49:36,257.81,True,NORMAL,NORMAL,0.5,0.0,100.0,ALLOW,No alert required.
TXN000172,2026-01-15 07:51:51,35.85,True,NORMAL,NORMAL,0.5,0.0,100.0,ALLOW,No alert required.
TXN000173,2026-01-15 06:21:38,175.81,True,NORMAL,NORMAL,0.5,0.0,100.0,ALLOW,No alert required.
TXN000174,2026-01-15 10:15:29,33.95,True,NORMAL,NORMAL,0.5,0.0,100.0,ALLOW,No alert required.
TXN000175,2026-01-15 13:15:55,139.73,True,NORMAL,NORMAL,0.5,0.0,100.0,ALLOW,No alert required.
TXN000176,2026-01-15 09:31:01,74.52,True,NORMAL,NORMAL,0.5,0.0,100.0,ALLOW,No alert required.
TXN000177,2026-01-15 20:43:30,133.21,True,NORMAL,NORMAL,0.5,0.0,100.0,ALLOW,No alert required.
TXN000178,2026-01-15 11:02:25,166.48,True,NORMAL,NORMAL,0.5,0.0,100.0,ALLOW,No alert required.
TXN000179,2026-01-15 08:52:39,281.22,True,NORMAL,NORMAL,0.5,0.0,100.0,ALLOW,No alert required.
TXN000180,2026-01-15 11:48:09,26.95,True,NORMAL,NORMAL,0.5,0.0,100.0,ALLOW,No alert required.
TXN000181,2026-01-15 16:29:09,269.33,True,NORMAL,NORMAL,0.5,0.0,100.0,ALLOW,No alert required.
TXN000182,2026-01-15 09:37:21,97.54,True,NORMAL,NORMAL,0.5,0.0,100.0,ALLOW,No alert required.
TXN000183,2026-01-15 13:37:19,174.4,True,NORMAL,NORMAL,0.5,0.0,100.0,ALLOW,No alert required.
TXN000184,2026-01-15 23:03:37,149.68,True,NORMAL,NORMAL,0.5,0.0,100.0,ALLOW,No alert required.
TXN000185,2026-01-15 06:01:28,203.82,True,NORMAL,NORMAL,0.5,0.0,100.0,ALLOW,No alert required.
TXN000186,2026-01-15 23:46:03,65.26,True,NORMAL,NORMAL,0.5,0.0,100.0,ALLOW,No alert required.
TXN000187,2026-01-15 05:29:58,113.71,True,NORMAL,NORMAL,0.5,0.0,100.0,ALLOW,No alert required.
TXN000188,2026-01-15 07:19:49,91.57,True,NORMAL,NORMAL,0.5,0.0,100.0,ALLOW,No alert required.
TXN000001,2026-01-15 20:21:07,16.88,True,NORMAL,NORMAL,0.5,0.0,100.0,ALLOW,No alert required.
TXN000189,2026-01-15 09:07:36,238.6,True,NORMAL,NORMAL,0.5,0.0,100.0,ALLOW,No alert required.
TXN000002,2026-01-15 05:32:58,73.57,True,NORMAL,NORMAL,0.5,0.0,100.0,ALLOW,No alert required.
TXN000190,2026-01-15 09:45:05,46.38,True,NORMAL,NORMAL,0.5,0.0,100.0,ALLOW,No alert required.
TXN000003,2026-01-15 00:38:20,159.38,True,NORMAL,NORMAL,0.5,0.0,100.0,ALLOW,No alert required.
TXN000191,2026-01-15 08:08:06,29.81,True,NORMAL,NORMAL,0.5,0.0,100.0,ALLOW,No alert required.
TXN000004,2026-01-15 02:46:31,195.45,True,NORMAL,NORMAL,0.5,0.0,100.0,ALLOW,No alert required.
TXN000192,2026-01-15 03:26:21,10.88,True,NORMAL,NORMAL,0.5,0.0,100.0,ALLOW,No alert required.
TXN000005,2026-01-15 19:27:13,179.18,True,NORMAL,NORMAL,0.5,0.0,100.0,ALLOW,No alert required.
TXN000193,2026-01-15 15:30:41,119.8,True,NORMAL,NORMAL,0.5,0.0,100.0,ALLOW,No alert required.
TXN000006,2026-01-15 03:15:14,104.17,True,NORMAL,NORMAL,0.5,0.0,100.0,ALLOW,No alert required.
TXN000194,2026-01-15 17:47:46,168.77,True,NORMAL,NORMAL,0.5,0.0,100.0,ALLOW,No alert required.
TXN000007,2026-01-15 01:14:04,50.46,True,NORMAL,NORMAL,0.5,0.0,100.0,ALLOW,No alert required.
TXN000195,2026-01-15 05:59:47,106.55,True,NORMAL,NORMAL,0.5,0.0,100.0,ALLOW,No alert required.
TXN000008,2026-01-15 18:36:30,26.04,True,NORMAL,NORMAL,0.5,0.0,100.0,ALLOW,No alert required.
TXN000196,2026-01-15 20:34:33,42.78,True,NORMAL,NORMAL,0.5,0.0,100.0,ALLOW,No alert required.
TXN000009,2026-01-15 23:03:43,133.8,True,NORMAL,NORMAL,0.5,0.0,100.0,ALLOW,No alert required.
TXN000010,2026-01-15 17:28:08,52.47,True,NORMAL,NORMAL,0.5,0.0,100.0,ALLOW,No alert required.
TXN000011,2026-01-15 17:06:03,267.97,True,NORMAL,NORMAL,0.5,0.0,100.0,ALLOW,No alert required.
TXN000012,2026-01-15 03:55:25,1707.77,True,NORMAL,NORMAL,0.5,0.0,45.0,DENY,ALERT: DENY - Transaction evaluated by Qypher response policy.
1,2026-09-01 09:47,10100.0,True,NORMAL,NORMAL,0.5,0.0,95.0,ALLOW,No alert required.
TXN000013,2026-01-15 09:27:44,67.65,True,NORMAL,NORMAL,0.5,0.0,100.0,ALLOW,No alert required.
TXN000014,2026-01-15 01:47:20,166.3,True,NORMAL,NORMAL,0.5,0.0,100.0,ALLOW,No alert required.
3,2026-09-02 15:12,13500.0,True,NORMAL,NORMAL,0.5,0.0,95.0,ALLOW,No alert required.
TXN000015,2026-01-15 05:04:38,170.07,True,NORMAL,NORMAL,0.5,0.0,100.0,ALLOW,No alert required.
4,2026-09-02 16:17,27900.0,True,NORMAL,NORMAL,0.5,0.0,95.0,ALLOW,No alert required.
equired.,,,,,,,,,,
5,2026-09-03 10:48,8100.0,True,NORMAL,NORMAL,0.5,0.0,95.0,ALLOW,No alert required.
required.,,,,,,,,,,
TXN000018,2026-01-15 16:16:08,58.45,True,NORMAL,NORMAL,0.5,0.0,100.0,ALLOW,No alert required.
6,2026-09-03 16:16,16800.0,True,NORMAL,NORMAL,0.5,0.0,95.0,ALLOW,No alert required.
TXN000019,2026-01-15 20:33:00,271.39,True,NORMAL,NORMAL,0.5,0.0,100.0,ALLOW,No alert required.
7,2026-09-04 09:35,30500.0,True,NORMAL,NORMAL,0.5,0.0,95.0,ALLOW,No alert required.
8,2026-09-04 09:42,9700.0,True,NORMAL,NORMAL,0.5,0.0,95.0,ALLOW,No alert required.
TXN000021,2026-01-15 01:05:40,66.7,True,NORMAL,NORMAL,0.5,0.0,100.0,ALLOW,No alert required.
TXN000022,2026-01-15 14:35:45,36.47,True,NORMAL,NORMAL,0.5,0.0,100.0,ALLOW,No alert required.
TXN000023,2026-01-15 11:37:35,99.85,True,NORMAL,NORMAL,0.5,0.0,100.0,ALLOW,No alert required.
TXN000024,2026-01-15 11:13:43,160.3,True,NORMAL,NORMAL,0.5,0.0,100.0,ALLOW,No alert required.
TXN000025,2026-01-15 07:55:10,216.35,True,NORMAL,NORMAL,0.5,0.0,100.0,ALLOW,No alert required.
1,2026-09-01 09:47,10100.0,True,NORMAL,NORMAL,0.5,0.0,95.0,ALLOW,No alert required.
TXN000026,2026-01-15 23:51:15,158.27,True,NORMAL,NORMAL,0.5,0.0,100.0,ALLOW,No alert required.
TXN000027,2026-01-15 14:22:19,77.74,True,NORMAL,NORMAL,0.5,0.0,100.0,ALLOW,No alert required.
3,2026-09-02 15:12,13500.0,True,NORMAL,NORMAL,0.5,0.0,95.0,ALLOW,No alert required.
TXN000029,2026-01-15 08:02:06,134.7,True,NORMAL,NORMAL,0.5,0.0,100.0,ALLOW,No alert required.
4,2026-09-02 16:17,27900.0,True,NORMAL,NORMAL,0.5,0.0,95.0,ALLOW,No alert required.
TXN000030,2026-01-15 06:16:02,267.76,True,NORMAL,NORMAL,0.5,0.0,100.0,ALLOW,No alert required.
5,2026-09-03 10:48,8100.0,True,NORMAL,NORMAL,0.5,0.0,95.0,ALLOW,No alert required.
TXN000031,2026-01-15 21:12:23,63.37,True,NORMAL,NORMAL,0.5,0.0,100.0,ALLOW,No alert required.
6,2026-09-03 16:16,16800.0,True,NORMAL,NORMAL,0.5,0.0,95.0,ALLOW,No alert required.
7,2026-09-04 09:35,30500.0,True,NORMAL,NORMAL,0.5,0.0,95.0,ALLOW,No alert required.
equired.,,,,,,,,,,
8,2026-09-04 09:42,9700.0,True,NORMAL,NORMAL,0.5,0.0,95.0,ALLOW,No alert required.
9,2026-09-05 13:17,12000.0,True,NORMAL,NORMAL,0.5,0.0,95.0,ALLOW,No alert required.
Y - Transaction evaluated by Qypher response policy.,,,,,,,,,,
TXN000034,2026-01-15 20:20:29,90.44,True,NORMAL,NORMAL,0.5,0.0,100.0,ALLOW,No alert required.
TXN000035,2026-01-15 02:18:32,238.61,True,NORMAL,NORMAL,0.5,0.0,100.0,ALLOW,No alert required.
TXN000036,2026-01-15 06:09:01,154.46,True,NORMAL,NORMAL,0.5,0.0,100.0,ALLOW,No alert required.
TXN000037,2026-01-15 06:45:44,35.09,True,NORMAL,NORMAL,0.5,0.0,100.0,ALLOW,No alert required.
TXN000038,2026-01-15 03:49:27,104.76,True,NORMAL,NORMAL,0.5,0.0,100.0,ALLOW,No alert required.
TXN000039,2026-01-15 14:42:33,182.64,True,NORMAL,NORMAL,0.5,0.0,100.0,ALLOW,No alert required.
TXN000040,2026-01-15 17:28:57,137.8,True,NORMAL,NORMAL,0.5,0.0,100.0,ALLOW,No alert required.
TXN000041,2026-01-15 15:40:15,49.86,True,NORMAL,NORMAL,0.5,0.0,100.0,ALLOW,No alert required.
TXN000042,2026-01-15 04:14:24,80.53,True,NORMAL,NORMAL,0.5,0.0,100.0,ALLOW,No alert required.
TXN000043,2026-01-15 12:57:49,11.0,True,NORMAL,NORMAL,0.5,0.0,100.0,ALLOW,No alert required.
TXN000044,2026-01-15 13:34:47,75.68,True,NORMAL,NORMAL,0.5,0.0,100.0,ALLOW,No alert required.
TXN000045,2026-01-15 21:51:25,176.72,True,NORMAL,NORMAL,0.5,0.0,100.0,ALLOW,No alert required.
TXN000046,2026-01-15 21:01:05,65.43,True,NORMAL,NORMAL,0.5,0.0,100.0,ALLOW,No alert required.
TXN000047,2026-01-15 10:48:56,151.93,True,NORMAL,NORMAL,0.5,0.0,100.0,ALLOW,No alert required.
TXN000048,2026-01-15 07:41:04,43.89,True,NORMAL,NORMAL,0.5,0.0,100.0,ALLOW,No alert required.
TXN000049,2026-01-15 01:36:13,3655.61,True,NORMAL,NORMAL,0.5,0.0,45.0,DENY,ALERT: DENY - Transaction evaluated by Qypher response policy.
TXN000050,2026-01-15 03:37:01,272.08,True,NORMAL,NORMAL,0.5,0.0,100.0,ALLOW,No alert required.
TXN000051,2026-01-15 07:06:44,143.05,True,NORMAL,NORMAL,0.5,0.0,100.0,ALLOW,No alert required.
TXN000052,2026-01-15 16:41:21,133.92,True,NORMAL,NORMAL,0.5,0.0,100.0,ALLOW,No alert required.
TXN000053,2026-01-15 04:27:11,235.83,True,NORMAL,NORMAL,0.5,0.0,100.0,ALLOW,No alert required.
TXN000054,2026-01-15 23:37:17,159.88,True,NORMAL,NORMAL,0.5,0.0,100.0,ALLOW,No alert required.
TXN000055,2026-01-15 12:21:01,46.06,True,NORMAL,NORMAL,0.5,0.0,100.0,ALLOW,No alert required.
TXN000056,2026-01-15 22:56:17,51.03,True,NORMAL,NORMAL,0.5,0.0,100.0,ALLOW,No alert required.
TXN000057,2026-01-15 15:41:45,60.02,True,NORMAL,NORMAL,0.5,0.0,100.0,ALLOW,No alert required.
TXN000058,2026-01-15 05:30:35,3370.85,True,NORMAL,NORMAL,0.5,0.0,45.0,DENY,ALERT: DENY - Transaction evaluated by Qypher response policy.
TXN000059,2026-01-15 07:07:46,171.65,True,NORMAL,NORMAL,0.5,0.0,100.0,ALLOW,No alert required.
TXN000060,2026-01-15 08:46:37,242.47,True,NORMAL,NORMAL,0.5,0.0,100.0,ALLOW,No alert required.
TXN000061,2026-01-15 22:34:08,59.66,True,NORMAL,NORMAL,0.5,0.0,100.0,ALLOW,No alert required.
TXN000062,2026-01-15 03:55:00,84.88,True,NORMAL,NORMAL,0.5,0.0,100.0,ALLOW,No alert required.
TXN000063,2026-01-15 15:07:52,172.95,True,NORMAL,NORMAL,0.5,0.0,100.0,ALLOW,No alert required.
TXN000064,2026-01-15 09:05:15,178.15,True,NORMAL,NORMAL,0.5,0.0,100.0,ALLOW,No alert required.
TXN000065,2026-01-15 14:19:55,184.92,True,NORMAL,NORMAL,0.5,0.0,100.0,ALLOW,No alert required.
TXN000066,2026-01-15 03:40:13,2797.57,True,NORMAL,NORMAL,0.5,0.0,45.0,DENY,ALERT: DENY - Transaction evaluated by Qypher response policy.
TXN000067,2026-01-15 14:44:38,58.98,True,NORMAL,NORMAL,0.5,0.0,100.0,ALLOW,No alert required.
TXN000068,2026-01-15 04:50:50,2769.34,True,NORMAL,NORMAL,0.5,0.0,45.0,DENY,ALERT: DENY - Transaction evaluated by Qypher response policy.
TXN000069,2026-01-15 04:04:03,31.14,True,NORMAL,NORMAL,0.5,0.0,100.0,ALLOW,No alert required.
TXN000070,2026-01-15 16:34:31,134.87,True,NORMAL,NORMAL,0.5,0.0,100.0,ALLOW,No alert required.
TXN000071,2026-01-15 21:53:55,172.74,True,NORMAL,NORMAL,0.5,0.0,100.0,ALLOW,No alert required.
TXN000072,2026-01-15 14:58:17,279.58,True,NORMAL,NORMAL,0.5,0.0,100.0,ALLOW,No alert required.
TXN000073,2026-01-15 03:54:10,196.22,True,NORMAL,NORMAL,0.5,0.0,100.0,ALLOW,No alert required.
TXN000074,2026-01-15 10:16:20,141.66,True,NORMAL,NORMAL,0.5,0.0,100.0,ALLOW,No alert required.
TXN000075,2026-01-15 15:40:28,103.37,True,NORMAL,NORMAL,0.5,0.0,100.0,ALLOW,No alert required.
TXN000076,2026-01-15 03:01:40,103.64,True,NORMAL,NORMAL,0.5,0.0,100.0,ALLOW,No alert required.
TXN000077,2026-01-15 03:29:07,96.51,True,NORMAL,NORMAL,0.5,0.0,100.0,ALLOW,No alert required.
TXN000078,2026-01-15 07:29:35,154.24,True,NORMAL,NORMAL,0.5,0.0,100.0,ALLOW,No alert required.
TXN000079,2026-01-15 13:21:59,133.43,True,NORMAL,NORMAL,0.5,0.0,100.0,ALLOW,No alert required.
TXN000080,2026-01-15 04:28:34,139.69,True,NORMAL,NORMAL,0.5,0.0,100.0,ALLOW,No alert required.
TXN000081,2026-01-15 22:15:36,64.09,True,NORMAL,NORMAL,0.5,0.0,100.0,ALLOW,No alert required.
TXN000082,2026-01-15 21:50:52,31.46,True,NORMAL,NORMAL,0.5,0.0,100.0,ALLOW,No alert required.
TXN000083,2026-01-15 14:06:33,158.06,True,NORMAL,NORMAL,0.5,0.0,100.0,ALLOW,No alert required.
TXN000084,2026-01-15 08:21:39,247.84,True,NORMAL,NORMAL,0.5,0.0,100.0,ALLOW,No alert required.
TXN000085,2026-01-15 22:56:48,34.61,True,NORMAL,NORMAL,0.5,0.0,100.0,ALLOW,No alert required.
TXN000086,2026-01-15 23:05:27,127.98,True,NORMAL,NORMAL,0.5,0.0,100.0,ALLOW,No alert required.
TXN000087,2026-01-15 09:22:23,80.05,True,NORMAL,NORMAL,0.5,0.0,100.0,ALLOW,No alert required.
TXN000088,2026-01-15 19:55:24,34.33,True,NORMAL,NORMAL,0.5,0.0,100.0,ALLOW,No alert required.
TXN000089,2026-01-15 00:57:51,85.09,True,NORMAL,NORMAL,0.5,0.0,100.0,ALLOW,No alert required.
TXN000090,2026-01-15 13:44:16,155.07,True,NORMAL,NORMAL,0.5,0.0,100.0,ALLOW,No alert required.
TXN000091,2026-01-15 09:44:18,169.93,True,NORMAL,NORMAL,0.5,0.0,100.0,ALLOW,No alert required.
TXN000092,2026-01-15 09:49:51,189.16,True,NORMAL,NORMAL,0.5,0.0,100.0,ALLOW,No alert required.
TXN000093,2026-01-15 21:43:53,144.06,True,NORMAL,NORMAL,0.5,0.0,100.0,ALLOW,No alert required.
TXN000094,2026-01-15 04:20:47,2717.24,True,NORMAL,NORMAL,0.5,0.0,57.0,MONITOR,No alert required.
TXN000095,2026-01-15 08:58:52,89.62,True,NORMAL,NORMAL,0.5,0.0,100.0,ALLOW,No alert required.
1,2026-09-01 09:12,12500.0,True,NORMAL,NORMAL,0.5,0.0,95.0,ALLOW,No alert required.
TXN000096,2026-01-15 21:46:43,231.07,True,NORMAL,NORMAL,0.5,0.0,100.0,ALLOW,No alert required.
2,2026-09-01 10:05,8200.0,True,NORMAL,NORMAL,0.5,0.0,95.0,ALLOW,No alert required.
TXN000097,2026-01-15 21:47:43,45.47,True,NORMAL,NORMAL,0.5,0.0,100.0,ALLOW,No alert required.
3,2026-09-01 11:20,15600.0,True,NORMAL,NORMAL,0.5,0.0,95.0,ALLOW,No alert required.
TXN000098,2026-01-15 17:20:58,164.6,True,NORMAL,NORMAL,0.5,0.0,100.0,ALLOW,No alert required.
4,2026-09-01 13:45,9800.0,True,NORMAL,NORMAL,0.5,0.0,95.0,ALLOW,No alert required.
TXN000099,2026-01-15 01:19:31,33.06,True,NORMAL,NORMAL,0.5,0.0,100.0,ALLOW,No alert required.
5,2026-09-01 15:10,22000.0,True,NORMAL,NORMAL,0.5,0.0,95.0,ALLOW,No alert required.
TXN000100,2026-01-15 17:26:37,151.73,True,NORMAL,NORMAL,0.5,0.0,100.0,ALLOW,No alert required.
6,2026-09-02 09:35,7500.0,True,NORMAL,NORMAL,0.5,0.0,95.0,ALLOW,No alert required.
TXN000101,2026-01-15 22:23:13,26.89,True,NORMAL,NORMAL,0.5,0.0,100.0,ALLOW,No alert required.
7,2026-09-02 10:40,18400.0,True,NORMAL,NORMAL,0.5,0.0,95.0,ALLOW,No alert required.
TXN000102,2026-01-15 11:03:25,25.58,True,NORMAL,NORMAL,0.5,0.0,100.0,ALLOW,No alert required.
8,2026-09-02 14:15,11200.0,True,NORMAL,NORMAL,0.5,0.0,95.0,ALLOW,No alert required.
TXN000103,2026-01-15 01:50:21,151.07,True,NORMAL,NORMAL,0.5,0.0,100.0,ALLOW,No alert required.
9,2026-09-03 09:50,24500.0,True,NORMAL,NORMAL,0.5,0.0,95.0,ALLOW,No alert required.
TXN000104,2026-01-15 07:21:49,249.49,True,NORMAL,NORMAL,0.5,0.0,100.0,ALLOW,No alert required.
10,2026-09-03 16:05,9100.0,True,NORMAL,NORMAL,0.5,0.0,95.0,ALLOW,No alert required.
TXN000105,2026-01-15 05:07:42,144.3,True,NORMAL,NORMAL,0.5,0.0,100.0,ALLOW,No alert required.
11,2026-09-04 11:10,13200.0,True,NORMAL,NORMAL,0.5,0.0,95.0,ALLOW,No alert required.
TXN000106,2026-01-15 01:08:47,145.54,True,NORMAL,NORMAL,0.5,0.0,100.0,ALLOW,No alert required.
12,2026-09-04 14:30,10500.0,True,NORMAL,NORMAL,0.5,0.0,95.0,ALLOW,No alert required.
TXN000107,2026-01-15 16:14:39,190.99,True,NORMAL,NORMAL,0.5,0.0,100.0,ALLOW,No alert required.
13,2026-09-05 10:15,27500.0,True,NORMAL,NORMAL,0.5,0.0,95.0,ALLOW,No alert required.
TXN000108,2026-01-15 13:43:06,64.76,True,NORMAL,NORMAL,0.5,0.0,100.0,ALLOW,No alert required.
14,2026-09-05 12:40,6800.0,True,NORMAL,NORMAL,0.5,0.0,95.0,ALLOW,No alert required.
TXN000109,2026-01-15 18:35:45,153.51,True,NORMAL,NORMAL,0.5,0.0,100.0,ALLOW,No alert required.
15,2026-09-06 09:25,14300.0,True,NORMAL,NORMAL,0.5,0.0,95.0,ALLOW,No alert required.
TXN000110,2026-01-15 20:41:56,138.82,True,NORMAL,NORMAL,0.5,0.0,100.0,ALLOW,No alert required.
16,2026-09-06 17:20,19700.0,True,NORMAL,NORMAL,0.5,0.0,95.0,ALLOW,No alert required.
TXN000111,2026-01-15 13:46:06,117.81,True,NORMAL,NORMAL,0.5,0.0,100.0,ALLOW,No alert required.
17,2026-09-07 10:05,31000.0,True,NORMAL,NORMAL,0.5,0.0,95.0,ALLOW,No alert required.
TXN000112,2026-01-15 02:27:06,20.2,True,NORMAL,NORMAL,0.5,0.0,100.0,ALLOW,No alert required.
18,2026-09-07 13:10,8600.0,True,NORMAL,NORMAL,0.5,0.0,95.0,ALLOW,No alert required.
TXN000113,2026-01-15 06:22:55,2036.26,True,NORMAL,NORMAL,0.5,0.0,57.0,MONITOR,No alert required.
19,2026-09-08 09:45,11800.0,True,NORMAL,NORMAL,0.5,0.0,95.0,ALLOW,No alert required.
TXN000114,2026-01-15 04:42:30,72.49,True,NORMAL,NORMAL,0.5,0.0,100.0,ALLOW,No alert required.
20,2026-09-08 15:35,16100.0,True,NORMAL,NORMAL,0.5,0.0,95.0,ALLOW,No alert required.
TXN000115,2026-01-15 17:49:52,268.71,True,NORMAL,NORMAL,0.5,0.0,100.0,ALLOW,No alert required.
TXN000116,2026-01-15 22:48:19,157.88,True,NORMAL,NORMAL,0.5,0.0,100.0,ALLOW,No alert required.
21,2026-09-09 02:14,185000.0,True,NORMAL,NORMAL,0.5,0.0,45.0,DENY,ALERT: DENY - Transaction evaluated by Qypher response policy.
22,2026-09-09 02:17,210000.0,True,NORMAL,NORMAL,0.5,0.0,45.0,DENY,ALERT: DENY - Transaction evaluated by Qypher response policy.
policy.,,,,,,,,,,
TXN000119,2026-01-15 14:26:17,132.94,True,NORMAL,NORMAL,0.5,0.0,100.0,ALLOW,No alert required.
TXN000120,2026-01-15 21:19:02,71.6,True,NORMAL,NORMAL,0.5,0.0,100.0,ALLOW,No alert required.
23,2026-09-09 02:21,175000.0,True,NORMAL,NORMAL,0.5,0.0,45.0,DENY,ALERT: DENY - Transaction evaluated by Qypher response policy.
TXN000121,2026-01-15 09:20:07,31.96,True,NORMAL,NORMAL,0.5,0.0,100.0,ALLOW,No alert required.
24,2026-09-09 03:02,95000.0,True,NORMAL,NORMAL,0.5,0.0,57.0,MONITOR,No alert required.
TXN000122,2026-01-15 21:51:22,21.1,True,NORMAL,NORMAL,0.5,0.0,100.0,ALLOW,No alert required.
TXN000123,2026-01-15 18:25:45,126.17,True,NORMAL,NORMAL,0.5,0.0,100.0,ALLOW,No alert required.
TXN000124,2026-01-15 14:53:44,51.36,True,NORMAL,NORMAL,0.5,0.0,100.0,ALLOW,No alert required.
25,2026-09-10 01:45,320000.0,True,NORMAL,NORMAL,0.5,0.0,45.0,DENY,ALERT: DENY - Transaction evaluated by Qypher response policy.
TXN000125,2026-01-15 09:47:21,96.78,True,NORMAL,NORMAL,0.5,0.0,100.0,ALLOW,No alert required.
TXN000126,2026-01-15 11:22:46,34.9,True,NORMAL,NORMAL,0.5,0.0,100.0,ALLOW,No alert required.
TXN000127,2026-01-15 20:04:11,139.18,True,NORMAL,NORMAL,0.5,0.0,100.0,ALLOW,No alert required.
uated by Qypher response policy.,,,,,,,,,,
TXN000128,2026-01-15 20:39:20,21.61,True,NORMAL,NORMAL,0.5,0.0,100.0,ALLOW,No alert required.
TXN000129,2026-01-15 01:22:32,16.39,True,NORMAL,NORMAL,0.5,0.0,100.0,ALLOW,No alert required.
27,2026-09-11 02:30,150000.0,True,NORMAL,NORMAL,0.5,0.0,45.0,DENY,ALERT: DENY - Transaction evaluated by Qypher response policy.
TXN000130,2026-01-15 02:39:38,166.77,True,NORMAL,NORMAL,0.5,0.0,100.0,ALLOW,No alert required.
TXN000131,2026-01-15 18:41:12,57.03,True,NORMAL,NORMAL,0.5,0.0,100.0,ALLOW,No alert required.
TXN000132,2026-01-15 10:45:05,130.3,True,NORMAL,NORMAL,0.5,0.0,100.0,ALLOW,No alert required.
28,2026-09-11 03:15,450000.0,True,NORMAL,NORMAL,0.5,0.0,45.0,DENY,ALERT: DENY - Transaction evaluated by Qypher response policy.
TXN000133,2026-01-15 11:23:58,200.66,True,NORMAL,NORMAL,0.5,0.0,100.0,ALLOW,No alert required.
TXN000134,2026-01-15 10:06:35,212.86,True,NORMAL,NORMAL,0.5,0.0,100.0,ALLOW,No alert required.
TXN000135,2026-01-15 10:05:37,174.51,True,NORMAL,NORMAL,0.5,0.0,100.0,ALLOW,No alert required.
TXN000136,2026-01-15 02:19:35,25.89,True,NORMAL,NORMAL,0.5,0.0,100.0,ALLOW,No alert required.
TXN000137,2026-01-15 05:13:21,180.0,True,NORMAL,NORMAL,0.5,0.0,100.0,ALLOW,No alert required.
TXN000138,2026-01-15 16:49:34,254.38,True,NORMAL,NORMAL,0.5,0.0,100.0,ALLOW,No alert required.
TXN000139,2026-01-15 05:53:44,27.88,True,NORMAL,NORMAL,0.5,0.0,100.0,ALLOW,No alert required.
TXN000140,2026-01-15 19:18:48,50.66,True,NORMAL,NORMAL,0.5,0.0,100.0,ALLOW,No alert required.
TXN000141,2026-01-15 06:23:43,142.28,True,NORMAL,NORMAL,0.5,0.0,100.0,ALLOW,No alert required.
TXN000142,2026-01-15 03:51:38,2807.25,True,NORMAL,NORMAL,0.5,0.0,45.0,DENY,ALERT: DENY - Transaction evaluated by Qypher response policy.
TXN000143,2026-01-15 01:18:05,3857.98,True,NORMAL,NORMAL,0.5,0.0,57.0,MONITOR,No alert required.
TXN000144,2026-01-15 14:56:22,152.55,True,NORMAL,NORMAL,0.5,0.0,100.0,ALLOW,No alert required.
TXN000145,2026-01-15 00:20:59,16.51,True,NORMAL,NORMAL,0.5,0.0,100.0,ALLOW,No alert required.
TXN000146,2026-01-15 22:30:28,53.51,True,NORMAL,NORMAL,0.5,0.0,100.0,ALLOW,No alert required.
TXN000147,2026-01-15 06:07:49,1606.07,True,NORMAL,NORMAL,0.5,0.0,45.0,DENY,ALERT: DENY - Transaction evaluated by Qypher response policy.
TXN000148,2026-01-15 14:04:07,172.41,True,NORMAL,NORMAL,0.5,0.0,100.0,ALLOW,No alert required.
TXN000149,2026-01-15 07:36:26,172.08,True,NORMAL,NORMAL,0.5,0.0,100.0,ALLOW,No alert required.
TXN000150,2026-01-15 00:24:55,53.12,True,NORMAL,NORMAL,0.5,0.0,100.0,ALLOW,No alert required.
TXN000151,2026-01-15 23:42:40,28.06,True,NORMAL,NORMAL,0.5,0.0,100.0,ALLOW,No alert required.
TXN000152,2026-01-15 21:29:44,131.73,True,NORMAL,NORMAL,0.5,0.0,100.0,ALLOW,No alert required.
TXN000153,2026-01-15 06:56:02,90.48,True,NORMAL,NORMAL,0.5,0.0,100.0,ALLOW,No alert required.
TXN000154,2026-01-15 01:55:41,84.28,True,NORMAL,NORMAL,0.5,0.0,100.0,ALLOW,No alert required.
TXN000155,2026-01-15 10:11:31,55.34,True,NORMAL,NORMAL,0.5,0.0,100.0,ALLOW,No alert required.
TXN000156,2026-01-15 05:34:18,122.36,True,NORMAL,NORMAL,0.5,0.0,100.0,ALLOW,No alert required.
TXN000157,2026-01-15 23:22:28,985.16,True,NORMAL,NORMAL,0.5,0.0,52.0,MONITOR,No alert required.
TXN000158,2026-01-15 16:51:47,154.27,True,NORMAL,NORMAL,0.5,0.0,100.0,ALLOW,No alert required.
TXN000159,2026-01-15 07:49:41,15.51,True,NORMAL,NORMAL,0.5,0.0,100.0,ALLOW,No alert required.
TXN000160,2026-01-15 14:48:04,63.45,True,NORMAL,NORMAL,0.5,0.0,100.0,ALLOW,No alert required.
TXN000161,2026-01-15 15:33:24,129.69,True,NORMAL,NORMAL,0.5,0.0,100.0,ALLOW,No alert required.
TXN000162,2026-01-15 15:12:07,162.78,True,NORMAL,NORMAL,0.5,0.0,100.0,ALLOW,No alert required.
TXN000163,2026-01-15 10:42:22,154.73,True,NORMAL,NORMAL,0.5,0.0,100.0,ALLOW,No alert required.
TXN000164,2026-01-15 05:32:14,799.88,True,NORMAL,NORMAL,0.5,0.0,52.0,MONITOR,No alert required.
TXN000165,2026-01-15 14:51:35,100.13,True,NORMAL,NORMAL,0.5,0.0,100.0,ALLOW,No alert required.
TXN000166,2026-01-15 13:52:36,86.5,True,NORMAL,NORMAL,0.5,0.0,100.0,ALLOW,No alert required.
TXN000167,2026-01-15 17:40:37,164.82,True,NORMAL,NORMAL,0.5,0.0,100.0,ALLOW,No alert required.
TXN000168,2026-01-15 05:10:20,162.14,True,NORMAL,NORMAL,0.5,0.0,100.0,ALLOW,No alert required.
TXN000169,2026-01-15 17:17:08,118.97,True,NORMAL,NORMAL,0.5,0.0,100.0,ALLOW,No alert required.
TXN000170,2026-01-15 19:46:57,23.81,True,NORMAL,NORMAL,0.5,0.0,100.0,ALLOW,No alert required.
TXN000171,2026-01-15 06:49:36,257.81,True,NORMAL,NORMAL,0.5,0.0,100.0,ALLOW,No alert required.
TXN000172,2026-01-15 07:51:51,35.85,True,NORMAL,NORMAL,0.5,0.0,100.0,ALLOW,No alert required.
TXN000173,2026-01-15 06:21:38,175.81,True,NORMAL,NORMAL,0.5,0.0,100.0,ALLOW,No alert required.
TXN000174,2026-01-15 10:15:29,33.95,True,NORMAL,NORMAL,0.5,0.0,100.0,ALLOW,No alert required.
TXN000175,2026-01-15 13:15:55,139.73,True,NORMAL,NORMAL,0.5,0.0,100.0,ALLOW,No alert required.
TXN000176,2026-01-15 09:31:01,74.52,True,NORMAL,NORMAL,0.5,0.0,100.0,ALLOW,No alert required.
TXN000177,2026-01-15 20:43:30,133.21,True,NORMAL,NORMAL,0.5,0.0,100.0,ALLOW,No alert required.
TXN000178,2026-01-15 11:02:25,166.48,True,NORMAL,NORMAL,0.5,0.0,100.0,ALLOW,No alert required.
TXN000179,2026-01-15 08:52:39,281.22,True,NORMAL,NORMAL,0.5,0.0,100.0,ALLOW,No alert required.
TXN000180,2026-01-15 11:48:09,26.95,True,NORMAL,NORMAL,0.5,0.0,100.0,ALLOW,No alert required.
TXN000181,2026-01-15 16:29:09,269.33,True,NORMAL,NORMAL,0.5,0.0,100.0,ALLOW,No alert required.
TXN000182,2026-01-15 09:37:21,97.54,True,NORMAL,NORMAL,0.5,0.0,100.0,ALLOW,No alert required.
TXN000183,2026-01-15 13:37:19,174.4,True,NORMAL,NORMAL,0.5,0.0,100.0,ALLOW,No alert required.
TXN000184,2026-01-15 23:03:37,149.68,True,NORMAL,NORMAL,0.5,0.0,100.0,ALLOW,No alert required.
TXN000185,2026-01-15 06:01:28,203.82,True,NORMAL,NORMAL,0.5,0.0,100.0,ALLOW,No alert required.
TXN000186,2026-01-15 23:46:03,65.26,True,NORMAL,NORMAL,0.5,0.0,100.0,ALLOW,No alert required.
TXN000187,2026-01-15 05:29:58,113.71,True,NORMAL,NORMAL,0.5,0.0,100.0,ALLOW,No alert required.
TXN000188,2026-01-15 07:19:49,91.57,True,NORMAL,NORMAL,0.5,0.0,100.0,ALLOW,No alert required.
TXN000189,2026-01-15 09:07:36,238.6,True,NORMAL,NORMAL,0.5,0.0,100.0,ALLOW,No alert required.
TXN000190,2026-01-15 09:45:05,46.38,True,NORMAL,NORMAL,0.5,0.0,100.0,ALLOW,No alert required.
TXN000191,2026-01-15 08:08:06,29.81,True,NORMAL,NORMAL,0.5,0.0,100.0,ALLOW,No alert required.
TXN000192,2026-01-15 03:26:21,10.88,True,NORMAL,NORMAL,0.5,0.0,100.0,ALLOW,No alert required.
TXN000193,2026-01-15 15:30:41,119.8,True,NORMAL,NORMAL,0.5,0.0,100.0,ALLOW,No alert required.
TXN000194,2026-01-15 17:47:46,168.77,True,NORMAL,NORMAL,0.5,0.0,100.0,ALLOW,No alert required.
TXN000195,2026-01-15 05:59:47,106.55,True,NORMAL,NORMAL,0.5,0.0,100.0,ALLOW,No alert required.
TXN000196,2026-01-15 20:34:33,42.78,True,NORMAL,NORMAL,0.5,0.0,100.0,ALLOW,No alert required.
TXN000197,2026-01-15 08:45:11,124.65,True,NORMAL,NORMAL,0.5,0.0,100.0,ALLOW,No alert required.
TXN000198,2026-01-15 12:52:27,123.77,True,NORMAL,NORMAL,0.5,0.0,100.0,ALLOW,No alert required.
TXN000199,2026-01-15 07:00:16,172.19,True,NORMAL,NORMAL,0.5,0.0,100.0,ALLOW,No alert required.
TXN000200,2026-01-15 22:15:03,37.15,True,NORMAL,NORMAL,0.5,0.0,100.0,ALLOW,No alert required.
TXN000201,2026-01-15 09:44:07,47.54,True,NORMAL,NORMAL,0.5,0.0,100.0,ALLOW,No alert required.
TXN000202,2026-01-15 19:23:26,234.14,True,NORMAL,NORMAL,0.5,0.0,100.0,ALLOW,No alert required.
TXN000203,2026-01-15 19:55:50,207.42,True,NORMAL,NORMAL,0.5,0.0,100.0,ALLOW,No alert required.
TXN000204,2026-01-15 18:34:09,125.65,True,NORMAL,NORMAL,0.5,0.0,100.0,ALLOW,No alert required.
TXN000205,2026-01-15 14:51:03,105.86,True,NORMAL,NORMAL,0.5,0.0,100.0,ALLOW,No alert required.
TXN000206,2026-01-15 00:25:16,82.03,True,NORMAL,NORMAL,0.5,0.0,100.0,ALLOW,No alert required.
TXN000207,2026-01-15 15:02:18,73.66,True,NORMAL,NORMAL,0.5,0.0,100.0,ALLOW,No alert required.
TXN000208,2026-01-15 12:24:05,48.27,True,NORMAL,NORMAL,0.5,0.0,100.0,ALLOW,No alert required.
TXN000209,2026-01-15 07:53:00,124.49,True,NORMAL,NORMAL,0.5,0.0,100.0,ALLOW,No alert required.
TXN000210,2026-01-15 07:29:22,15.48,True,NORMAL,NORMAL,0.5,0.0,100.0,ALLOW,No alert required.
TXN000211,2026-01-15 00:15:13,111.62,True,NORMAL,NORMAL,0.5,0.0,100.0,ALLOW,No alert required.
TXN000212,2026-01-15 12:28:14,95.66,True,NORMAL,NORMAL,0.5,0.0,100.0,ALLOW,No alert required.
TXN000213,2026-01-15 10:36:38,158.96,True,NORMAL,NORMAL,0.5,0.0,100.0,ALLOW,No alert required.
TXN000214,2026-01-15 08:03:35,94.26,True,NORMAL,NORMAL,0.5,0.0,100.0,ALLOW,No alert required.
TXN000215,2026-01-15 16:20:44,118.4,True,NORMAL,NORMAL,0.5,0.0,100.0,ALLOW,No alert required.
TXN000216,2026-01-15 09:54:45,80.16,True,NORMAL,NORMAL,0.5,0.0,100.0,ALLOW,No alert required.
TXN000217,2026-01-15 04:13:21,2735.42,True,NORMAL,NORMAL,0.5,0.0,57.0,MONITOR,No alert required.
TXN000218,2026-01-15 04:24:43,3757.67,True,NORMAL,NORMAL,0.5,0.0,45.0,DENY,ALERT: DENY - Transaction evaluated by Qypher response policy.
TXN000219,2026-01-15 17:13:30,46.01,True,NORMAL,NORMAL,0.5,0.0,100.0,ALLOW,No alert required.
TXN000220,2026-01-15 15:58:15,264.91,True,NORMAL,NORMAL,0.5,0.0,100.0,ALLOW,No alert required.
TXN000221,2026-01-15 17:41:22,160.08,True,NORMAL,NORMAL,0.5,0.0,100.0,ALLOW,No alert required.
TXN000222,2026-01-15 10:58:13,105.63,True,NORMAL,NORMAL,0.5,0.0,100.0,ALLOW,No alert required.
TXN000223,2026-01-15 18:37:46,66.08,True,NORMAL,NORMAL,0.5,0.0,100.0,ALLOW,No alert required.
TXN000224,2026-01-15 20:43:21,38.6,True,NORMAL,NORMAL,0.5,0.0,100.0,ALLOW,No alert required.
TXN000225,2026-01-15 23:11:58,3604.49,True,NORMAL,NORMAL,0.5,0.0,45.0,DENY,ALERT: DENY - Transaction evaluated by Qypher response policy.
TXN000226,2026-01-15 07:04:45,87.52,True,NORMAL,NORMAL,0.5,0.0,100.0,ALLOW,No alert required.
TXN000227,2026-01-15 15:42:31,12.84,True,NORMAL,NORMAL,0.5,0.0,100.0,ALLOW,No alert required.
TXN000228,2026-01-15 16:52:44,265.71,True,NORMAL,NORMAL,0.5,0.0,100.0,ALLOW,No alert required.
TXN000229,2026-01-15 08:52:22,276.93,True,NORMAL,NORMAL,0.5,0.0,100.0,ALLOW,No alert required.
TXN000230,2026-01-15 09:43:52,74.47,True,NORMAL,NORMAL,0.5,0.0,100.0,ALLOW,No alert required.
TXN000231,2026-01-15 02:31:54,166.26,True,NORMAL,NORMAL,0.5,0.0,100.0,ALLOW,No alert required.
TXN000232,2026-01-15 18:30:17,105.8,True,NORMAL,NORMAL,0.5,0.0,100.0,ALLOW,No alert required.
TXN000233,2026-01-15 06:37:09,60.19,True,NORMAL,NORMAL,0.5,0.0,100.0,ALLOW,No alert required.
TXN000234,2026-01-15 17:21:24,136.73,True,NORMAL,NORMAL,0.5,0.0,100.0,ALLOW,No alert required.
TXN000235,2026-01-15 01:21:38,3109.67,True,NORMAL,NORMAL,0.5,0.0,45.0,DENY,ALERT: DENY - Transaction evaluated by Qypher response policy.
TXN000236,2026-01-15 15:14:22,200.88,True,NORMAL,NORMAL,0.5,0.0,100.0,ALLOW,No alert required.
TXN000237,2026-01-15 07:45:04,130.99,True,NORMAL,NORMAL,0.5,0.0,100.0,ALLOW,No alert required.
TXN000238,2026-01-15 03:05:00,27.38,True,NORMAL,NORMAL,0.5,0.0,100.0,ALLOW,No alert required.
TXN000239,2026-01-15 16:26:06,25.82,True,NORMAL,NORMAL,0.5,0.0,100.0,ALLOW,No alert required.
TXN000240,2026-01-15 09:26:24,98.59,True,NORMAL,NORMAL,0.5,0.0,100.0,ALLOW,No alert required.
TXN000241,2026-01-15 08:31:09,81.59,True,NORMAL,NORMAL,0.5,0.0,100.0,ALLOW,No alert required.
TXN000242,2026-01-15 07:46:40,45.1,True,NORMAL,NORMAL,0.5,0.0,100.0,ALLOW,No alert required.
TXN000243,2026-01-15 19:24:51,148.63,True,NORMAL,NORMAL,0.5,0.0,100.0,ALLOW,No alert required.
TXN000244,2026-01-15 10:38:44,173.98,True,NORMAL,NORMAL,0.5,0.0,100.0,ALLOW,No alert required.
TXN000245,2026-01-15 15:36:50,148.8,True,NORMAL,NORMAL,0.5,0.0,100.0,ALLOW,No alert required.
TXN000246,2026-01-15 18:34:11,272.49,True,NORMAL,NORMAL,0.5,0.0,100.0,ALLOW,No alert required.
TXN000247,2026-01-15 02:52:54,51.14,True,NORMAL,NORMAL,0.5,0.0,100.0,ALLOW,No alert required.
TXN000248,2026-01-15 02:28:38,153.8,True,NORMAL,NORMAL,0.5,0.0,100.0,ALLOW,No alert required.
TXN000249,2026-01-15 11:44:57,225.16,True,NORMAL,NORMAL,0.5,0.0,100.0,ALLOW,No alert required.
TXN000250,2026-01-15 01:36:41,44.82,True,NORMAL,NORMAL,0.5,0.0,100.0,ALLOW,No alert required.
TXN000251,2026-01-15 17:37:44,76.49,True,NORMAL,NORMAL,0.5,0.0,100.0,ALLOW,No alert required.
TXN000252,2026-01-15 11:01:30,29.73,True,NORMAL,NORMAL,0.5,0.0,100.0,ALLOW,No alert required.
TXN000253,2026-01-15 23:50:13,2365.03,True,NORMAL,NORMAL,0.5,0.0,45.0,DENY,ALERT: DENY - Transaction evaluated by Qypher response policy.
TXN000254,2026-01-15 02:19:02,120.15,True,NORMAL,NORMAL,0.5,0.0,100.0,ALLOW,No alert required.
TXN000255,2026-01-15 07:33:11,82.48,True,NORMAL,NORMAL,0.5,0.0,100.0,ALLOW,No alert required.
TXN000256,2026-01-15 05:40:42,256.2,True,NORMAL,NORMAL,0.5,0.0,100.0,ALLOW,No alert required.
TXN000257,2026-01-15 06:17:48,41.78,True,NORMAL,NORMAL,0.5,0.0,100.0,ALLOW,No alert required.
TXN000258,2026-01-15 23:33:40,2022.11,True,NORMAL,NORMAL,0.5,0.0,45.0,DENY,ALERT: DENY - Transaction evaluated by Qypher response policy.
TXN000259,2026-01-15 05:52:43,63.24,True,NORMAL,NORMAL,0.5,0.0,100.0,ALLOW,No alert required.
TXN000260,2026-01-15 04:32:24,120.37,True,NORMAL,NORMAL,0.5,0.0,100.0,ALLOW,No alert required.
TXN000261,2026-01-15 20:59:11,33.85,True,NORMAL,NORMAL,0.5,0.0,100.0,ALLOW,No alert required.
TXN000262,2026-01-15 00:31:08,202.24,True,NORMAL,NORMAL,0.5,0.0,100.0,ALLOW,No alert required.
TXN000263,2026-01-15 02:36:01,56.72,True,NORMAL,NORMAL,0.5,0.0,100.0,ALLOW,No alert required.
TXN000264,2026-01-15 23:49:49,47.06,True,NORMAL,NORMAL,0.5,0.0,100.0,ALLOW,No alert required.
TXN000265,2026-01-15 01:48:46,43.86,True,NORMAL,NORMAL,0.5,0.0,100.0,ALLOW,No alert required.
TXN000266,2026-01-15 01:28:16,141.86,True,NORMAL,NORMAL,0.5,0.0,100.0,ALLOW,No alert required.
TXN000267,2026-01-15 11:55:45,53.87,True,NORMAL,NORMAL,0.5,0.0,100.0,ALLOW,No alert required.
TXN000268,2026-01-15 17:17:38,59.19,True,NORMAL,NORMAL,0.5,0.0,100.0,ALLOW,No alert required.
TXN000269,2026-01-15 21:52:06,251.84,True,NORMAL,NORMAL,0.5,0.0,100.0,ALLOW,No alert required.
TXN000270,2026-01-15 05:53:15,3085.69,True,NORMAL,NORMAL,0.5,0.0,57.0,MONITOR,No alert required.
TXN000271,2026-01-15 20:50:56,137.47,True,NORMAL,NORMAL,0.5,0.0,100.0,ALLOW,No alert required.
TXN000272,2026-01-15 23:20:37,3723.58,True,NORMAL,NORMAL,0.5,0.0,45.0,DENY,ALERT: DENY - Transaction evaluated by Qypher response policy.
TXN000273,2026-01-15 06:31:17,108.25,True,NORMAL,NORMAL,0.5,0.0,100.0,ALLOW,No alert required.
TXN000274,2026-01-15 00:02:06,2376.89,True,NORMAL,NORMAL,0.5,0.0,55.0,MONITOR,No alert required.
TXN000275,2026-01-15 03:44:58,3187.43,True,NORMAL,NORMAL,0.5,0.0,45.0,DENY,ALERT: DENY - Transaction evaluated by Qypher response policy.
TXN000276,2026-01-15 21:57:41,133.42,True,NORMAL,NORMAL,0.5,0.0,100.0,ALLOW,No alert required.
TXN000277,2026-01-15 03:00:13,48.45,True,NORMAL,NORMAL,0.5,0.0,100.0,ALLOW,No alert required.
TXN000278,2026-01-15 03:55:27,48.92,True,NORMAL,NORMAL,0.5,0.0,100.0,ALLOW,No alert required.
TXN000279,2026-01-15 11:56:19,34.61,True,NORMAL,NORMAL,0.5,0.0,100.0,ALLOW,No alert required.
TXN000280,2026-01-15 11:46:13,126.72,True,NORMAL,NORMAL,0.5,0.0,100.0,ALLOW,No alert required.
TXN000281,2026-01-15 03:37:46,144.48,True,NORMAL,NORMAL,0.5,0.0,100.0,ALLOW,No alert required.
TXN000282,2026-01-15 19:38:46,44.93,True,NORMAL,NORMAL,0.5,0.0,100.0,ALLOW,No alert required.
TXN000283,2026-01-15 20:03:50,50.98,True,NORMAL,NORMAL,0.5,0.0,100.0,ALLOW,No alert required.
TXN000284,2026-01-15 00:23:59,81.55,True,NORMAL,NORMAL,0.5,0.0,100.0,ALLOW,No alert required.
TXN000285,2026-01-15 02:01:37,16.77,True,NORMAL,NORMAL,0.5,0.0,100.0,ALLOW,No alert required.
TXN000286,2026-01-15 20:45:32,38.42,True,NORMAL,NORMAL,0.5,0.0,100.0,ALLOW,No alert required.
TXN000287,2026-01-15 09:05:32,109.69,True,NORMAL,NORMAL,0.5,0.0,100.0,ALLOW,No alert required.
TXN000288,2026-01-15 09:44:27,24.66,True,NORMAL,NORMAL,0.5,0.0,100.0,ALLOW,No alert required.
TXN000289,2026-01-15 09:42:47,130.34,True,NORMAL,NORMAL,0.5,0.0,100.0,ALLOW,No alert required.
TXN000290,2026-01-15 16:33:50,31.58,True,NORMAL,NORMAL,0.5,0.0,100.0,ALLOW,No alert required.
TXN000291,2026-01-15 00:21:51,131.09,True,NORMAL,NORMAL,0.5,0.0,100.0,ALLOW,No alert required.
TXN000292,2026-01-15 11:03:31,53.37,True,NORMAL,NORMAL,0.5,0.0,100.0,ALLOW,No alert required.
TXN000293,2026-01-15 07:47:32,17.82,True,NORMAL,NORMAL,0.5,0.0,100.0,ALLOW,No alert required.
TXN000294,2026-01-15 01:35:51,83.53,True,NORMAL,NORMAL,0.5,0.0,100.0,ALLOW,No alert required.
TXN000295,2026-01-15 18:23:07,146.74,True,NORMAL,NORMAL,0.5,0.0,100.0,ALLOW,No alert required.
TXN000296,2026-01-15 09:49:54,87.65,True,NORMAL,NORMAL,0.5,0.0,100.0,ALLOW,No alert required.
TXN000297,2026-01-15 23:39:15,134.52,True,NORMAL,NORMAL,0.5,0.0,100.0,ALLOW,No alert required.
TXN000298,2026-01-15 13:01:14,10.25,True,NORMAL,NORMAL,0.5,0.0,100.0,ALLOW,No alert required.
TXN000299,2026-01-15 03:13:33,280.54,True,NORMAL,NORMAL,0.5,0.0,100.0,ALLOW,No alert required.
TXN000300,2026-01-15 16:26:44,26.25,True,NORMAL,NORMAL,0.5,0.0,100.0,ALLOW,No alert required.
TXN000301,2026-01-15 13:42:08,167.43,True,NORMAL,NORMAL,0.5,0.0,100.0,ALLOW,No alert required.
TXN000302,2026-01-15 14:17:14,28.53,True,NORMAL,NORMAL,0.5,0.0,100.0,ALLOW,No alert required.
TXN000303,2026-01-15 03:34:22,88.77,True,NORMAL,NORMAL,0.5,0.0,100.0,ALLOW,No alert required.
TXN000304,2026-01-15 09:52:45,243.37,True,NORMAL,NORMAL,0.5,0.0,100.0,ALLOW,No alert required.
TXN000305,2026-01-15 11:25:32,15.28,True,NORMAL,NORMAL,0.5,0.0,100.0,ALLOW,No alert required.
TXN000306,2026-01-15 07:06:29,20.48,True,NORMAL,NORMAL,0.5,0.0,100.0,ALLOW,No alert required.
TXN000307,2026-01-15 12:23:43,13.71,True,NORMAL,NORMAL,0.5,0.0,100.0,ALLOW,No alert required.
TXN000308,2026-01-15 04:05:57,18.61,True,NORMAL,NORMAL,0.5,0.0,100.0,ALLOW,No alert required.
TXN000309,2026-01-15 15:01:24,74.4,True,NORMAL,NORMAL,0.5,0.0,100.0,ALLOW,No alert required.
TXN000310,2026-01-15 01:39:39,80.04,True,NORMAL,NORMAL,0.5,0.0,100.0,ALLOW,No alert required.
TXN000311,2026-01-15 04:26:12,232.2,True,NORMAL,NORMAL,0.5,0.0,100.0,ALLOW,No alert required.
TXN000312,2026-01-15 17:50:31,89.56,True,NORMAL,NORMAL,0.5,0.0,92.0,ALLOW,No alert required.
TXN000313,2026-01-15 01:51:30,27.02,True,NORMAL,NORMAL,0.5,0.0,100.0,ALLOW,No alert required.
TXN000314,2026-01-15 23:03:48,270.38,True,NORMAL,NORMAL,0.5,0.0,100.0,ALLOW,No alert required.
TXN000315,2026-01-15 10:51:47,171.08,True,NORMAL,NORMAL,0.5,0.0,100.0,ALLOW,No alert required.
TXN000316,2026-01-15 15:34:19,19.55,True,NORMAL,NORMAL,0.5,0.0,100.0,ALLOW,No alert required.
TXN000317,2026-01-15 10:58:39,166.19,True,NORMAL,NORMAL,0.5,0.0,100.0,ALLOW,No alert required.
TXN000318,2026-01-15 03:54:33,109.62,True,NORMAL,NORMAL,0.5,0.0,100.0,ALLOW,No alert required.
TXN000319,2026-01-15 23:27:50,130.22,True,NORMAL,NORMAL,0.5,0.0,100.0,ALLOW,No alert required.
TXN000320,2026-01-15 11:14:42,134.78,True,NORMAL,NORMAL,0.5,0.0,100.0,ALLOW,No alert required.
TXN000321,2026-01-15 18:02:11,27.7,True,NORMAL,NORMAL,0.5,0.0,100.0,ALLOW,No alert required.
TXN000322,2026-01-15 10:10:40,55.09,True,NORMAL,NORMAL,0.5,0.0,100.0,ALLOW,No alert required.
TXN000323,2026-01-15 01:46:00,4061.3,True,NORMAL,NORMAL,0.5,0.0,45.0,DENY,ALERT: DENY - Transaction evaluated by Qypher response policy.
TXN000324,2026-01-15 05:34:24,980.1,True,NORMAL,NORMAL,0.5,0.0,52.0,MONITOR,No alert required.
TXN000325,2026-01-15 00:20:16,160.95,True,NORMAL,NORMAL,0.5,0.0,100.0,ALLOW,No alert required.
TXN000326,2026-01-15 02:21:38,170.22,True,NORMAL,NORMAL,0.5,0.0,100.0,ALLOW,No alert required.
TXN000327,2026-01-15 03:21:13,96.89,True,NORMAL,NORMAL,0.5,0.0,100.0,ALLOW,No alert required.
TXN000328,2026-01-15 15:09:03,60.07,True,NORMAL,NORMAL,0.5,0.0,100.0,ALLOW,No alert required.
TXN000329,2026-01-15 00:13:10,153.44,True,NORMAL,NORMAL,0.5,0.0,100.0,ALLOW,No alert required.
TXN000330,2026-01-15 21:16:05,116.92,True,NORMAL,NORMAL,0.5,0.0,100.0,ALLOW,No alert required.
TXN000331,2026-01-15 14:16:14,220.61,True,NORMAL,NORMAL,0.5,0.0,100.0,ALLOW,No alert required.
TXN000332,2026-01-15 17:26:48,149.13,True,NORMAL,NORMAL,0.5,0.0,100.0,ALLOW,No alert required.
TXN000333,2026-01-15 23:36:56,4130.55,True,NORMAL,NORMAL,0.5,0.0,45.0,DENY,ALERT: DENY - Transaction evaluated by Qypher response policy.
TXN000334,2026-01-15 18:57:33,274.2,True,NORMAL,NORMAL,0.5,0.0,100.0,ALLOW,No alert required.
TXN000335,2026-01-15 06:51:12,178.01,True,NORMAL,NORMAL,0.5,0.0,100.0,ALLOW,No alert required.
TXN000336,2026-01-15 19:16:20,104.58,True,NORMAL,NORMAL,0.5,0.0,100.0,ALLOW,No alert required.
TXN000337,2026-01-15 00:50:44,128.73,True,NORMAL,NORMAL,0.5,0.0,100.0,ALLOW,No alert required.
TXN000338,2026-01-15 03:59:06,159.62,True,NORMAL,NORMAL,0.5,0.0,100.0,ALLOW,No alert required.
TXN000339,2026-01-15 18:38:30,34.45,True,NORMAL,NORMAL,0.5,0.0,100.0,ALLOW,No alert required.
TXN000340,2026-01-15 22:15:03,13.44,True,NORMAL,NORMAL,0.5,0.0,100.0,ALLOW,No alert required.
TXN000341,2026-01-15 15:54:44,61.08,True,NORMAL,NORMAL,0.5,0.0,100.0,ALLOW,No alert required.
TXN000342,2026-01-15 23:26:38,45.94,True,NORMAL,NORMAL,0.5,0.0,100.0,ALLOW,No alert required.
TXN000343,2026-01-15 11:52:03,130.63,True,NORMAL,NORMAL,0.5,0.0,100.0,ALLOW,No alert required.
TXN000344,2026-01-15 18:01:11,15.62,True,NORMAL,NORMAL,0.5,0.0,100.0,ALLOW,No alert required.
TXN000345,2026-01-15 11:52:29,81.81,True,NORMAL,NORMAL,0.5,0.0,100.0,ALLOW,No alert required.
TXN000346,2026-01-15 15:37:35,137.32,True,NORMAL,NORMAL,0.5,0.0,100.0,ALLOW,No alert required.
TXN000347,2026-01-15 05:54:36,125.21,True,NORMAL,NORMAL,0.5,0.0,100.0,ALLOW,No alert required.
TXN000348,2026-01-15 15:58:08,52.91,True,NORMAL,NORMAL,0.5,0.0,100.0,ALLOW,No alert required.
TXN000349,2026-01-15 20:17:27,47.1,True,NORMAL,NORMAL,0.5,0.0,100.0,ALLOW,No alert required.
TXN000350,2026-01-15 18:06:00,126.35,True,NORMAL,NORMAL,0.5,0.0,100.0,ALLOW,No alert required.
TXN000351,2026-01-15 10:55:17,97.94,True,NORMAL,NORMAL,0.5,0.0,100.0,ALLOW,No alert required.
TXN000352,2026-01-15 19:25:42,179.57,True,NORMAL,NORMAL,0.5,0.0,100.0,ALLOW,No alert required.
TXN000353,2026-01-15 01:37:45,126.67,True,NORMAL,NORMAL,0.5,0.0,100.0,ALLOW,No alert required.
TXN000354,2026-01-15 11:32:19,42.55,True,NORMAL,NORMAL,0.5,0.0,100.0,ALLOW,No alert required.
TXN000355,2026-01-15 05:43:57,47.97,True,NORMAL,NORMAL,0.5,0.0,100.0,ALLOW,No alert required.
TXN000356,2026-01-15 11:16:37,19.13,True,NORMAL,NORMAL,0.5,0.0,100.0,ALLOW,No alert required.
TXN000357,2026-01-15 15:56:12,60.72,True,NORMAL,NORMAL,0.5,0.0,100.0,ALLOW,No alert required.
TXN000358,2026-01-15 06:21:26,156.61,True,NORMAL,NORMAL,0.5,0.0,100.0,ALLOW,No alert required.
TXN000359,2026-01-15 05:20:40,45.6,True,NORMAL,NORMAL,0.5,0.0,100.0,ALLOW,No alert required.
TXN000360,2026-01-15 02:08:39,278.57,True,NORMAL,NORMAL,0.5,0.0,100.0,ALLOW,No alert required.
TXN000361,2026-01-15 11:00:57,200.08,True,NORMAL,NORMAL,0.5,0.0,100.0,ALLOW,No alert required.
TXN000362,2026-01-15 11:19:08,33.76,True,NORMAL,NORMAL,0.5,0.0,100.0,ALLOW,No alert required.
TXN000363,2026-01-15 16:38:33,286.95,True,NORMAL,NORMAL,0.5,0.0,100.0,ALLOW,No alert required.
TXN000364,2026-01-15 12:01:14,110.25,True,NORMAL,NORMAL,0.5,0.0,100.0,ALLOW,No alert required.
TXN000365,2026-01-15 01:24:56,179.1,True,NORMAL,NORMAL,0.5,0.0,100.0,ALLOW,No alert required.
TXN000366,2026-01-15 13:28:24,206.91,True,NORMAL,NORMAL,0.5,0.0,100.0,ALLOW,No alert required.
TXN000367,2026-01-15 21:06:42,151.21,True,NORMAL,NORMAL,0.5,0.0,100.0,ALLOW,No alert required.
TXN000368,2026-01-15 03:50:06,151.35,True,NORMAL,NORMAL,0.5,0.0,100.0,ALLOW,No alert required.
TXN000369,2026-01-15 05:02:35,49.87,True,NORMAL,NORMAL,0.5,0.0,100.0,ALLOW,No alert required.
TXN000370,2026-01-15 18:42:31,163.81,True,NORMAL,NORMAL,0.5,0.0,100.0,ALLOW,No alert required.
TXN000371,2026-01-15 04:29:03,3746.07,True,NORMAL,NORMAL,0.5,0.0,45.0,DENY,ALERT: DENY - Transaction evaluated by Qypher response policy.
TXN000372,2026-01-15 03:06:54,122.77,True,NORMAL,NORMAL,0.5,0.0,100.0,ALLOW,No alert required.
TXN000373,2026-01-15 19:17:56,41.09,True,NORMAL,NORMAL,0.5,0.0,100.0,ALLOW,No alert required.
TXN000374,2026-01-15 12:44:54,52.04,True,NORMAL,NORMAL,0.5,0.0,100.0,ALLOW,No alert required.
TXN000375,2026-01-15 03:26:58,113.92,True,NORMAL,NORMAL,0.5,0.0,100.0,ALLOW,No alert required.
TXN000376,2026-01-15 23:57:08,84.92,True,NORMAL,NORMAL,0.5,0.0,100.0,ALLOW,No alert required.
TXN000377,2026-01-15 21:55:21,195.99,True,NORMAL,NORMAL,0.5,0.0,100.0,ALLOW,No alert required.
TXN000378,2026-01-15 12:09:53,191.0,True,NORMAL,NORMAL,0.5,0.0,100.0,ALLOW,No alert required.
TXN000379,2026-01-15 05:04:48,174.92,True,NORMAL,NORMAL,0.5,0.0,100.0,ALLOW,No alert required.
TXN000380,2026-01-15 12:52:15,86.18,True,NORMAL,NORMAL,0.5,0.0,100.0,ALLOW,No alert required.
TXN000381,2026-01-15 15:47:41,16.09,True,NORMAL,NORMAL,0.5,0.0,100.0,ALLOW,No alert required.
TXN000382,2026-01-15 19:40:19,274.5,True,NORMAL,NORMAL,0.5,0.0,100.0,ALLOW,No alert required.
TXN000383,2026-01-15 14:21:35,210.73,True,NORMAL,NORMAL,0.5,0.0,100.0,ALLOW,No alert required.
TXN000384,2026-01-15 10:22:53,17.78,True,NORMAL,NORMAL,0.5,0.0,100.0,ALLOW,No alert required.
TXN000385,2026-01-15 23:26:06,48.84,True,NORMAL,NORMAL,0.5,0.0,100.0,ALLOW,No alert required.
TXN000386,2026-01-15 06:45:21,49.52,True,NORMAL,NORMAL,0.5,0.0,100.0,ALLOW,No alert required.
TXN000387,2026-01-15 16:08:31,270.4,True,NORMAL,NORMAL,0.5,0.0,100.0,ALLOW,No alert required.
TXN000388,2026-01-15 05:44:37,121.78,True,NORMAL,NORMAL,0.5,0.0,100.0,ALLOW,No alert required.
TXN000389,2026-01-15 13:38:58,173.81,True,NORMAL,NORMAL,0.5,0.0,100.0,ALLOW,No alert required.
TXN000390,2026-01-15 13:38:44,250.11,True,NORMAL,NORMAL,0.5,0.0,100.0,ALLOW,No alert required.
TXN000391,2026-01-15 03:13:39,2614.8,True,NORMAL,NORMAL,0.5,0.0,45.0,DENY,ALERT: DENY - Transaction evaluated by Qypher response policy.
TXN000392,2026-01-15 22:07:48,171.21,True,NORMAL,NORMAL,0.5,0.0,100.0,ALLOW,No alert required.
TXN000393,2026-01-15 17:18:56,74.75,True,NORMAL,NORMAL,0.5,0.0,100.0,ALLOW,No alert required.
TXN000394,2026-01-15 05:18:43,44.68,True,NORMAL,NORMAL,0.5,0.0,100.0,ALLOW,No alert required.
TXN000395,2026-01-15 03:47:41,4220.64,True,NORMAL,NORMAL,0.5,0.0,45.0,DENY,ALERT: DENY - Transaction evaluated by Qypher response policy.
TXN000396,2026-01-15 10:35:03,157.7,True,NORMAL,NORMAL,0.5,0.0,100.0,ALLOW,No alert required.
TXN000397,2026-01-15 20:45:45,60.01,True,NORMAL,NORMAL,0.5,0.0,100.0,ALLOW,No alert required.
TXN000398,2026-01-15 05:47:32,91.92,True,NORMAL,NORMAL,0.5,0.0,100.0,ALLOW,No alert required.
TXN000399,2026-01-15 00:21:29,167.87,True,NORMAL,NORMAL,0.5,0.0,100.0,ALLOW,No alert required.
TXN000400,2026-01-15 21:19:31,229.26,True,NORMAL,NORMAL,0.5,0.0,100.0,ALLOW,No alert required.
TXN000401,2026-01-15 02:50:32,111.04,True,NORMAL,NORMAL,0.5,0.0,100.0,ALLOW,No alert required.
TXN000402,2026-01-15 09:13:48,240.04,True,NORMAL,NORMAL,0.5,0.0,100.0,ALLOW,No alert required.
TXN000403,2026-01-15 14:15:57,201.65,True,NORMAL,NORMAL,0.5,0.0,100.0,ALLOW,No alert required.
TXN000404,2026-01-15 12:16:34,149.76,True,NORMAL,NORMAL,0.5,0.0,100.0,ALLOW,No alert required.
TXN000405,2026-01-15 01:18:57,24.0,True,NORMAL,NORMAL,0.5,0.0,100.0,ALLOW,No alert required.
TXN000406,2026-01-15 00:40:04,2743.47,True,NORMAL,NORMAL,0.5,0.0,45.0,DENY,ALERT: DENY - Transaction evaluated by Qypher response policy.
TXN000407,2026-01-15 13:41:52,131.87,True,NORMAL,NORMAL,0.5,0.0,100.0,ALLOW,No alert required.
TXN000408,2026-01-15 08:35:04,75.97,True,NORMAL,NORMAL,0.5,0.0,100.0,ALLOW,No alert required.
TXN000409,2026-01-15 00:41:46,4226.58,True,NORMAL,NORMAL,0.5,0.0,45.0,DENY,ALERT: DENY - Transaction evaluated by Qypher response policy.
TXN000410,2026-01-15 09:38:05,149.76,True,NORMAL,NORMAL,0.5,0.0,100.0,ALLOW,No alert required.
TXN000411,2026-01-15 06:50:51,4338.09,True,NORMAL,NORMAL,0.5,0.0,55.0,MONITOR,No alert required.
TXN000412,2026-01-15 04:07:02,164.93,True,NORMAL,NORMAL,0.5,0.0,100.0,ALLOW,No alert required.
TXN000413,2026-01-15 23:22:13,66.05,True,NORMAL,NORMAL,0.5,0.0,100.0,ALLOW,No alert required.
TXN000414,2026-01-15 21:51:36,35.9,True,NORMAL,NORMAL,0.5,0.0,100.0,ALLOW,No alert required.
TXN000415,2026-01-15 18:31:21,58.47,True,NORMAL,NORMAL,0.5,0.0,100.0,ALLOW,No alert required.
TXN000416,2026-01-15 10:39:42,170.19,True,NORMAL,NORMAL,0.5,0.0,100.0,ALLOW,No alert required.
TXN000417,2026-01-15 10:15:50,52.53,True,NORMAL,NORMAL,0.5,0.0,100.0,ALLOW,No alert required.
TXN000418,2026-01-15 11:49:19,191.59,True,NORMAL,NORMAL,0.5,0.0,100.0,ALLOW,No alert required.
TXN000419,2026-01-15 17:12:16,154.43,True,NORMAL,NORMAL,0.5,0.0,100.0,ALLOW,No alert required.
TXN000420,2026-01-15 18:13:58,259.16,True,NORMAL,NORMAL,0.5,0.0,100.0,ALLOW,No alert required.
TXN000421,2026-01-15 12:14:57,142.4,True,NORMAL,NORMAL,0.5,0.0,100.0,ALLOW,No alert required.
TXN000422,2026-01-15 21:15:54,37.07,True,NORMAL,NORMAL,0.5,0.0,100.0,ALLOW,No alert required.
TXN000423,2026-01-15 04:47:46,139.45,True,NORMAL,NORMAL,0.5,0.0,100.0,ALLOW,No alert required.
TXN000424,2026-01-15 21:13:33,255.78,True,NORMAL,NORMAL,0.5,0.0,100.0,ALLOW,No alert required.
TXN000425,2026-01-15 16:40:53,121.12,True,NORMAL,NORMAL,0.5,0.0,100.0,ALLOW,No alert required.
TXN000426,2026-01-15 16:16:24,238.29,True,NORMAL,NORMAL,0.5,0.0,100.0,ALLOW,No alert required.
TXN000427,2026-01-15 00:32:56,23.1,True,NORMAL,NORMAL,0.5,0.0,100.0,ALLOW,No alert required.
TXN000428,2026-01-15 11:38:45,132.44,True,NORMAL,NORMAL,0.5,0.0,100.0,ALLOW,No alert required.
TXN000429,2026-01-15 05:41:53,31.74,True,NORMAL,NORMAL,0.5,0.0,100.0,ALLOW,No alert required.
TXN000430,2026-01-15 18:09:03,172.9,True,NORMAL,NORMAL,0.5,0.0,100.0,ALLOW,No alert required.
TXN000431,2026-01-15 02:13:28,47.29,True,NORMAL,NORMAL,0.5,0.0,100.0,ALLOW,No alert required.
TXN000432,2026-01-15 05:39:42,166.8,True,NORMAL,NORMAL,0.5,0.0,100.0,ALLOW,No alert required.
TXN000433,2026-01-15 02:06:01,1374.2,True,NORMAL,NORMAL,0.5,0.0,45.0,DENY,ALERT: DENY - Transaction evaluated by Qypher response policy.
TXN000434,2026-01-15 01:56:50,147.17,True,NORMAL,NORMAL,0.5,0.0,100.0,ALLOW,No alert required.
TXN000435,2026-01-15 21:41:27,205.76,True,NORMAL,NORMAL,0.5,0.0,100.0,ALLOW,No alert required.
TXN_20260928174918498911,2026-09-28 17:49:18,2000.0,True,NORMAL,NORMAL,0.5,0.0,95.0,ALLOW,No alert required.
TXN000437,2026-01-15 09:38:56,17.49,True,NORMAL,NORMAL,0.5,0.0,100.0,ALLOW,No alert required.
TXN000438,2026-01-15 16:00:24,71.59,True,NORMAL,NORMAL,0.5,0.0,100.0,ALLOW,No alert required.
TXN000439,2026-01-15 06:36:23,2798.0,True,NORMAL,NORMAL,0.5,0.0,57.0,MONITOR,No alert required.
TXN000440,2026-01-15 11:35:35,68.54,True,NORMAL,NORMAL,0.5,0.0,100.0,ALLOW,No alert required.
TXN000441,2026-01-15 21:07:47,46.46,True,NORMAL,NORMAL,0.5,0.0,100.0,ALLOW,No alert required.
TXN000442,2026-01-15 22:43:45,146.74,True,NORMAL,NORMAL,0.5,0.0,100.0,ALLOW,No alert required.
TXN000443,2026-01-15 02:04:16,16.42,True,NORMAL,NORMAL,0.5,0.0,100.0,ALLOW,No alert required.
TXN000444,2026-01-15 16:18:45,84.63,True,NORMAL,NORMAL,0.5,0.0,100.0,ALLOW,No alert required.
TXN000445,2026-01-15 09:12:02,62.1,True,NORMAL,NORMAL,0.5,0.0,100.0,ALLOW,No alert required.
TXN000446,2026-01-15 02:17:49,109.63,True,NORMAL,NORMAL,0.5,0.0,100.0,ALLOW,No alert required.
TXN000447,2026-01-15 17:18:46,278.01,True,NORMAL,NORMAL,0.5,0.0,100.0,ALLOW,No alert required.
TXN000448,2026-01-15 12:36:00,28.1,True,NORMAL,NORMAL,0.5,0.0,100.0,ALLOW,No alert required.
TXN000449,2026-01-15 16:16:56,278.77,True,NORMAL,NORMAL,0.5,0.0,100.0,ALLOW,No alert required.
TXN000450,2026-01-15 14:43:29,53.83,True,NORMAL,NORMAL,0.5,0.0,100.0,ALLOW,No alert required.
TXN000451,2026-01-15 22:14:51,161.7,True,NORMAL,NORMAL,0.5,0.0,100.0,ALLOW,No alert required.
TXN000452,2026-01-15 12:43:47,63.36,True,NORMAL,NORMAL,0.5,0.0,100.0,ALLOW,No alert required.
TXN000453,2026-01-15 23:43:59,135.02,True,NORMAL,NORMAL,0.5,0.0,100.0,ALLOW,No alert required.
TXN000454,2026-01-15 07:53:39,166.43,True,NORMAL,NORMAL,0.5,0.0,100.0,ALLOW,No alert required.
TXN000455,2026-01-15 17:02:54,162.68,True,NORMAL,NORMAL,0.5,0.0,100.0,ALLOW,No alert required.
TXN000456,2026-01-15 05:48:58,137.53,True,NORMAL,NORMAL,0.5,0.0,100.0,ALLOW,No alert required.
TXN000457,2026-01-15 17:02:32,281.61,True,NORMAL,NORMAL,0.5,0.0,100.0,ALLOW,No alert required.
TXN000458,2026-01-15 00:43:13,114.36,True,NORMAL,NORMAL,0.5,0.0,100.0,ALLOW,No alert required.
TXN000459,2026-01-15 08:30:39,82.07,True,NORMAL,NORMAL,0.5,0.0,100.0,ALLOW,No alert required.
TXN000460,2026-01-15 12:17:28,202.6,True,NORMAL,NORMAL,0.5,0.0,100.0,ALLOW,No alert required.
TXN000461,2026-01-15 17:27:54,90.41,True,NORMAL,NORMAL,0.5,0.0,100.0,ALLOW,No alert required.
TXN000462,2026-01-15 20:33:34,52.67,True,NORMAL,NORMAL,0.5,0.0,100.0,ALLOW,No alert required.
TXN000463,2026-01-15 05:03:13,136.58,True,NORMAL,NORMAL,0.5,0.0,100.0,ALLOW,No alert required.
TXN000464,2026-01-15 08:22:01,43.82,True,NORMAL,NORMAL,0.5,0.0,100.0,ALLOW,No alert required.
TXN000465,2026-01-15 09:22:20,257.98,True,NORMAL,NORMAL,0.5,0.0,100.0,ALLOW,No alert required.
TXN000466,2026-01-15 04:55:10,107.18,True,NORMAL,NORMAL,0.5,0.0,100.0,ALLOW,No alert required.
TXN000467,2026-01-15 07:20:20,119.59,True,NORMAL,NORMAL,0.5,0.0,100.0,ALLOW,No alert required.
TXN000468,2026-01-15 11:47:37,41.26,True,NORMAL,NORMAL,0.5,0.0,100.0,ALLOW,No alert required.
TXN000469,2026-01-15 23:44:47,27.51,True,NORMAL,NORMAL,0.5,0.0,100.0,ALLOW,No alert required.
TXN000470,2026-01-15 00:49:25,1020.38,True,NORMAL,NORMAL,0.5,0.0,45.0,DENY,ALERT: DENY - Transaction evaluated by Qypher response policy.
TXN000471,2026-01-15 09:14:15,32.32,True,NORMAL,NORMAL,0.5,0.0,100.0,ALLOW,No alert required.
TXN000472,2026-01-15 10:55:30,137.0,True,NORMAL,NORMAL,0.5,0.0,100.0,ALLOW,No alert required.
TXN000473,2026-01-15 19:29:40,190.02,True,NORMAL,NORMAL,0.5,0.0,100.0,ALLOW,No alert required.
TXN000474,2026-01-15 07:51:05,54.17,True,NORMAL,NORMAL,0.5,0.0,100.0,ALLOW,No alert required.
TXN000475,2026-01-15 04:22:18,273.57,True,NORMAL,NORMAL,0.5,0.0,100.0,ALLOW,No alert required.
TXN000476,2026-01-15 09:38:14,127.99,True,NORMAL,NORMAL,0.5,0.0,100.0,ALLOW,No alert required.
TXN000477,2026-01-15 23:41:24,81.78,True,NORMAL,NORMAL,0.5,0.0,100.0,ALLOW,No alert required.
TXN000478,2026-01-15 22:43:17,67.14,True,NORMAL,NORMAL,0.5,0.0,100.0,ALLOW,No alert required.
TXN000479,2026-01-15 14:39:28,103.22,True,NORMAL,NORMAL,0.5,0.0,100.0,ALLOW,No alert required.
TXN000480,2026-01-15 04:17:08,1272.6,True,NORMAL,NORMAL,0.5,0.0,45.0,DENY,ALERT: DENY - Transaction evaluated by Qypher response policy.
TXN000481,2026-01-15 13:19:50,66.14,True,NORMAL,NORMAL,0.5,0.0,100.0,ALLOW,No alert required.
TXN000482,2026-01-15 02:34:30,150.8,True,NORMAL,NORMAL,0.5,0.0,100.0,ALLOW,No alert required.
TXN000483,2026-01-15 14:15:47,98.59,True,NORMAL,NORMAL,0.5,0.0,100.0,ALLOW,No alert required.
TXN000484,2026-01-15 09:59:20,91.81,True,NORMAL,NORMAL,0.5,0.0,100.0,ALLOW,No alert required.
TXN000485,2026-01-15 03:15:40,145.05,True,NORMAL,NORMAL,0.5,0.0,100.0,ALLOW,No alert required.
TXN000486,2026-01-15 01:37:50,141.04,True,NORMAL,NORMAL,0.5,0.0,100.0,ALLOW,No alert required.
TXN000487,2026-01-15 10:59:48,119.58,True,NORMAL,NORMAL,0.5,0.0,100.0,ALLOW,No alert required.
TXN000488,2026-01-15 07:20:35,13.63,True,NORMAL,NORMAL,0.5,0.0,100.0,ALLOW,No alert required.
TXN000489,2026-01-15 01:31:45,205.59,True,NORMAL,NORMAL,0.5,0.0,100.0,ALLOW,No alert required.
TXN000490,2026-01-15 23:29:17,160.47,True,NORMAL,NORMAL,0.5,0.0,100.0,ALLOW,No alert required.
TXN000491,2026-01-15 14:00:49,256.16,True,NORMAL,NORMAL,0.5,0.0,100.0,ALLOW,No alert required.
TXN000492,2026-01-15 10:46:04,158.55,True,NORMAL,NORMAL,0.5,0.0,100.0,ALLOW,No alert required.
TXN000493,2026-01-15 10:26:41,122.01,True,NORMAL,NORMAL,0.5,0.0,100.0,ALLOW,No alert required.
TXN000494,2026-01-15 01:12:06,107.07,True,NORMAL,NORMAL,0.5,0.0,100.0,ALLOW,No alert required.
TXN000495,2026-01-15 22:37:16,132.03,True,NORMAL,NORMAL,0.5,0.0,100.0,ALLOW,No alert required.
TXN000496,2026-01-15 02:29:51,136.39,True,NORMAL,NORMAL,0.5,0.0,100.0,ALLOW,No alert required.
TXN000497,2026-01-15 01:52:39,242.97,True,NORMAL,NORMAL,0.5,0.0,100.0,ALLOW,No alert required.
TXN000498,2026-01-15 03:46:14,159.12,True,NORMAL,NORMAL,0.5,0.0,100.0,ALLOW,No alert required.
TXN000499,2026-01-15 23:35:26,129.43,True,NORMAL,NORMAL,0.5,0.0,100.0,ALLOW,No alert required.
TXN000500,2026-01-15 17:25:32,163.42,True,NORMAL,NORMAL,0.5,0.0,100.0,ALLOW,No alert required.
TXN000501,2026-01-15 13:48:40,102.76,True,NORMAL,NORMAL,0.5,0.0,100.0,ALLOW,No alert required.
TXN000502,2026-01-15 11:28:28,111.28,True,NORMAL,NORMAL,0.5,0.0,100.0,ALLOW,No alert required.
TXN000503,2026-01-15 09:14:13,96.92,True,NORMAL,NORMAL,0.5,0.0,100.0,ALLOW,No alert required.
TXN000504,2026-01-15 14:22:09,52.48,True,NORMAL,NORMAL,0.5,0.0,100.0,ALLOW,No alert required.
TXN000505,2026-01-15 18:58:13,39.39,True,NORMAL,NORMAL,0.5,0.0,100.0,ALLOW,No alert required.
TXN000506,2026-01-15 01:38:41,4203.11,True,NORMAL,NORMAL,0.5,0.0,45.0,DENY,ALERT: DENY - Transaction evaluated by Qypher response policy.
TXN000507,2026-01-15 13:59:55,19.2,True,NORMAL,NORMAL,0.5,0.0,100.0,ALLOW,No alert required.
TXN000508,2026-01-15 10:32:44,175.08,True,NORMAL,NORMAL,0.5,0.0,100.0,ALLOW,No alert required.
TXN000509,2026-01-15 13:18:50,24.03,True,NORMAL,NORMAL,0.5,0.0,100.0,ALLOW,No alert required.
TXN000510,2026-01-15 02:25:32,105.08,True,NORMAL,NORMAL,0.5,0.0,100.0,ALLOW,No alert required.
TXN000511,2026-01-15 19:47:33,142.05,True,NORMAL,NORMAL,0.5,0.0,100.0,ALLOW,No alert required.
TXN000512,2026-01-15 06:27:23,3624.79,True,NORMAL,NORMAL,0.5,0.0,45.0,DENY,ALERT: DENY - Transaction evaluated by Qypher response policy.
TXN000513,2026-01-15 19:52:51,28.21,True,NORMAL,NORMAL,0.5,0.0,100.0,ALLOW,No alert required.
TXN000514,2026-01-15 23:54:05,167.54,True,NORMAL,NORMAL,0.5,0.0,100.0,ALLOW,No alert required.
TXN000515,2026-01-15 09:28:30,46.02,True,NORMAL,NORMAL,0.5,0.0,100.0,ALLOW,No alert required.
TXN000516,2026-01-15 19:46:09,164.03,True,NORMAL,NORMAL,0.5,0.0,100.0,ALLOW,No alert required.
TXN000517,2026-01-15 22:39:17,76.07,True,NORMAL,NORMAL,0.5,0.0,100.0,ALLOW,No alert required.
TXN000518,2026-01-15 03:01:18,154.32,True,NORMAL,NORMAL,0.5,0.0,100.0,ALLOW,No alert required.
TXN000519,2026-01-15 19:34:05,167.48,True,NORMAL,NORMAL,0.5,0.0,100.0,ALLOW,No alert required.
TXN000520,2026-01-15 10:31:25,126.33,True,NORMAL,NORMAL,0.5,0.0,100.0,ALLOW,No alert required.
TXN000521,2026-01-15 16:17:51,170.5,True,NORMAL,NORMAL,0.5,0.0,100.0,ALLOW,No alert required.
TXN000522,2026-01-15 06:42:08,2877.01,True,NORMAL,NORMAL,0.5,0.0,45.0,DENY,ALERT: DENY - Transaction evaluated by Qypher response policy.
TXN000523,2026-01-15 19:21:28,108.78,True,NORMAL,NORMAL,0.5,0.0,100.0,ALLOW,No alert required.
TXN000524,2026-01-15 22:45:57,121.56,True,NORMAL,NORMAL,0.5,0.0,100.0,ALLOW,No alert required.
TXN000525,2026-01-15 05:20:53,173.4,True,NORMAL,NORMAL,0.5,0.0,100.0,ALLOW,No alert required.
TXN000526,2026-01-15 20:59:47,32.36,True,NORMAL,NORMAL,0.5,0.0,100.0,ALLOW,No alert required.
TXN000527,2026-01-15 19:36:39,202.97,True,NORMAL,NORMAL,0.5,0.0,100.0,ALLOW,No alert required.
TXN000528,2026-01-15 16:54:38,93.55,True,NORMAL,NORMAL,0.5,0.0,100.0,ALLOW,No alert required.
TXN000529,2026-01-15 08:26:14,40.1,True,NORMAL,NORMAL,0.5,0.0,100.0,ALLOW,No alert required.
TXN000530,2026-01-15 22:20:55,141.96,True,NORMAL,NORMAL,0.5,0.0,100.0,ALLOW,No alert required.
TXN000531,2026-01-15 12:39:47,45.73,True,NORMAL,NORMAL,0.5,0.0,100.0,ALLOW,No alert required.
TXN000532,2026-01-15 07:33:34,140.08,True,NORMAL,NORMAL,0.5,0.0,100.0,ALLOW,No alert required.
TXN000533,2026-01-15 09:49:52,60.05,True,NORMAL,NORMAL,0.5,0.0,100.0,ALLOW,No alert required.
TXN000534,2026-01-15 14:53:41,142.38,True,NORMAL,NORMAL,0.5,0.0,100.0,ALLOW,No alert required.
TXN000535,2026-01-15 13:20:28,162.42,True,NORMAL,NORMAL,0.5,0.0,100.0,ALLOW,No alert required.
TXN000536,2026-01-15 10:44:41,29.41,True,NORMAL,NORMAL,0.5,0.0,100.0,ALLOW,No alert required.
TXN000537,2026-01-15 12:46:50,165.69,True,NORMAL,NORMAL,0.5,0.0,100.0,ALLOW,No alert required.
TXN000538,2026-01-15 21:55:09,81.33,True,NORMAL,NORMAL,0.5,0.0,100.0,ALLOW,No alert required.
TXN000539,2026-01-15 20:11:07,140.12,True,NORMAL,NORMAL,0.5,0.0,100.0,ALLOW,No alert required.
TXN000540,2026-01-15 00:38:56,122.11,True,NORMAL,NORMAL,0.5,0.0,100.0,ALLOW,No alert required.
TXN000541,2026-01-15 00:15:56,41.42,True,NORMAL,NORMAL,0.5,0.0,100.0,ALLOW,No alert required.
TXN000542,2026-01-15 00:42:36,1113.77,True,NORMAL,NORMAL,0.5,0.0,57.0,MONITOR,No alert required.
TXN000543,2026-01-15 21:18:39,219.82,True,NORMAL,NORMAL,0.5,0.0,100.0,ALLOW,No alert required.
TXN000544,2026-01-15 10:23:57,21.04,True,NORMAL,NORMAL,0.5,0.0,100.0,ALLOW,No alert required.
TXN000545,2026-01-15 10:33:26,19.89,True,NORMAL,NORMAL,0.5,0.0,100.0,ALLOW,No alert required.
TXN000546,2026-01-15 02:30:46,181.61,True,NORMAL,NORMAL,0.5,0.0,100.0,ALLOW,No alert required.
TXN000547,2026-01-15 11:59:08,214.34,True,NORMAL,NORMAL,0.5,0.0,100.0,ALLOW,No alert required.
TXN000548,2026-01-15 07:45:18,89.03,True,NORMAL,NORMAL,0.5,0.0,100.0,ALLOW,No alert required.
TXN000549,2026-01-15 19:26:26,147.03,True,NORMAL,NORMAL,0.5,0.0,100.0,ALLOW,No alert required.
TXN000550,2026-01-15 04:50:04,3306.18,True,NORMAL,NORMAL,0.5,0.0,45.0,DENY,ALERT: DENY - Transaction evaluated by Qypher response policy.
TXN000551,2026-01-15 18:39:01,166.79,True,NORMAL,NORMAL,0.5,0.0,100.0,ALLOW,No alert required.
TXN000552,2026-01-15 23:09:40,4225.6,True,NORMAL,NORMAL,0.5,0.0,55.0,MONITOR,No alert required.
TXN000553,2026-01-15 09:36:46,108.16,True,NORMAL,NORMAL,0.5,0.0,100.0,ALLOW,No alert required.
TXN000554,2026-01-15 02:09:17,153.21,True,NORMAL,NORMAL,0.5,0.0,100.0,ALLOW,No alert required.
TXN000555,2026-01-15 09:45:54,24.76,True,NORMAL,NORMAL,0.5,0.0,100.0,ALLOW,No alert required.
TXN000556,2026-01-15 09:13:33,143.44,True,NORMAL,NORMAL,0.5,0.0,100.0,ALLOW,No alert required.
TXN000557,2026-01-15 00:51:30,167.02,True,NORMAL,NORMAL,0.5,0.0,100.0,ALLOW,No alert required.
TXN000558,2026-01-15 04:49:55,213.08,True,NORMAL,NORMAL,0.5,0.0,100.0,ALLOW,No alert required.
TXN000559,2026-01-15 00:19:59,142.99,True,NORMAL,NORMAL,0.5,0.0,100.0,ALLOW,No alert required.
TXN000560,2026-01-15 09:01:36,44.09,True,NORMAL,NORMAL,0.5,0.0,100.0,ALLOW,No alert required.
TXN000561,2026-01-15 21:07:17,12.59,True,NORMAL,NORMAL,0.5,0.0,100.0,ALLOW,No alert required.
TXN000562,2026-01-15 11:35:20,51.62,True,NORMAL,NORMAL,0.5,0.0,100.0,ALLOW,No alert required.
TXN000563,2026-01-15 14:03:08,75.21,True,NORMAL,NORMAL,0.5,0.0,100.0,ALLOW,No alert required.
TXN000564,2026-01-15 18:40:53,66.5,True,NORMAL,NORMAL,0.5,0.0,100.0,ALLOW,No alert required.
TXN000565,2026-01-15 02:59:48,148.18,True,NORMAL,NORMAL,0.5,0.0,100.0,ALLOW,No alert required.
TXN000566,2026-01-15 21:41:45,171.07,True,NORMAL,NORMAL,0.5,0.0,100.0,ALLOW,No alert required.
TXN000567,2026-01-15 05:25:11,815.0,True,NORMAL,NORMAL,0.5,0.0,52.0,MONITOR,No alert required.
TXN000568,2026-01-15 15:29:54,107.7,True,NORMAL,NORMAL,0.5,0.0,100.0,ALLOW,No alert required.
TXN000569,2026-01-15 03:20:35,88.37,True,NORMAL,NORMAL,0.5,0.0,100.0,ALLOW,No alert required.
TXN000570,2026-01-15 05:30:24,83.3,True,NORMAL,NORMAL,0.5,0.0,100.0,ALLOW,No alert required.
TXN000571,2026-01-15 03:11:42,1936.44,True,NORMAL,NORMAL,0.5,0.0,45.0,DENY,ALERT: DENY - Transaction evaluated by Qypher response policy.
TXN000572,2026-01-15 05:19:25,225.81,True,NORMAL,NORMAL,0.5,0.0,100.0,ALLOW,No alert required.
TXN000573,2026-01-15 02:13:52,195.76,True,NORMAL,NORMAL,0.5,0.0,100.0,ALLOW,No alert required.
TXN000574,2026-01-15 14:12:13,145.04,True,NORMAL,NORMAL,0.5,0.0,100.0,ALLOW,No alert required.
TXN000575,2026-01-15 05:05:37,937.16,True,NORMAL,NORMAL,0.5,0.0,64.0,MONITOR,No alert required.
TXN000576,2026-01-15 00:45:35,49.99,True,NORMAL,NORMAL,0.5,0.0,100.0,ALLOW,No alert required.
TXN000577,2026-01-15 12:25:24,145.17,True,NORMAL,NORMAL,0.5,0.0,100.0,ALLOW,No alert required.
TXN000578,2026-01-15 13:09:18,22.2,True,NORMAL,NORMAL,0.5,0.0,100.0,ALLOW,No alert required.
TXN000579,2026-01-15 13:08:05,269.04,True,NORMAL,NORMAL,0.5,0.0,100.0,ALLOW,No alert required.
TXN000580,2026-01-15 14:24:22,11.26,True,NORMAL,NORMAL,0.5,0.0,100.0,ALLOW,No alert required.
TXN000581,2026-01-15 04:26:59,2858.97,True,NORMAL,NORMAL,0.5,0.0,57.0,MONITOR,No alert required.
TXN000582,2026-01-15 18:30:44,97.88,True,NORMAL,NORMAL,0.5,0.0,100.0,ALLOW,No alert required.
TXN000583,2026-01-15 20:47:42,18.97,True,NORMAL,NORMAL,0.5,0.0,100.0,ALLOW,No alert required.
TXN000584,2026-01-15 16:57:30,173.3,True,NORMAL,NORMAL,0.5,0.0,100.0,ALLOW,No alert required.
TXN000585,2026-01-15 23:50:36,38.74,True,NORMAL,NORMAL,0.5,0.0,100.0,ALLOW,No alert required.
TXN000586,2026-01-15 19:01:18,23.07,True,NORMAL,NORMAL,0.5,0.0,100.0,ALLOW,No alert required.
TXN000587,2026-01-15 08:54:16,135.62,True,NORMAL,NORMAL,0.5,0.0,100.0,ALLOW,No alert required.
TXN000588,2026-01-15 22:15:31,283.67,True,NORMAL,NORMAL,0.5,0.0,100.0,ALLOW,No alert required.
TXN000589,2026-01-15 15:48:26,213.47,True,NORMAL,NORMAL,0.5,0.0,100.0,ALLOW,No alert required.
TXN000590,2026-01-15 01:41:16,88.88,True,NORMAL,NORMAL,0.5,0.0,100.0,ALLOW,No alert required.
TXN000591,2026-01-15 17:14:24,55.48,True,NORMAL,NORMAL,0.5,0.0,100.0,ALLOW,No alert required.
TXN000592,2026-01-15 14:24:43,265.62,True,NORMAL,NORMAL,0.5,0.0,100.0,ALLOW,No alert required.
TXN000593,2026-01-15 20:54:17,53.41,True,NORMAL,NORMAL,0.5,0.0,100.0,ALLOW,No alert required.
TXN000594,2026-01-15 07:46:43,63.26,True,NORMAL,NORMAL,0.5,0.0,92.0,ALLOW,No alert required.
TXN000595,2026-01-15 03:33:06,133.29,True,NORMAL,NORMAL,0.5,0.0,100.0,ALLOW,No alert required.
TXN000596,2026-01-15 01:38:42,39.5,True,NORMAL,NORMAL,0.5,0.0,100.0,ALLOW,No alert required.
TXN000597,2026-01-15 20:36:51,60.08,True,NORMAL,NORMAL,0.5,0.0,100.0,ALLOW,No alert required.
TXN000598,2026-01-15 04:49:27,1753.69,True,NORMAL,NORMAL,0.5,0.0,55.0,MONITOR,No alert required.
TXN000599,2026-01-15 05:03:16,4421.8,True,NORMAL,NORMAL,0.5,0.0,45.0,DENY,ALERT: DENY - Transaction evaluated by Qypher response policy.
TXN000600,2026-01-15 05:41:31,114.37,True,NORMAL,NORMAL,0.5,0.0,100.0,ALLOW,No alert required.
TXN000601,2026-01-15 01:04:04,162.41,True,NORMAL,NORMAL,0.5,0.0,100.0,ALLOW,No alert required.
TXN000602,2026-01-15 21:24:17,10.63,True,NORMAL,NORMAL,0.5,0.0,100.0,ALLOW,No alert required.
TXN000603,2026-01-15 12:54:46,75.35,True,NORMAL,NORMAL,0.5,0.0,100.0,ALLOW,No alert required.
TXN000604,2026-01-15 17:59:22,117.49,True,NORMAL,NORMAL,0.5,0.0,100.0,ALLOW,No alert required.
TXN000605,2026-01-15 10:05:53,104.26,True,NORMAL,NORMAL,0.5,0.0,100.0,ALLOW,No alert required.
TXN000606,2026-01-15 12:57:06,160.49,True,NORMAL,NORMAL,0.5,0.0,100.0,ALLOW,No alert required.
TXN000607,2026-01-15 23:37:15,191.01,True,NORMAL,NORMAL,0.5,0.0,100.0,ALLOW,No alert required.
TXN000608,2026-01-15 00:02:21,30.09,True,NORMAL,NORMAL,0.5,0.0,100.0,ALLOW,No alert required.
TXN000609,2026-01-15 21:55:55,16.27,True,NORMAL,NORMAL,0.5,0.0,100.0,ALLOW,No alert required.
TXN000610,2026-01-15 19:02:15,117.55,True,NORMAL,NORMAL,0.5,0.0,100.0,ALLOW,No alert required.
TXN000611,2026-01-15 02:53:37,939.82,True,NORMAL,NORMAL,0.5,0.0,52.0,MONITOR,No alert required.
TXN000612,2026-01-15 23:43:25,152.19,True,NORMAL,NORMAL,0.5,0.0,100.0,ALLOW,No alert required.
TXN000613,2026-01-15 10:04:07,128.37,True,NORMAL,NORMAL,0.5,0.0,100.0,ALLOW,No alert required.
TXN000614,2026-01-15 01:08:06,20.25,True,NORMAL,NORMAL,0.5,0.0,100.0,ALLOW,No alert required.
TXN000615,2026-01-15 02:45:41,127.7,True,NORMAL,NORMAL,0.5,0.0,100.0,ALLOW,No alert required.
TXN000616,2026-01-15 13:15:11,114.05,True,NORMAL,NORMAL,0.5,0.0,100.0,ALLOW,No alert required.
TXN000617,2026-01-15 13:00:35,176.05,True,NORMAL,NORMAL,0.5,0.0,100.0,ALLOW,No alert required.
TXN000618,2026-01-15 16:14:29,42.93,True,NORMAL,NORMAL,0.5,0.0,100.0,ALLOW,No alert required.
TXN000619,2026-01-15 15:31:11,58.46,True,NORMAL,NORMAL,0.5,0.0,100.0,ALLOW,No alert required.
TXN000620,2026-01-15 14:02:06,143.53,True,NORMAL,NORMAL,0.5,0.0,100.0,ALLOW,No alert required.
TXN000621,2026-01-15 23:28:37,137.0,True,NORMAL,NORMAL,0.5,0.0,100.0,ALLOW,No alert required.
TXN000622,2026-01-15 07:06:15,258.45,True,NORMAL,NORMAL,0.5,0.0,100.0,ALLOW,No alert required.
TXN000623,2026-01-15 04:13:59,73.49,True,NORMAL,NORMAL,0.5,0.0,100.0,ALLOW,No alert required.
TXN000624,2026-01-15 08:12:21,33.21,True,NORMAL,NORMAL,0.5,0.0,100.0,ALLOW,No alert required.
TXN000625,2026-01-15 10:14:56,262.32,True,NORMAL,NORMAL,0.5,0.0,100.0,ALLOW,No alert required.
TXN000626,2026-01-15 13:54:33,57.46,True,NORMAL,NORMAL,0.5,0.0,100.0,ALLOW,No alert required.
TXN000627,2026-01-15 10:27:37,260.32,True,NORMAL,NORMAL,0.5,0.0,100.0,ALLOW,No alert required.
TXN000628,2026-01-15 23:49:32,236.24,True,NORMAL,NORMAL,0.5,0.0,100.0,ALLOW,No alert required.
TXN000629,2026-01-15 02:35:48,113.49,True,NORMAL,NORMAL,0.5,0.0,100.0,ALLOW,No alert required.
TXN000630,2026-01-15 05:45:29,142.14,True,NORMAL,NORMAL,0.5,0.0,100.0,ALLOW,No alert required.
TXN000631,2026-01-15 11:40:29,161.88,True,NORMAL,NORMAL,0.5,0.0,100.0,ALLOW,No alert required.
TXN000632,2026-01-15 08:44:39,184.76,True,NORMAL,NORMAL,0.5,0.0,100.0,ALLOW,No alert required.
TXN000633,2026-01-15 21:23:56,89.11,True,NORMAL,NORMAL,0.5,0.0,100.0,ALLOW,No alert required.
TXN000634,2026-01-15 22:04:35,50.57,True,NORMAL,NORMAL,0.5,0.0,100.0,ALLOW,No alert required.
TXN000635,2026-01-15 18:55:44,162.65,True,NORMAL,NORMAL,0.5,0.0,100.0,ALLOW,No alert required.
TXN000636,2026-01-15 11:28:31,209.07,True,NORMAL,NORMAL,0.5,0.0,100.0,ALLOW,No alert required.
TXN000637,2026-01-15 19:23:51,24.84,True,NORMAL,NORMAL,0.5,0.0,100.0,ALLOW,No alert required.
TXN000638,2026-01-15 02:06:10,35.58,True,NORMAL,NORMAL,0.5,0.0,100.0,ALLOW,No alert required.
TXN000639,2026-01-15 21:34:59,85.46,True,NORMAL,NORMAL,0.5,0.0,100.0,ALLOW,No alert required.
TXN000640,2026-01-15 16:41:21,148.23,True,NORMAL,NORMAL,0.5,0.0,100.0,ALLOW,No alert required.
TXN000641,2026-01-15 14:19:36,48.55,True,NORMAL,NORMAL,0.5,0.0,100.0,ALLOW,No alert required.
TXN000642,2026-01-15 04:22:18,58.49,True,NORMAL,NORMAL,0.5,0.0,100.0,ALLOW,No alert required.
TXN000643,2026-01-15 02:10:15,1689.55,True,NORMAL,NORMAL,0.5,0.0,45.0,DENY,ALERT: DENY - Transaction evaluated by Qypher response policy.
TXN000644,2026-01-15 22:02:42,86.23,True,NORMAL,NORMAL,0.5,0.0,100.0,ALLOW,No alert required.
TXN000645,2026-01-15 00:25:59,36.53,True,NORMAL,NORMAL,0.5,0.0,100.0,ALLOW,No alert required.
TXN000646,2026-01-15 20:45:18,133.85,True,NORMAL,NORMAL,0.5,0.0,100.0,ALLOW,No alert required.
TXN000647,2026-01-15 15:57:02,22.74,True,NORMAL,NORMAL,0.5,0.0,100.0,ALLOW,No alert required.
TXN000648,2026-01-15 10:03:38,43.27,True,NORMAL,NORMAL,0.5,0.0,100.0,ALLOW,No alert required.
TXN000649,2026-01-15 02:32:25,112.86,True,NORMAL,NORMAL,0.5,0.0,100.0,ALLOW,No alert required.
TXN000650,2026-01-15 04:45:54,12.07,True,NORMAL,NORMAL,0.5,0.0,100.0,ALLOW,No alert required.
TXN000651,2026-01-15 17:05:13,59.07,True,NORMAL,NORMAL,0.5,0.0,100.0,ALLOW,No alert required.
TXN000652,2026-01-15 13:08:53,72.52,True,NORMAL,NORMAL,0.5,0.0,100.0,ALLOW,No alert required.
TXN000653,2026-01-15 02:59:37,127.37,True,NORMAL,NORMAL,0.5,0.0,100.0,ALLOW,No alert required.
TXN000654,2026-01-15 22:36:48,59.21,True,NORMAL,NORMAL,0.5,0.0,100.0,ALLOW,No alert required.
TXN000655,2026-01-15 18:19:31,144.51,True,NORMAL,NORMAL,0.5,0.0,100.0,ALLOW,No alert required.
TXN000656,2026-01-15 23:07:41,4145.81,True,NORMAL,NORMAL,0.5,0.0,57.0,MONITOR,No alert required.
TXN000657,2026-01-15 03:48:17,91.68,True,NORMAL,NORMAL,0.5,0.0,100.0,ALLOW,No alert required.
TXN000658,2026-01-15 22:52:07,60.29,True,NORMAL,NORMAL,0.5,0.0,100.0,ALLOW,No alert required.
TXN000659,2026-01-15 02:22:10,885.12,True,NORMAL,NORMAL,0.5,0.0,52.0,MONITOR,No alert required.
TXN000660,2026-01-15 02:32:12,137.95,True,NORMAL,NORMAL,0.5,0.0,100.0,ALLOW,No alert required.
TXN000661,2026-01-15 21:51:19,108.61,True,NORMAL,NORMAL,0.5,0.0,100.0,ALLOW,No alert required.
TXN000662,2026-01-15 11:49:31,47.04,True,NORMAL,NORMAL,0.5,0.0,100.0,ALLOW,No alert required.
TXN000663,2026-01-15 17:39:44,141.25,True,NORMAL,NORMAL,0.5,0.0,100.0,ALLOW,No alert required.
TXN000664,2026-01-15 15:22:19,161.25,True,NORMAL,NORMAL,0.5,0.0,100.0,ALLOW,No alert required.
TXN000665,2026-01-15 22:19:01,155.66,True,NORMAL,NORMAL,0.5,0.0,100.0,ALLOW,No alert required.
TXN000666,2026-01-15 04:05:27,141.7,True,NORMAL,NORMAL,0.5,0.0,100.0,ALLOW,No alert required.
TXN000667,2026-01-15 21:32:37,17.36,True,NORMAL,NORMAL,0.5,0.0,100.0,ALLOW,No alert required.
TXN000668,2026-01-15 03:58:38,198.4,True,NORMAL,NORMAL,0.5,0.0,100.0,ALLOW,No alert required.
TXN000669,2026-01-15 08:37:22,106.94,True,NORMAL,NORMAL,0.5,0.0,100.0,ALLOW,No alert required.
TXN000670,2026-01-15 22:12:18,267.39,True,NORMAL,NORMAL,0.5,0.0,100.0,ALLOW,No alert required.
TXN000671,2026-01-15 22:37:11,176.82,True,NORMAL,NORMAL,0.5,0.0,100.0,ALLOW,No alert required.
TXN000672,2026-01-15 05:07:29,3377.98,True,NORMAL,NORMAL,0.5,0.0,57.0,MONITOR,No alert required.
TXN000673,2026-01-15 02:20:31,179.31,True,NORMAL,NORMAL,0.5,0.0,100.0,ALLOW,No alert required.
TXN000674,2026-01-15 17:26:18,169.64,True,NORMAL,NORMAL,0.5,0.0,100.0,ALLOW,No alert required.
TXN000675,2026-01-15 21:06:25,55.0,True,NORMAL,NORMAL,0.5,0.0,100.0,ALLOW,No alert required.
TXN000676,2026-01-15 05:04:23,153.49,True,NORMAL,NORMAL,0.5,0.0,100.0,ALLOW,No alert required.
TXN000677,2026-01-15 15:17:48,112.86,True,NORMAL,NORMAL,0.5,0.0,100.0,ALLOW,No alert required.
TXN000678,2026-01-15 16:17:09,52.62,True,NORMAL,NORMAL,0.5,0.0,100.0,ALLOW,No alert required.
TXN000679,2026-01-15 03:47:03,75.05,True,NORMAL,NORMAL,0.5,0.0,100.0,ALLOW,No alert required.
TXN000680,2026-01-15 03:48:04,70.93,True,NORMAL,NORMAL,0.5,0.0,100.0,ALLOW,No alert required.
TXN000681,2026-01-15 10:51:55,285.47,True,NORMAL,NORMAL,0.5,0.0,100.0,ALLOW,No alert required.
TXN000682,2026-01-15 12:28:29,122.1,True,NORMAL,NORMAL,0.5,0.0,100.0,ALLOW,No alert required.
TXN000683,2026-01-15 13:08:19,170.73,True,NORMAL,NORMAL,0.5,0.0,100.0,ALLOW,No alert required.
TXN000684,2026-01-15 15:30:35,87.64,True,NORMAL,NORMAL,0.5,0.0,100.0,ALLOW,No alert required.
TXN000685,2026-01-15 09:20:03,243.65,True,NORMAL,NORMAL,0.5,0.0,100.0,ALLOW,No alert required.
TXN000686,2026-01-15 12:06:27,19.6,True,NORMAL,NORMAL,0.5,0.0,100.0,ALLOW,No alert required.
TXN000687,2026-01-15 02:58:44,38.86,True,NORMAL,NORMAL,0.5,0.0,100.0,ALLOW,No alert required.
TXN000688,2026-01-15 13:36:32,109.96,True,NORMAL,NORMAL,0.5,0.0,100.0,ALLOW,No alert required.
TXN000689,2026-01-15 18:06:51,94.44,True,NORMAL,NORMAL,0.5,0.0,100.0,ALLOW,No alert required.
TXN000690,2026-01-15 09:23:27,46.39,True,NORMAL,NORMAL,0.5,0.0,100.0,ALLOW,No alert required.
TXN000691,2026-01-15 07:39:47,107.62,True,NORMAL,NORMAL,0.5,0.0,100.0,ALLOW,No alert required.
TXN000692,2026-01-15 06:22:50,122.79,True,NORMAL,NORMAL,0.5,0.0,100.0,ALLOW,No alert required.
TXN000693,2026-01-15 16:29:42,186.77,True,NORMAL,NORMAL,0.5,0.0,100.0,ALLOW,No alert required.
TXN_20260928175346847333,2026-09-28 17:53:46,120.0,True,NORMAL,NORMAL,0.5,0.0,90.0,ALLOW,No alert required.
TXN000694,2026-01-15 21:52:47,133.52,True,NORMAL,NORMAL,0.5,0.0,100.0,ALLOW,No alert required.
TXN000695,2026-01-15 07:09:47,64.17,True,NORMAL,NORMAL,0.5,0.0,100.0,ALLOW,No alert required.
TXN000696,2026-01-15 13:17:52,50.14,True,NORMAL,NORMAL,0.5,0.0,100.0,ALLOW,No alert required.
TXN000697,2026-01-15 23:31:35,1736.31,True,NORMAL,NORMAL,0.5,0.0,55.0,MONITOR,No alert required.
TXN000698,2026-01-15 21:35:11,19.41,True,NORMAL,NORMAL,0.5,0.0,100.0,ALLOW,No alert required.
TXN000699,2026-01-15 01:57:26,1125.34,True,NORMAL,NORMAL,0.5,0.0,57.0,MONITOR,No alert required.
TXN000700,2026-01-15 16:42:53,256.6,True,NORMAL,NORMAL,0.5,0.0,100.0,ALLOW,No alert required.
TXN000701,2026-01-15 10:53:37,75.3,True,NORMAL,NORMAL,0.5,0.0,100.0,ALLOW,No alert required.
TXN000702,2026-01-15 06:16:55,1902.66,True,NORMAL,NORMAL,0.5,0.0,45.0,DENY,ALERT: DENY - Transaction evaluated by Qypher response policy.
TXN000703,2026-01-15 07:17:56,149.63,True,NORMAL,NORMAL,0.5,0.0,100.0,ALLOW,No alert required.
TXN000704,2026-01-15 23:42:51,75.4,True,NORMAL,NORMAL,0.5,0.0,100.0,ALLOW,No alert required.
TXN000705,2026-01-15 01:34:55,4224.53,True,NORMAL,NORMAL,0.5,0.0,45.0,DENY,ALERT: DENY - Transaction evaluated by Qypher response policy.
TXN000706,2026-01-15 02:59:52,156.1,True,NORMAL,NORMAL,0.5,0.0,100.0,ALLOW,No alert required.
TXN000707,2026-01-15 20:26:50,90.09,True,NORMAL,NORMAL,0.5,0.0,100.0,ALLOW,No alert required.
TXN000708,2026-01-15 03:52:10,81.55,True,NORMAL,NORMAL,0.5,0.0,100.0,ALLOW,No alert required.
TXN000709,2026-01-15 22:01:48,10.52,True,NORMAL,NORMAL,0.5,0.0,100.0,ALLOW,No alert required.
TXN000710,2026-01-15 03:10:15,86.75,True,NORMAL,NORMAL,0.5,0.0,100.0,ALLOW,No alert required.
TXN000711,2026-01-15 18:52:20,72.49,True,NORMAL,NORMAL,0.5,0.0,100.0,ALLOW,No alert required.
TXN000712,2026-01-15 18:14:01,280.96,True,NORMAL,NORMAL,0.5,0.0,100.0,ALLOW,No alert required.
TXN000713,2026-01-15 12:39:27,172.87,True,NORMAL,NORMAL,0.5,0.0,100.0,ALLOW,No alert required.
TXN000714,2026-01-15 14:52:43,42.39,True,NORMAL,NORMAL,0.5,0.0,100.0,ALLOW,No alert required.
TXN000715,2026-01-15 15:24:08,133.54,True,NORMAL,NORMAL,0.5,0.0,100.0,ALLOW,No alert required.
TXN000716,2026-01-15 00:18:16,116.54,True,NORMAL,NORMAL,0.5,0.0,100.0,ALLOW,No alert required.
TXN000717,2026-01-15 10:44:25,135.14,True,NORMAL,NORMAL,0.5,0.0,100.0,ALLOW,No alert required.
TXN000718,2026-01-15 07:30:58,84.99,True,NORMAL,NORMAL,0.5,0.0,100.0,ALLOW,No alert required.
TXN000719,2026-01-15 11:08:57,38.88,True,NORMAL,NORMAL,0.5,0.0,100.0,ALLOW,No alert required.
TXN000720,2026-01-15 02:20:45,47.78,True,NORMAL,NORMAL,0.5,0.0,100.0,ALLOW,No alert required.
TXN000721,2026-01-15 08:47:23,151.03,True,NORMAL,NORMAL,0.5,0.0,100.0,ALLOW,No alert required.
TXN000722,2026-01-15 05:20:47,42.12,True,NORMAL,NORMAL,0.5,0.0,100.0,ALLOW,No alert required.
TXN000723,2026-01-15 05:45:29,85.06,True,NORMAL,NORMAL,0.5,0.0,100.0,ALLOW,No alert required.
TXN000724,2026-01-15 03:54:46,44.63,True,NORMAL,NORMAL,0.5,0.0,100.0,ALLOW,No alert required.
TXN000725,2026-01-15 08:36:57,287.46,True,NORMAL,NORMAL,0.5,0.0,100.0,ALLOW,No alert required.
TXN000726,2026-01-15 02:15:49,58.33,True,NORMAL,NORMAL,0.5,0.0,100.0,ALLOW,No alert required.
TXN000727,2026-01-15 03:53:20,151.22,True,NORMAL,NORMAL,0.5,0.0,100.0,ALLOW,No alert required.
TXN000728,2026-01-15 19:42:00,171.06,True,NORMAL,NORMAL,0.5,0.0,100.0,ALLOW,No alert required.
TXN000729,2026-01-15 04:13:55,136.45,True,NORMAL,NORMAL,0.5,0.0,100.0,ALLOW,No alert required.
TXN000730,2026-01-15 08:11:15,247.84,True,NORMAL,NORMAL,0.5,0.0,100.0,ALLOW,No alert required.
TXN000731,2026-01-15 20:09:07,163.63,True,NORMAL,NORMAL,0.5,0.0,100.0,ALLOW,No alert required.
TXN000732,2026-01-15 11:32:12,55.64,True,NORMAL,NORMAL,0.5,0.0,100.0,ALLOW,No alert required.
TXN000733,2026-01-15 11:39:11,155.63,True,NORMAL,NORMAL,0.5,0.0,100.0,ALLOW,No alert required.
TXN000734,2026-01-15 22:09:59,143.36,True,NORMAL,NORMAL,0.5,0.0,100.0,ALLOW,No alert required.
TXN000735,2026-01-15 04:43:57,106.65,True,NORMAL,NORMAL,0.5,0.0,100.0,ALLOW,No alert required.
TXN000736,2026-01-15 06:26:06,2925.16,True,NORMAL,NORMAL,0.5,0.0,57.0,MONITOR,No alert required.
TXN000737,2026-01-15 03:47:42,17.69,True,NORMAL,NORMAL,0.5,0.0,100.0,ALLOW,No alert required.
TXN000738,2026-01-15 23:29:48,174.34,True,NORMAL,NORMAL,0.5,0.0,100.0,ALLOW,No alert required.
TXN000739,2026-01-15 04:55:43,1143.38,True,NORMAL,NORMAL,0.5,0.0,45.0,DENY,ALERT: DENY - Transaction evaluated by Qypher response policy.
TXN000740,2026-01-15 14:44:25,184.23,True,NORMAL,NORMAL,0.5,0.0,100.0,ALLOW,No alert required.
TXN000741,2026-01-15 22:43:25,12.36,True,NORMAL,NORMAL,0.5,0.0,100.0,ALLOW,No alert required.
TXN000742,2026-01-15 00:13:30,153.16,True,NORMAL,NORMAL,0.5,0.0,100.0,ALLOW,No alert required.
TXN000743,2026-01-15 14:09:30,163.41,True,NORMAL,NORMAL,0.5,0.0,100.0,ALLOW,No alert required.
TXN000744,2026-01-15 00:55:28,106.8,True,NORMAL,NORMAL,0.5,0.0,100.0,ALLOW,No alert required.
TXN000745,2026-01-15 13:54:31,148.6,True,NORMAL,NORMAL,0.5,0.0,100.0,ALLOW,No alert required.
TXN000746,2026-01-15 21:57:52,13.23,True,NORMAL,NORMAL,0.5,0.0,100.0,ALLOW,No alert required.
TXN000747,2026-01-15 20:26:56,169.62,True,NORMAL,NORMAL,0.5,0.0,100.0,ALLOW,No alert required.
TXN000748,2026-01-15 23:12:30,47.35,True,NORMAL,NORMAL,0.5,0.0,100.0,ALLOW,No alert required.
TXN000749,2026-01-15 22:42:29,151.62,True,NORMAL,NORMAL,0.5,0.0,100.0,ALLOW,No alert required.
TXN000750,2026-01-15 05:39:13,39.46,True,NORMAL,NORMAL,0.5,0.0,100.0,ALLOW,No alert required.
TXN000751,2026-01-15 15:19:15,113.59,True,NORMAL,NORMAL,0.5,0.0,100.0,ALLOW,No alert required.
TXN000752,2026-01-15 16:02:51,114.99,True,NORMAL,NORMAL,0.5,0.0,100.0,ALLOW,No alert required.
TXN000753,2026-01-15 10:50:22,155.08,True,NORMAL,NORMAL,0.5,0.0,100.0,ALLOW,No alert required.
TXN000754,2026-01-15 01:59:28,113.64,True,NORMAL,NORMAL,0.5,0.0,100.0,ALLOW,No alert required.
TXN000755,2026-01-15 16:06:10,36.7,True,NORMAL,NORMAL,0.5,0.0,100.0,ALLOW,No alert required.
TXN000756,2026-01-15 23:55:06,30.91,True,NORMAL,NORMAL,0.5,0.0,100.0,ALLOW,No alert required.
TXN000757,2026-01-15 00:15:53,39.11,True,NORMAL,NORMAL,0.5,0.0,100.0,ALLOW,No alert required.
TXN000758,2026-01-15 20:42:15,53.53,True,NORMAL,NORMAL,0.5,0.0,100.0,ALLOW,No alert required.
TXN000759,2026-01-15 16:50:43,140.93,True,NORMAL,NORMAL,0.5,0.0,100.0,ALLOW,No alert required.
TXN000760,2026-01-15 10:25:49,222.5,True,NORMAL,NORMAL,0.5,0.0,100.0,ALLOW,No alert required.
TXN000761,2026-01-15 01:40:45,125.34,True,NORMAL,NORMAL,0.5,0.0,100.0,ALLOW,No alert required.
TXN000762,2026-01-15 23:20:58,113.77,True,NORMAL,NORMAL,0.5,0.0,100.0,ALLOW,No alert required.
TXN000763,2026-01-15 23:44:22,840.49,True,NORMAL,NORMAL,0.5,0.0,52.0,MONITOR,No alert required.
TXN000764,2026-01-15 23:47:56,41.25,True,NORMAL,NORMAL,0.5,0.0,100.0,ALLOW,No alert required.
TXN000765,2026-01-15 02:01:01,3460.74,True,NORMAL,NORMAL,0.5,0.0,57.0,MONITOR,No alert required.
TXN000766,2026-01-15 23:03:53,18.11,True,NORMAL,NORMAL,0.5,0.0,100.0,ALLOW,No alert required.
TXN000767,2026-01-15 23:00:29,60.86,True,NORMAL,NORMAL,0.5,0.0,100.0,ALLOW,No alert required.
TXN000768,2026-01-15 04:45:24,97.8,True,NORMAL,NORMAL,0.5,0.0,100.0,ALLOW,No alert required.
TXN000769,2026-01-15 02:45:27,4076.34,True,NORMAL,NORMAL,0.5,0.0,45.0,DENY,ALERT: DENY - Transaction evaluated by Qypher response policy.
TXN000770,2026-01-15 02:23:43,174.93,True,NORMAL,NORMAL,0.5,0.0,100.0,ALLOW,No alert required.
TXN000771,2026-01-15 15:46:26,130.9,True,NORMAL,NORMAL,0.5,0.0,100.0,ALLOW,No alert required.
TXN000772,2026-01-15 03:44:13,170.49,True,NORMAL,NORMAL,0.5,0.0,100.0,ALLOW,No alert required.
TXN000773,2026-01-15 13:07:07,158.2,True,NORMAL,NORMAL,0.5,0.0,100.0,ALLOW,No alert required.
TXN000774,2026-01-15 04:31:01,4078.42,True,NORMAL,NORMAL,0.5,0.0,45.0,DENY,ALERT: DENY - Transaction evaluated by Qypher response policy.
TXN000775,2026-01-15 15:00:07,80.99,True,NORMAL,NORMAL,0.5,0.0,100.0,ALLOW,No alert required.
TXN000776,2026-01-15 12:30:53,153.3,True,NORMAL,NORMAL,0.5,0.0,100.0,ALLOW,No alert required.
TXN000777,2026-01-15 23:20:05,79.33,True,NORMAL,NORMAL,0.5,0.0,100.0,ALLOW,No alert required.
TXN000778,2026-01-15 14:47:17,107.24,True,NORMAL,NORMAL,0.5,0.0,100.0,ALLOW,No alert required.
TXN000779,2026-01-15 03:41:35,98.7,True,NORMAL,NORMAL,0.5,0.0,100.0,ALLOW,No alert required.
TXN000780,2026-01-15 00:17:50,147.18,True,NORMAL,NORMAL,0.5,0.0,100.0,ALLOW,No alert required.
TXN000781,2026-01-15 10:27:11,53.72,True,NORMAL,NORMAL,0.5,0.0,100.0,ALLOW,No alert required.
TXN000782,2026-01-15 04:11:16,171.87,True,NORMAL,NORMAL,0.5,0.0,100.0,ALLOW,No alert required.
TXN000783,2026-01-15 05:01:45,64.41,True,NORMAL,NORMAL,0.5,0.0,100.0,ALLOW,No alert required.
TXN000784,2026-01-15 03:03:12,154.34,True,NORMAL,NORMAL,0.5,0.0,100.0,ALLOW,No alert required.
TXN000785,2026-01-15 10:29:35,79.27,True,NORMAL,NORMAL,0.5,0.0,100.0,ALLOW,No alert required.
TXN000786,2026-01-15 18:43:06,170.56,True,NORMAL,NORMAL,0.5,0.0,100.0,ALLOW,No alert required.
TXN000787,2026-01-15 02:23:34,703.8,True,NORMAL,NORMAL,0.5,0.0,52.0,MONITOR,No alert required.
TXN000788,2026-01-15 09:41:10,111.64,True,NORMAL,NORMAL,0.5,0.0,100.0,ALLOW,No alert required.
TXN000789,2026-01-15 20:13:37,135.66,True,NORMAL,NORMAL,0.5,0.0,100.0,ALLOW,No alert required.
TXN000790,2026-01-15 03:53:08,73.35,True,NORMAL,NORMAL,0.5,0.0,100.0,ALLOW,No alert required.
TXN000791,2026-01-15 10:40:16,122.59,True,NORMAL,NORMAL,0.5,0.0,100.0,ALLOW,No alert required.
TXN000792,2026-01-15 10:01:58,91.01,True,NORMAL,NORMAL,0.5,0.0,100.0,ALLOW,No alert required.
TXN_20260928175541413571,2026-09-28 17:55:41,1000000000.0,True,NORMAL,NORMAL,0.5,0.0,55.0,MONITOR,No alert required.
TXN000793,2026-01-15 22:45:31,162.51,True,NORMAL,NORMAL,0.5,0.0,100.0,ALLOW,No alert required.
TXN000794,2026-01-15 03:22:52,64.19,True,NORMAL,NORMAL,0.5,0.0,100.0,ALLOW,No alert required.
TXN000795,2026-01-15 05:59:12,3286.11,True,NORMAL,NORMAL,0.5,0.0,57.0,MONITOR,No alert required.
TXN000796,2026-01-15 02:52:39,176.62,True,NORMAL,NORMAL,0.5,0.0,100.0,ALLOW,No alert required.
TXN000797,2026-01-15 22:45:38,28.86,True,NORMAL,NORMAL,0.5,0.0,100.0,ALLOW,No alert required.
TXN000798,2026-01-15 06:42:47,175.98,True,NORMAL,NORMAL,0.5,0.0,100.0,ALLOW,No alert required.
TXN000799,2026-01-15 07:56:33,178.63,True,NORMAL,NORMAL,0.5,0.0,100.0,ALLOW,No alert required.
TXN000800,2026-01-15 17:56:29,133.65,True,NORMAL,NORMAL,0.5,0.0,100.0,ALLOW,No alert required.
TXN000801,2026-01-15 14:31:23,57.25,True,NORMAL,NORMAL,0.5,0.0,100.0,ALLOW,No alert required.
TXN000802,2026-01-15 10:05:56,172.82,True,NORMAL,NORMAL,0.5,0.0,100.0,ALLOW,No alert required.
TXN000803,2026-01-15 02:40:40,147.37,True,NORMAL,NORMAL,0.5,0.0,100.0,ALLOW,No alert required.
TXN000804,2026-01-15 08:15:06,149.68,True,NORMAL,NORMAL,0.5,0.0,100.0,ALLOW,No alert required.
TXN000805,2026-01-15 03:40:28,165.84,True,NORMAL,NORMAL,0.5,0.0,100.0,ALLOW,No alert required.
TXN000806,2026-01-15 04:03:58,116.45,True,NORMAL,NORMAL,0.5,0.0,100.0,ALLOW,No alert required.
TXN000807,2026-01-15 09:54:24,156.98,True,NORMAL,NORMAL,0.5,0.0,100.0,ALLOW,No alert required.
TXN000808,2026-01-15 14:50:27,193.05,True,NORMAL,NORMAL,0.5,0.0,100.0,ALLOW,No alert required.
TXN000809,2026-01-15 18:12:06,144.2,True,NORMAL,NORMAL,0.5,0.0,100.0,ALLOW,No alert required.
TXN000810,2026-01-15 08:22:26,82.14,True,NORMAL,NORMAL,0.5,0.0,100.0,ALLOW,No alert required.
TXN000811,2026-01-15 13:32:41,160.49,True,NORMAL,NORMAL,0.5,0.0,100.0,ALLOW,No alert required.
TXN000812,2026-01-15 05:18:23,2627.01,True,NORMAL,NORMAL,0.5,0.0,57.0,MONITOR,No alert required.
TXN000813,2026-01-15 13:22:12,42.19,True,NORMAL,NORMAL,0.5,0.0,100.0,ALLOW,No alert required.
TXN000814,2026-01-15 22:21:54,97.5,True,NORMAL,NORMAL,0.5,0.0,100.0,ALLOW,No alert required.
TXN000815,2026-01-15 01:31:14,116.07,True,NORMAL,NORMAL,0.5,0.0,100.0,ALLOW,No alert required.
TXN000816,2026-01-15 10:51:47,150.43,True,NORMAL,NORMAL,0.5,0.0,100.0,ALLOW,No alert required.
TXN000817,2026-01-15 17:07:09,165.16,True,NORMAL,NORMAL,0.5,0.0,100.0,ALLOW,No alert required.
TXN000818,2026-01-15 09:11:14,51.81,True,NORMAL,NORMAL,0.5,0.0,100.0,ALLOW,No alert required.
TXN000819,2026-01-15 03:01:53,67.53,True,NORMAL,NORMAL,0.5,0.0,100.0,ALLOW,No alert required.
TXN000820,2026-01-15 11:42:10,48.23,True,NORMAL,NORMAL,0.5,0.0,100.0,ALLOW,No alert required.
TXN000821,2026-01-15 17:24:44,166.57,True,NORMAL,NORMAL,0.5,0.0,100.0,ALLOW,No alert required.
TXN000822,2026-01-15 09:50:09,158.38,True,NORMAL,NORMAL,0.5,0.0,100.0,ALLOW,No alert required.
TXN000823,2026-01-15 06:46:05,154.34,True,NORMAL,NORMAL,0.5,0.0,100.0,ALLOW,No alert required.
TXN000824,2026-01-15 15:33:29,128.07,True,NORMAL,NORMAL,0.5,0.0,100.0,ALLOW,No alert required.
TXN000825,2026-01-15 06:40:58,2417.9,True,NORMAL,NORMAL,0.5,0.0,57.0,MONITOR,No alert required.
TXN000826,2026-01-15 09:27:56,85.23,True,NORMAL,NORMAL,0.5,0.0,100.0,ALLOW,No alert required.
TXN000827,2026-01-15 16:22:14,115.59,True,NORMAL,NORMAL,0.5,0.0,100.0,ALLOW,No alert required.
TXN000828,2026-01-15 15:20:17,49.74,True,NORMAL,NORMAL,0.5,0.0,100.0,ALLOW,No alert required.
TXN000829,2026-01-15 16:32:34,26.73,True,NORMAL,NORMAL,0.5,0.0,100.0,ALLOW,No alert required.
TXN000830,2026-01-15 06:43:21,129.96,True,NORMAL,NORMAL,0.5,0.0,100.0,ALLOW,No alert required.
TXN000831,2026-01-15 23:34:58,149.79,True,NORMAL,NORMAL,0.5,0.0,100.0,ALLOW,No alert required.
TXN000832,2026-01-15 18:48:41,48.69,True,NORMAL,NORMAL,0.5,0.0,100.0,ALLOW,No alert required.
TXN000833,2026-01-15 18:50:35,144.63,True,NORMAL,NORMAL,0.5,0.0,100.0,ALLOW,No alert required.
TXN000834,2026-01-15 22:26:13,33.62,True,NORMAL,NORMAL,0.5,0.0,100.0,ALLOW,No alert required.
TXN000835,2026-01-15 15:51:42,82.37,True,NORMAL,NORMAL,0.5,0.0,100.0,ALLOW,No alert required.
TXN000836,2026-01-15 09:20:37,57.8,True,NORMAL,NORMAL,0.5,0.0,100.0,ALLOW,No alert required.
TXN000837,2026-01-15 19:58:38,274.04,True,NORMAL,NORMAL,0.5,0.0,100.0,ALLOW,No alert required.
TXN000838,2026-01-15 10:36:28,27.73,True,NORMAL,NORMAL,0.5,0.0,100.0,ALLOW,No alert required.
TXN000839,2026-01-15 15:01:11,45.0,True,NORMAL,NORMAL,0.5,0.0,100.0,ALLOW,No alert required.
TXN000840,2026-01-15 11:33:00,36.7,True,NORMAL,NORMAL,0.5,0.0,100.0,ALLOW,No alert required.
TXN000841,2026-01-15 02:24:57,83.47,True,NORMAL,NORMAL,0.5,0.0,100.0,ALLOW,No alert required.
TXN000842,2026-01-15 04:37:12,4466.12,True,NORMAL,NORMAL,0.5,0.0,45.0,DENY,ALERT: DENY - Transaction evaluated by Qypher response policy.
TXN000843,2026-01-15 19:51:15,88.66,True,NORMAL,NORMAL,0.5,0.0,100.0,ALLOW,No alert required.
TXN000844,2026-01-15 14:22:44,149.98,True,NORMAL,NORMAL,0.5,0.0,100.0,ALLOW,No alert required.
TXN000845,2026-01-15 19:46:27,41.99,True,NORMAL,NORMAL,0.5,0.0,100.0,ALLOW,No alert required.
TXN000846,2026-01-15 05:17:56,205.87,True,NORMAL,NORMAL,0.5,0.0,100.0,ALLOW,No alert required.
TXN_20260928175645040140,2026-09-28 17:56:45,120.0,True,NORMAL,NORMAL,0.5,0.0,90.0,ALLOW,No alert required.
TXN000847,2026-01-15 17:07:23,86.66,True,NORMAL,NORMAL,0.5,0.0,100.0,ALLOW,No alert required.
TXN000848,2026-01-15 02:40:44,136.81,True,NORMAL,NORMAL,0.5,0.0,100.0,ALLOW,No alert required.
TXN000849,2026-01-15 22:58:08,21.6,True,NORMAL,NORMAL,0.5,0.0,100.0,ALLOW,No alert required.
TXN000850,2026-01-15 04:30:52,113.19,True,NORMAL,NORMAL,0.5,0.0,100.0,ALLOW,No alert required.
TXN000851,2026-01-15 05:04:42,84.91,True,NORMAL,NORMAL,0.5,0.0,100.0,ALLOW,No alert required.
TXN000852,2026-01-15 17:13:28,127.36,True,NORMAL,NORMAL,0.5,0.0,100.0,ALLOW,No alert required.
TXN000853,2026-01-15 06:59:15,12.73,True,NORMAL,NORMAL,0.5,0.0,100.0,ALLOW,No alert required.
TXN000854,2026-01-15 21:42:04,17.48,True,NORMAL,NORMAL,0.5,0.0,100.0,ALLOW,No alert required.
TXN000855,2026-01-15 20:12:39,48.86,True,NORMAL,NORMAL,0.5,0.0,100.0,ALLOW,No alert required.
TXN000856,2026-01-15 12:41:20,75.87,True,NORMAL,NORMAL,0.5,0.0,100.0,ALLOW,No alert required.
TXN000857,2026-01-15 01:04:56,151.88,True,NORMAL,NORMAL,0.5,0.0,100.0,ALLOW,No alert required.
TXN000858,2026-01-15 18:10:16,200.39,True,NORMAL,NORMAL,0.5,0.0,100.0,ALLOW,No alert required.
TXN000859,2026-01-15 20:48:56,66.97,True,NORMAL,NORMAL,0.5,0.0,100.0,ALLOW,No alert required.
TXN000860,2026-01-15 20:47:14,21.77,True,NORMAL,NORMAL,0.5,0.0,100.0,ALLOW,No alert required.
TXN000861,2026-01-15 13:48:15,73.67,True,NORMAL,NORMAL,0.5,0.0,100.0,ALLOW,No alert required.
TXN000862,2026-01-15 01:15:59,52.52,True,NORMAL,NORMAL,0.5,0.0,100.0,ALLOW,No alert required.
TXN000863,2026-01-15 20:52:18,68.26,True,NORMAL,NORMAL,0.5,0.0,100.0,ALLOW,No alert required.
TXN000864,2026-01-15 03:51:43,2380.97,True,NORMAL,NORMAL,0.5,0.0,55.0,MONITOR,No alert required.
TXN000865,2026-01-15 02:12:03,25.6,True,NORMAL,NORMAL,0.5,0.0,100.0,ALLOW,No alert required.
TXN_20260928175708180001,2026-09-28 17:57:08,120.0,True,NORMAL,NORMAL,0.5,0.0,100.0,ALLOW,No alert required.
TXN000866,2026-01-15 07:32:05,132.68,True,NORMAL,NORMAL,0.5,0.0,100.0,ALLOW,No alert required.
TXN000867,2026-01-15 09:36:28,23.6,True,NORMAL,NORMAL,0.5,0.0,100.0,ALLOW,No alert required.
TXN000868,2026-01-15 14:27:32,21.39,True,NORMAL,NORMAL,0.5,0.0,100.0,ALLOW,No alert required.
TXN000869,2026-01-15 09:38:34,119.48,True,NORMAL,NORMAL,0.5,0.0,100.0,ALLOW,No alert required.
TXN000870,2026-01-15 15:04:21,165.74,True,NORMAL,NORMAL,0.5,0.0,100.0,ALLOW,No alert required.
TXN000871,2026-01-15 11:31:25,149.16,True,NORMAL,NORMAL,0.5,0.0,100.0,ALLOW,No alert required.
TXN000872,2026-01-15 01:58:07,223.52,True,NORMAL,NORMAL,0.5,0.0,100.0,ALLOW,No alert required.
TXN000873,2026-01-15 11:32:45,167.51,True,NORMAL,NORMAL,0.5,0.0,100.0,ALLOW,No alert required.
TXN000874,2026-01-15 20:45:43,87.43,True,NORMAL,NORMAL,0.5,0.0,100.0,ALLOW,No alert required.
TXN000875,2026-01-15 21:53:10,77.6,True,NORMAL,NORMAL,0.5,0.0,100.0,ALLOW,No alert required.
TXN000876,2026-01-15 06:56:27,152.18,True,NORMAL,NORMAL,0.5,0.0,100.0,ALLOW,No alert required.
TXN000877,2026-01-15 23:26:48,142.04,True,NORMAL,NORMAL,0.5,0.0,100.0,ALLOW,No alert required.
TXN000878,2026-01-15 23:25:44,10.27,True,NORMAL,NORMAL,0.5,0.0,100.0,ALLOW,No alert required.
TXN000879,2026-01-15 20:18:46,41.69,True,NORMAL,NORMAL,0.5,0.0,100.0,ALLOW,No alert required.
TXN000880,2026-01-15 03:28:36,137.49,True,NORMAL,NORMAL,0.5,0.0,100.0,ALLOW,No alert required.
TXN000881,2026-01-15 13:28:40,59.83,True,NORMAL,NORMAL,0.5,0.0,100.0,ALLOW,No alert required.
TXN000882,2026-01-15 03:30:31,3556.84,True,NORMAL,NORMAL,0.5,0.0,55.0,MONITOR,No alert required.
TXN000883,2026-01-15 01:06:13,98.41,True,NORMAL,NORMAL,0.5,0.0,100.0,ALLOW,No alert required.
TXN000884,2026-01-15 10:38:27,148.86,True,NORMAL,NORMAL,0.5,0.0,100.0,ALLOW,No alert required.
TXN000885,2026-01-15 01:22:55,157.99,True,NORMAL,NORMAL,0.5,0.0,100.0,ALLOW,No alert required.
TXN000886,2026-01-15 00:38:07,86.83,True,NORMAL,NORMAL,0.5,0.0,100.0,ALLOW,No alert required.
TXN000887,2026-01-15 21:12:00,158.48,True,NORMAL,NORMAL,0.5,0.0,100.0,ALLOW,No alert required.
TXN000888,2026-01-15 07:38:31,132.39,True,NORMAL,NORMAL,0.5,0.0,100.0,ALLOW,No alert required.
TXN000889,2026-01-15 22:57:06,69.06,True,NORMAL,NORMAL,0.5,0.0,100.0,ALLOW,No alert required.
TXN000890,2026-01-15 22:32:02,151.5,True,NORMAL,NORMAL,0.5,0.0,100.0,ALLOW,No alert required.
TXN000891,2026-01-15 14:07:30,73.57,True,NORMAL,NORMAL,0.5,0.0,100.0,ALLOW,No alert required.
TXN000892,2026-01-15 13:45:01,47.46,True,NORMAL,NORMAL,0.5,0.0,100.0,ALLOW,No alert required.
TXN000893,2026-01-15 03:42:08,158.23,True,NORMAL,NORMAL,0.5,0.0,100.0,ALLOW,No alert required.
TXN000894,2026-01-15 20:21:24,76.81,True,NORMAL,NORMAL,0.5,0.0,100.0,ALLOW,No alert required.
TXN000895,2026-01-15 23:37:59,155.07,True,NORMAL,NORMAL,0.5,0.0,100.0,ALLOW,No alert required.
TXN000896,2026-01-15 18:34:12,232.92,True,NORMAL,NORMAL,0.5,0.0,100.0,ALLOW,No alert required.
TXN000897,2026-01-15 18:14:06,34.6,True,NORMAL,NORMAL,0.5,0.0,100.0,ALLOW,No alert required.
TXN000898,2026-01-15 23:09:38,2609.04,True,NORMAL,NORMAL,0.5,0.0,45.0,DENY,ALERT: DENY - Transaction evaluated by Qypher response policy.
TXN000899,2026-01-15 22:36:30,129.7,True,NORMAL,NORMAL,0.5,0.0,100.0,ALLOW,No alert required.
TXN000900,2026-01-15 22:13:54,155.65,True,NORMAL,NORMAL,0.5,0.0,100.0,ALLOW,No alert required.
TXN000901,2026-01-15 05:01:35,178.35,True,NORMAL,NORMAL,0.5,0.0,100.0,ALLOW,No alert required.
TXN000902,2026-01-15 09:18:44,51.6,True,NORMAL,NORMAL,0.5,0.0,100.0,ALLOW,No alert required.
TXN000903,2026-01-15 22:19:29,128.31,True,NORMAL,NORMAL,0.5,0.0,100.0,ALLOW,No alert required.
TXN000904,2026-01-15 23:12:47,27.33,True,NORMAL,NORMAL,0.5,0.0,100.0,ALLOW,No alert required.
TXN000905,2026-01-15 13:43:53,175.61,True,NORMAL,NORMAL,0.5,0.0,100.0,ALLOW,No alert required.
TXN000906,2026-01-15 05:37:27,1615.25,True,NORMAL,NORMAL,0.5,0.0,45.0,DENY,ALERT: DENY - Transaction evaluated by Qypher response policy.
TXN000907,2026-01-15 02:41:47,3102.87,True,NORMAL,NORMAL,0.5,0.0,57.0,MONITOR,No alert required.
TXN000908,2026-01-15 03:07:05,109.76,True,NORMAL,NORMAL,0.5,0.0,100.0,ALLOW,No alert required.
TXN000909,2026-01-15 03:50:37,97.15,True,NORMAL,NORMAL,0.5,0.0,100.0,ALLOW,No alert required.
TXN000910,2026-01-15 17:11:25,148.97,True,NORMAL,NORMAL,0.5,0.0,100.0,ALLOW,No alert required.
TXN000911,2026-01-15 06:42:57,104.3,True,NORMAL,NORMAL,0.5,0.0,100.0,ALLOW,No alert required.
TXN000912,2026-01-15 06:41:10,39.01,True,NORMAL,NORMAL,0.5,0.0,100.0,ALLOW,No alert required.
TXN000913,2026-01-15 05:27:42,170.86,True,NORMAL,NORMAL,0.5,0.0,100.0,ALLOW,No alert required.
TXN000914,2026-01-15 14:08:36,101.5,True,NORMAL,NORMAL,0.5,0.0,100.0,ALLOW,No alert required.
TXN000915,2026-01-15 07:02:12,112.36,True,NORMAL,NORMAL,0.5,0.0,100.0,ALLOW,No alert required.
TXN000916,2026-01-15 19:27:04,120.46,True,NORMAL,NORMAL,0.5,0.0,100.0,ALLOW,No alert required.
TXN000917,2026-01-15 21:27:44,187.24,True,NORMAL,NORMAL,0.5,0.0,100.0,ALLOW,No alert required.
TXN000918,2026-01-15 22:23:36,239.47,True,NORMAL,NORMAL,0.5,0.0,100.0,ALLOW,No alert required.
TXN000919,2026-01-15 19:15:04,79.15,True,NORMAL,NORMAL,0.5,0.0,100.0,ALLOW,No alert required.
TXN000920,2026-01-15 04:09:55,4422.04,True,NORMAL,NORMAL,0.5,0.0,57.0,MONITOR,No alert required.
TXN000921,2026-01-15 03:11:33,99.92,True,NORMAL,NORMAL,0.5,0.0,100.0,ALLOW,No alert required.
TXN000922,2026-01-15 19:06:57,40.71,True,NORMAL,NORMAL,0.5,0.0,100.0,ALLOW,No alert required.
TXN000923,2026-01-15 17:38:56,11.61,True,NORMAL,NORMAL,0.5,0.0,100.0,ALLOW,No alert required.
TXN000924,2026-01-15 12:36:47,125.3,True,NORMAL,NORMAL,0.5,0.0,100.0,ALLOW,No alert required.
TXN000925,2026-01-15 11:51:29,98.5,True,NORMAL,NORMAL,0.5,0.0,100.0,ALLOW,No alert required.
TXN000926,2026-01-15 20:54:05,188.63,True,NORMAL,NORMAL,0.5,0.0,100.0,ALLOW,No alert required.
TXN000927,2026-01-15 18:03:05,173.57,True,NORMAL,NORMAL,0.5,0.0,100.0,ALLOW,No alert required.
TXN000928,2026-01-15 15:31:32,19.78,True,NORMAL,NORMAL,0.5,0.0,100.0,ALLOW,No alert required.
TXN000929,2026-01-15 22:34:47,86.27,True,NORMAL,NORMAL,0.5,0.0,100.0,ALLOW,No alert required.
TXN000930,2026-01-15 07:11:04,81.86,True,NORMAL,NORMAL,0.5,0.0,100.0,ALLOW,No alert required.
TXN000931,2026-01-15 21:15:53,92.13,True,NORMAL,NORMAL,0.5,0.0,100.0,ALLOW,No alert required.
TXN000932,2026-01-15 12:13:59,258.76,True,NORMAL,NORMAL,0.5,0.0,100.0,ALLOW,No alert required.
TXN000933,2026-01-15 10:19:22,78.35,True,NORMAL,NORMAL,0.5,0.0,100.0,ALLOW,No alert required.
TXN000934,2026-01-15 16:32:57,17.88,True,NORMAL,NORMAL,0.5,0.0,100.0,ALLOW,No alert required.
TXN000935,2026-01-15 11:19:23,178.19,True,NORMAL,NORMAL,0.5,0.0,100.0,ALLOW,No alert required.
TXN000936,2026-01-15 06:00:22,852.97,True,NORMAL,NORMAL,0.5,0.0,52.0,MONITOR,No alert required.
TXN000937,2026-01-15 05:57:02,2300.16,True,NORMAL,NORMAL,0.5,0.0,45.0,DENY,ALERT: DENY - Transaction evaluated by Qypher response policy.
TXN000938,2026-01-15 22:08:20,45.85,True,NORMAL,NORMAL,0.5,0.0,100.0,ALLOW,No alert required.
TXN000939,2026-01-15 16:00:49,83.04,True,NORMAL,NORMAL,0.5,0.0,100.0,ALLOW,No alert required.
TXN000940,2026-01-15 09:31:05,57.48,True,NORMAL,NORMAL,0.5,0.0,100.0,ALLOW,No alert required.
TXN000941,2026-01-15 08:44:15,208.16,True,NORMAL,NORMAL,0.5,0.0,100.0,ALLOW,No alert required.
TXN000942,2026-01-15 05:12:54,32.49,True,NORMAL,NORMAL,0.5,0.0,100.0,ALLOW,No alert required.
TXN000943,2026-01-15 13:01:39,79.24,True,NORMAL,NORMAL,0.5,0.0,100.0,ALLOW,No alert required.
TXN000944,2026-01-15 10:27:30,98.77,True,NORMAL,NORMAL,0.5,0.0,100.0,ALLOW,No alert required.
TXN000945,2026-01-15 13:15:20,18.86,True,NORMAL,NORMAL,0.5,0.0,100.0,ALLOW,No alert required.
TXN000946,2026-01-15 19:06:27,66.83,True,NORMAL,NORMAL,0.5,0.0,100.0,ALLOW,No alert required.
TXN000947,2026-01-15 04:21:23,120.54,True,NORMAL,NORMAL,0.5,0.0,100.0,ALLOW,No alert required.
TXN000948,2026-01-15 02:40:47,3377.71,True,NORMAL,NORMAL,0.5,0.0,57.0,MONITOR,No alert required.
TXN000949,2026-01-15 17:39:21,132.53,True,NORMAL,NORMAL,0.5,0.0,100.0,ALLOW,No alert required.
TXN000950,2026-01-15 08:57:56,137.99,True,NORMAL,NORMAL,0.5,0.0,100.0,ALLOW,No alert required.
TXN000951,2026-01-15 16:59:32,59.24,True,NORMAL,NORMAL,0.5,0.0,100.0,ALLOW,No alert required.
TXN000952,2026-01-15 06:47:52,84.42,True,NORMAL,NORMAL,0.5,0.0,100.0,ALLOW,No alert required.
TXN000953,2026-01-15 19:17:13,47.03,True,NORMAL,NORMAL,0.5,0.0,100.0,ALLOW,No alert required.
TXN000954,2026-01-15 14:32:45,247.87,True,NORMAL,NORMAL,0.5,0.0,100.0,ALLOW,No alert required.
TXN000955,2026-01-15 07:02:34,170.15,True,NORMAL,NORMAL,0.5,0.0,100.0,ALLOW,No alert required.
TXN000956,2026-01-15 01:41:15,192.43,True,NORMAL,NORMAL,0.5,0.0,100.0,ALLOW,No alert required.
TXN000957,2026-01-15 22:56:35,60.13,True,NORMAL,NORMAL,0.5,0.0,100.0,ALLOW,No alert required.
TXN000958,2026-01-15 07:46:17,121.74,True,NORMAL,NORMAL,0.5,0.0,100.0,ALLOW,No alert required.
TXN000959,2026-01-15 23:47:44,47.51,True,NORMAL,NORMAL,0.5,0.0,100.0,ALLOW,No alert required.
TXN000960,2026-01-15 12:09:28,261.39,True,NORMAL,NORMAL,0.5,0.0,100.0,ALLOW,No alert required.
TXN000961,2026-01-15 05:12:36,62.73,True,NORMAL,NORMAL,0.5,0.0,100.0,ALLOW,No alert required.
TXN000962,2026-01-15 06:04:09,263.28,True,NORMAL,NORMAL,0.5,0.0,100.0,ALLOW,No alert required.
TXN000963,2026-01-15 23:48:51,120.45,True,NORMAL,NORMAL,0.5,0.0,100.0,ALLOW,No alert required.
TXN000964,2026-01-15 01:08:15,169.56,True,NORMAL,NORMAL,0.5,0.0,100.0,ALLOW,No alert required.
TXN000965,2026-01-15 17:47:52,91.67,True,NORMAL,NORMAL,0.5,0.0,100.0,ALLOW,No alert required.
TXN000966,2026-01-15 05:30:09,3834.71,True,NORMAL,NORMAL,0.5,0.0,45.0,DENY,ALERT: DENY - Transaction evaluated by Qypher response policy.
TXN000967,2026-01-15 03:32:56,14.08,True,NORMAL,NORMAL,0.5,0.0,100.0,ALLOW,No alert required.
TXN000968,2026-01-15 07:58:56,62.12,True,NORMAL,NORMAL,0.5,0.0,100.0,ALLOW,No alert required.
TXN000969,2026-01-15 11:04:39,162.25,True,NORMAL,NORMAL,0.5,0.0,100.0,ALLOW,No alert required.
TXN000970,2026-01-15 19:11:43,148.99,True,NORMAL,NORMAL,0.5,0.0,100.0,ALLOW,No alert required.
TXN000971,2026-01-15 21:23:59,142.22,True,NORMAL,NORMAL,0.5,0.0,100.0,ALLOW,No alert required.
TXN000972,2026-01-15 15:52:04,55.35,True,NORMAL,NORMAL,0.5,0.0,100.0,ALLOW,No alert required.
TXN000973,2026-01-15 11:20:31,144.9,True,NORMAL,NORMAL,0.5,0.0,100.0,ALLOW,No alert required.
TXN000974,2026-01-15 07:24:26,101.16,True,NORMAL,NORMAL,0.5,0.0,100.0,ALLOW,No alert required.
TXN000975,2026-01-15 16:36:49,71.49,True,NORMAL,NORMAL,0.5,0.0,100.0,ALLOW,No alert required.
TXN000976,2026-01-15 15:08:58,154.29,True,NORMAL,NORMAL,0.5,0.0,100.0,ALLOW,No alert required.
TXN000977,2026-01-15 04:53:54,241.17,True,NORMAL,NORMAL,0.5,0.0,100.0,ALLOW,No alert required.
TXN000978,2026-01-15 22:09:24,19.19,True,NORMAL,NORMAL,0.5,0.0,100.0,ALLOW,No alert required.
TXN000979,2026-01-15 19:55:10,23.43,True,NORMAL,NORMAL,0.5,0.0,100.0,ALLOW,No alert required.
TXN000980,2026-01-15 04:48:11,79.96,True,NORMAL,NORMAL,0.5,0.0,100.0,ALLOW,No alert required.
TXN000981,2026-01-15 09:07:09,37.26,True,NORMAL,NORMAL,0.5,0.0,100.0,ALLOW,No alert required.
TXN000982,2026-01-15 14:35:45,131.24,True,NORMAL,NORMAL,0.5,0.0,100.0,ALLOW,No alert required.
TXN000983,2026-01-15 04:47:13,122.7,True,NORMAL,NORMAL,0.5,0.0,100.0,ALLOW,No alert required.
TXN000984,2026-01-15 02:52:44,150.63,True,NORMAL,NORMAL,0.5,0.0,100.0,ALLOW,No alert required.
TXN000985,2026-01-15 06:17:06,142.4,True,NORMAL,NORMAL,0.5,0.0,100.0,ALLOW,No alert required.
TXN000986,2026-01-15 03:04:13,103.79,True,NORMAL,NORMAL,0.5,0.0,100.0,ALLOW,No alert required.
TXN000987,2026-01-15 18:36:02,63.48,True,NORMAL,NORMAL,0.5,0.0,100.0,ALLOW,No alert required.
TXN000988,2026-01-15 09:25:32,175.55,True,NORMAL,NORMAL,0.5,0.0,100.0,ALLOW,No alert required.
TXN000989,2026-01-15 23:32:06,145.33,True,NORMAL,NORMAL,0.5,0.0,100.0,ALLOW,No alert required.
TXN000990,2026-01-15 04:43:29,147.27,True,NORMAL,NORMAL,0.5,0.0,100.0,ALLOW,No alert required.
TXN000991,2026-01-15 16:33:46,229.62,True,NORMAL,NORMAL,0.5,0.0,100.0,ALLOW,No alert required.
TXN000992,2026-01-15 13:02:57,287.19,True,NORMAL,NORMAL,0.5,0.0,100.0,ALLOW,No alert required.
TXN000993,2026-01-15 15:06:51,157.48,True,NORMAL,NORMAL,0.5,0.0,100.0,ALLOW,No alert required.
TXN000994,2026-01-15 14:20:10,108.01,True,NORMAL,NORMAL,0.5,0.0,100.0,ALLOW,No alert required.
TXN000995,2026-01-15 23:16:30,850.45,True,NORMAL,NORMAL,0.5,0.0,52.0,MONITOR,No alert required.
TXN000996,2026-01-15 13:54:39,97.12,True,NORMAL,NORMAL,0.5,0.0,100.0,ALLOW,No alert required.
TXN000997,2026-01-15 13:32:28,128.96,True,NORMAL,NORMAL,0.5,0.0,100.0,ALLOW,No alert required.
TXN000998,2026-01-15 12:10:36,158.61,True,NORMAL,NORMAL,0.5,0.0,100.0,ALLOW,No alert required.
TXN000999,2026-01-15 17:57:52,134.4,True,NORMAL,NORMAL,0.5,0.0,100.0,ALLOW,No alert required.
TXN001000,2026-01-15 06:25:21,92.67,True,NORMAL,NORMAL,0.5,0.0,100.0,ALLOW,No alert required.
TXN_20260928164051273523,2026-09-28 16:40:51,120.0,True,NORMAL,NORMAL,0.5,0.0,100.0,ALLOW,No alert required.
TXN_20260928164134518599,2026-09-28 16:41:34,141.0,True,NORMAL,NORMAL,0.5,0.0,80.0,ALLOW,No alert required.
