transaction_id,timestamp,amount,location,merchant_category,payment_method,device_id,transaction_type,hour,is_new_device,distance_from_usual,failed_attempts
TXN000001,2026-01-15 20:21:07,16.88,Phoenix,Entertainment,Debit Card,DEV-0038,bill_payment,20,False,21.59,0
TXN000002,2026-01-15 05:32:58,73.57,Chicago,Retail,Debit Card,DEV-0014,transfer,5,False,28.6,0
TXN000003,2026-01-15 00:38:20,159.38,Dallas,Grocery,Credit Card,DEV-0063,refund,0,False,9.23,1
TXN000004,2026-01-15 02:46:31,195.45,Phoenix,Travel,Debit Card,DEV-0009,transfer,2,False,4.95,0
TXN000005,2026-01-15 19:27:13,179.18,Atlanta,Fuel,Digital Wallet,DEV-0070,bill_payment,19,False,13.14,0
TXN000006,2026-01-15 03:15:14,104.17,Phoenix,Pharmacy,Credit Card,DEV-0009,withdrawal,3,False,0.22,0
TXN000007,2026-01-15 01:14:04,50.46,Austin,Pharmacy,Credit Card,DEV-0005,withdrawal,1,False,6.43,0
TXN000008,2026-01-15 18:36:30,26.04,Seattle,Streaming,Bank Transfer,DEV-0032,transfer,18,False,10.63,0
TXN000009,2026-01-15 23:03:43,133.8,Seattle,Coffee Shop,Credit Card,DEV-0084,bill_payment,23,False,3.28,0
TXN000010,2026-01-15 17:28:08,52.47,Miami,Dining,Digital Wallet,DEV-0055,bill_payment,17,False,13.29,0
TXN000011,2026-01-15 17:06:03,267.97,Seattle,Travel,Credit Card,DEV-0084,purchase,17,False,4.99,0
TXN000012,2026-01-15 03:55:25,1707.77,Paris,Crypto Exchange,Credit Card,DEV-0008,cash_advance,3,True,1800.53,5
TXN000013,2026-01-15 09:27:44,67.65,San Francisco,Travel,Bank Transfer,DEV-0094,transfer,9,False,1.75,0
TXN000014,2026-01-15 01:47:20,166.3,Boston,Grocery,Bank Transfer,DEV-0008,withdrawal,1,False,1.71,0
TXN000015,2026-01-15 05:04:38,170.07,Phoenix,Fuel,Bank Transfer,DEV-0009,purchase,5,False,17.37,1
TXN000016,2026-01-15 13:42:37,71.56,Chicago,Travel,Digital Wallet,DEV-0073,refund,13,False,7.16,0
TXN000017,2026-01-15 21:41:19,87.91,Chicago,Pharmacy,Credit Card,DEV-0059,purchase,21,False,29.88,1
TXN000018,2026-01-15 16:16:08,58.45,Chicago,Coffee Shop,Debit Card,DEV-0045,refund,16,False,16.3,0
TXN000019,2026-01-15 20:33:00,271.39,Austin,Travel,Digital Wallet,DEV-0086,purchase,20,False,3.46,0
TXN000020,2026-01-15 17:09:17,71.38,Boston,Utilities,Debit Card,DEV-0037,refund,17,False,7.92,0
TXN000021,2026-01-15 01:05:40,66.7,Miami,Retail,Credit Card,DEV-0055,purchase,1,False,29.39,0
TXN000022,2026-01-15 14:35:45,36.47,Miami,Travel,Credit Card,DEV-0055,purchase,14,False,27.12,0
TXN000023,2026-01-15 11:37:35,99.85,Chicago,Entertainment,Debit Card,DEV-0019,purchase,11,False,23.88,0
TXN000024,2026-01-15 11:13:43,160.3,Seattle,Coffee Shop,Digital Wallet,DEV-0032,withdrawal,11,False,18.62,0
TXN000025,2026-01-15 07:55:10,216.35,Dallas,Entertainment,Credit Card,DEV-0023,transfer,7,False,27.92,0
TXN000026,2026-01-15 23:51:15,158.27,Austin,Dining,Credit Card,DEV-0035,bill_payment,23,False,6.67,0
TXN000027,2026-01-15 14:22:19,77.74,San Francisco,Fuel,Credit Card,DEV-0030,transfer,14,False,2.08,0
TXN000028,2026-01-15 11:41:32,47.37,Austin,Travel,Digital Wallet,DEV-0052,purchase,11,False,5.36,0
TXN000029,2026-01-15 08:02:06,134.7,Austin,Entertainment,Digital Wallet,DEV-0077,refund,8,False,3.47,0
TXN000030,2026-01-15 06:16:02,267.76,Dallas,Entertainment,Credit Card,DEV-0091,withdrawal,6,False,21.58,0
TXN000031,2026-01-15 21:12:23,63.37,San Francisco,Coffee Shop,Digital Wallet,DEV-0056,withdrawal,21,False,21.59,0
TXN000032,2026-01-15 09:42:26,50.62,Boston,Entertainment,Digital Wallet,DEV-0042,withdrawal,9,False,28.21,0
TXN000033,2026-01-15 02:39:36,1498.69,Berlin,Luxury Retail,Digital Wallet,DEV-0039,transfer,2,True,1803.65,6
TXN000034,2026-01-15 20:20:29,90.44,Chicago,Streaming,Debit Card,DEV-0057,withdrawal,20,False,23.88,0
TXN000035,2026-01-15 02:18:32,238.61,Atlanta,Utilities,Digital Wallet,DEV-0085,purchase,2,False,20.18,0
TXN000036,2026-01-15 06:09:01,154.46,Seattle,Fuel,Bank Transfer,DEV-0006,withdrawal,6,False,12.43,0
TXN000037,2026-01-15 06:45:44,35.09,Denver,Streaming,Bank Transfer,DEV-0050,transfer,6,False,26.78,0
TXN000038,2026-01-15 03:49:27,104.76,Phoenix,Dining,Bank Transfer,DEV-0029,purchase,3,False,3.64,0
TXN000039,2026-01-15 14:42:33,182.64,Austin,Utilities,Digital Wallet,DEV-0072,bill_payment,14,False,15.14,0
TXN000040,2026-01-15 17:28:57,137.8,Seattle,Streaming,Bank Transfer,DEV-0021,refund,17,False,8.32,0
TXN000041,2026-01-15 15:40:15,49.86,New York,Streaming,Credit Card,DEV-0036,refund,15,False,26.79,0
TXN000042,2026-01-15 04:14:24,80.53,Atlanta,Dining,Debit Card,DEV-0089,purchase,4,False,13.98,2
TXN000043,2026-01-15 12:57:49,11.0,Chicago,Grocery,Bank Transfer,DEV-0075,bill_payment,12,False,22.6,0
TXN000044,2026-01-15 13:34:47,75.68,Phoenix,Travel,Debit Card,DEV-0095,bill_payment,13,False,0.87,0
TXN000045,2026-01-15 21:51:25,176.72,Boston,Dining,Bank Transfer,DEV-0093,transfer,21,False,27.21,0
TXN000046,2026-01-15 21:01:05,65.43,Denver,Entertainment,Debit Card,DEV-0083,bill_payment,21,False,9.82,0
TXN000047,2026-01-15 10:48:56,151.93,Denver,Retail,Bank Transfer,DEV-0049,refund,10,False,22.47,2
TXN000048,2026-01-15 07:41:04,43.89,Austin,Grocery,Credit Card,DEV-0100,transfer,7,True,4.57,0
TXN000049,2026-01-15 01:36:13,3655.61,Mexico City,Gambling,Credit Card,DEV-0060,purchase,1,True,652.97,4
TXN000050,2026-01-15 03:37:01,272.08,Denver,Utilities,Bank Transfer,DEV-0040,bill_payment,3,False,17.76,0
TXN000051,2026-01-15 07:06:44,143.05,Los Angeles,Retail,Credit Card,DEV-0099,withdrawal,7,False,12.85,0
TXN000052,2026-01-15 16:41:21,133.92,Chicago,Entertainment,Bank Transfer,DEV-0002,purchase,16,False,26.75,0
TXN000053,2026-01-15 04:27:11,235.83,San Francisco,Travel,Digital Wallet,DEV-0094,withdrawal,4,False,14.5,0
TXN000054,2026-01-15 23:37:17,159.88,Boston,Fuel,Credit Card,DEV-0042,refund,23,False,13.94,0
TXN000055,2026-01-15 12:21:01,46.06,Denver,Pharmacy,Debit Card,DEV-0064,bill_payment,12,False,10.21,0
TXN000056,2026-01-15 22:56:17,51.03,Austin,Grocery,Debit Card,DEV-0072,purchase,22,False,16.66,0
TXN000057,2026-01-15 15:41:45,60.02,Dallas,Streaming,Credit Card,DEV-0063,purchase,15,False,7.3,0
TXN000058,2026-01-15 05:30:35,3370.85,Rio de Janeiro,Crypto Exchange,Digital Wallet,DEV-0068,transfer,5,True,851.2,4
TXN000059,2026-01-15 07:07:46,171.65,San Francisco,Pharmacy,Credit Card,DEV-0025,withdrawal,7,False,5.75,0
TXN000060,2026-01-15 08:46:37,242.47,Miami,Travel,Digital Wallet,DEV-0098,purchase,8,False,10.83,0
TXN000061,2026-01-15 22:34:08,59.66,New York,Grocery,Credit Card,DEV-0036,withdrawal,22,False,19.14,0
TXN000062,2026-01-15 03:55:00,84.88,Seattle,Retail,Bank Transfer,DEV-0074,bill_payment,3,False,1.54,0
TXN000063,2026-01-15 15:07:52,172.95,Phoenix,Entertainment,Bank Transfer,DEV-0009,purchase,15,False,4.55,0
TXN000064,2026-01-15 09:05:15,178.15,Los Angeles,Travel,Bank Transfer,DEV-0016,withdrawal,9,False,23.27,0
TXN000065,2026-01-15 14:19:55,184.92,Los Angeles,Entertainment,Digital Wallet,DEV-0076,withdrawal,14,False,22.2,0
TXN000066,2026-01-15 03:40:13,2797.57,Dubai,International Travel,Credit Card,DEV-0034,withdrawal,3,True,639.59,5
TXN000067,2026-01-15 14:44:38,58.98,Austin,Retail,Credit Card,DEV-0061,transfer,14,False,25.79,1
TXN000068,2026-01-15 04:50:50,2769.34,London,Electronics,Digital Wallet,DEV-0081,purchase,4,True,1548.12,4
TXN000069,2026-01-15 04:04:03,31.14,San Francisco,Retail,Digital Wallet,DEV-0022,bill_payment,4,False,20.99,0
TXN000070,2026-01-15 16:34:31,134.87,Chicago,Coffee Shop,Credit Card,DEV-0057,bill_payment,16,False,0.78,0
TXN000071,2026-01-15 21:53:55,172.74,Seattle,Utilities,Credit Card,DEV-0074,refund,21,False,5.26,0
TXN000072,2026-01-15 14:58:17,279.58,New York,Utilities,Bank Transfer,DEV-0024,bill_payment,14,False,12.25,0
TXN000073,2026-01-15 03:54:10,196.22,Seattle,Entertainment,Bank Transfer,DEV-0043,refund,3,False,22.81,1
TXN000074,2026-01-15 10:16:20,141.66,Dallas,Entertainment,Credit Card,DEV-0015,withdrawal,10,False,15.55,0
TXN000075,2026-01-15 15:40:28,103.37,Miami,Grocery,Debit Card,DEV-0098,refund,15,False,13.14,0
TXN000076,2026-01-15 03:01:40,103.64,Miami,Fuel,Debit Card,DEV-0078,refund,3,False,2.8,0
TXN000077,2026-01-15 03:29:07,96.51,Denver,Dining,Bank Transfer,DEV-0083,refund,3,False,25.04,0
TXN000078,2026-01-15 07:29:35,154.24,Chicago,Entertainment,Debit Card,DEV-0019,withdrawal,7,False,25.92,0
TXN000079,2026-01-15 13:21:59,133.43,Dallas,Retail,Credit Card,DEV-0065,refund,13,False,17.4,0
TXN000080,2026-01-15 04:28:34,139.69,Atlanta,Pharmacy,Digital Wallet,DEV-0062,withdrawal,4,False,27.99,0
TXN000081,2026-01-15 22:15:36,64.09,Denver,Fuel,Bank Transfer,DEV-0050,purchase,22,False,27.4,0
TXN000082,2026-01-15 21:50:52,31.46,Seattle,Dining,Bank Transfer,DEV-0084,purchase,21,False,9.96,0
TXN000083,2026-01-15 14:06:33,158.06,Chicago,Grocery,Debit Card,DEV-0059,bill_payment,14,False,2.24,0
TXN000084,2026-01-15 08:21:39,247.84,Atlanta,Entertainment,Credit Card,DEV-0089,refund,8,False,11.4,0
TXN000085,2026-01-15 22:56:48,34.61,Dallas,Travel,Credit Card,DEV-0063,withdrawal,22,False,27.63,0
TXN000086,2026-01-15 23:05:27,127.98,San Francisco,Coffee Shop,Bank Transfer,DEV-0013,transfer,23,False,1.38,0
TXN000087,2026-01-15 09:22:23,80.05,San Francisco,Dining,Debit Card,DEV-0056,withdrawal,9,False,5.4,0
TXN000088,2026-01-15 19:55:24,34.33,Denver,Fuel,Bank Transfer,DEV-0080,withdrawal,19,False,7.62,0
TXN000089,2026-01-15 00:57:51,85.09,San Francisco,Retail,Debit Card,DEV-0060,purchase,0,False,17.63,0
TXN000090,2026-01-15 13:44:16,155.07,Chicago,Retail,Debit Card,DEV-0059,bill_payment,13,False,11.44,0
TXN000091,2026-01-15 09:44:18,169.93,New York,Entertainment,Digital Wallet,DEV-0003,purchase,9,False,22.34,2
TXN000092,2026-01-15 09:49:51,189.16,San Francisco,Utilities,Digital Wallet,DEV-0030,transfer,9,False,20.33,0
TXN000093,2026-01-15 21:43:53,144.06,New York,Coffee Shop,Credit Card,DEV-0018,refund,21,False,10.95,0
TXN000094,2026-01-15 04:20:47,2717.24,Paris,Electronics,Credit Card,DEV-0054,transfer,4,True,2039.95,3
TXN000095,2026-01-15 08:58:52,89.62,Atlanta,Retail,Digital Wallet,DEV-0062,purchase,8,False,22.62,0
TXN000096,2026-01-15 21:46:43,231.07,Dallas,Travel,Digital Wallet,DEV-0051,purchase,21,True,16.1,0
TXN000097,2026-01-15 21:47:43,45.47,Dallas,Utilities,Bank Transfer,DEV-0034,refund,21,False,0.75,0
TXN000098,2026-01-15 17:20:58,164.6,Atlanta,Fuel,Credit Card,DEV-0079,bill_payment,17,False,12.25,0
TXN000099,2026-01-15 01:19:31,33.06,Dallas,Coffee Shop,Debit Card,DEV-0015,withdrawal,1,False,20.11,0
TXN000100,2026-01-15 17:26:37,151.73,Seattle,Dining,Bank Transfer,DEV-0096,purchase,17,False,28.17,0
TXN000101,2026-01-15 22:23:13,26.89,Chicago,Streaming,Debit Card,DEV-0057,refund,22,False,16.33,0
TXN000102,2026-01-15 11:03:25,25.58,New York,Fuel,Credit Card,DEV-0036,bill_payment,11,False,19.18,0
TXN000103,2026-01-15 01:50:21,151.07,Seattle,Dining,Debit Card,DEV-0032,purchase,1,False,17.59,0
TXN000104,2026-01-15 07:21:49,249.49,Chicago,Utilities,Credit Card,DEV-0019,refund,7,False,3.9,0
TXN000105,2026-01-15 05:07:42,144.3,Phoenix,Dining,Credit Card,DEV-0004,refund,5,False,9.71,0
TXN000106,2026-01-15 01:08:47,145.54,Phoenix,Travel,Credit Card,DEV-0054,purchase,1,False,15.4,0
TXN000107,2026-01-15 16:14:39,190.99,Seattle,Travel,Digital Wallet,DEV-0006,bill_payment,16,False,29.96,0
TXN000108,2026-01-15 13:43:06,64.76,Dallas,Streaming,Credit Card,DEV-0063,purchase,13,False,3.79,0
TXN000109,2026-01-15 18:35:45,153.51,Boston,Entertainment,Digital Wallet,DEV-0042,bill_payment,18,False,23.79,0
TXN000110,2026-01-15 20:41:56,138.82,Los Angeles,Travel,Debit Card,DEV-0099,bill_payment,20,False,10.17,0
TXN000111,2026-01-15 13:46:06,117.81,Austin,Entertainment,Digital Wallet,DEV-0041,refund,13,False,27.69,1
TXN000112,2026-01-15 02:27:06,20.2,Seattle,Pharmacy,Debit Card,DEV-0096,withdrawal,2,False,16.85,0
TXN000113,2026-01-15 06:22:55,2036.26,Berlin,Luxury Retail,Digital Wallet,DEV-0086,transfer,6,True,1419.15,3
TXN000114,2026-01-15 04:42:30,72.49,Phoenix,Coffee Shop,Digital Wallet,DEV-0029,withdrawal,4,False,17.22,0
TXN000115,2026-01-15 17:49:52,268.71,Denver,Utilities,Credit Card,DEV-0080,withdrawal,17,False,8.02,0
TXN000116,2026-01-15 22:48:19,157.88,Denver,Pharmacy,Credit Card,DEV-0044,transfer,22,False,12.02,0
TXN000117,2026-01-15 20:01:05,130.19,Seattle,Travel,Debit Card,DEV-0096,bill_payment,20,False,11.1,0
TXN000118,2026-01-15 01:56:03,2383.83,Paris,Luxury Retail,Credit Card,DEV-0020,transfer,1,True,1134.43,6
TXN000119,2026-01-15 14:26:17,132.94,Atlanta,Travel,Credit Card,DEV-0028,refund,14,False,20.35,0
TXN000120,2026-01-15 21:19:02,71.6,Phoenix,Entertainment,Credit Card,DEV-0029,purchase,21,False,23.02,0
TXN000121,2026-01-15 09:20:07,31.96,Atlanta,Streaming,Bank Transfer,DEV-0001,transfer,9,False,6.9,0
TXN000122,2026-01-15 21:51:22,21.1,Chicago,Entertainment,Credit Card,DEV-0010,bill_payment,21,False,25.86,0
TXN000123,2026-01-15 18:25:45,126.17,Denver,Entertainment,Digital Wallet,DEV-0082,purchase,18,False,5.16,0
TXN000124,2026-01-15 14:53:44,51.36,Los Angeles,Coffee Shop,Bank Transfer,DEV-0047,purchase,14,False,15.72,0
TXN000125,2026-01-15 09:47:21,96.78,Phoenix,Pharmacy,Debit Card,DEV-0029,purchase,9,False,15.3,0
TXN000126,2026-01-15 11:22:46,34.9,Denver,Dining,Debit Card,DEV-0083,purchase,11,False,18.07,0
TXN000127,2026-01-15 20:04:11,139.18,Los Angeles,Streaming,Bank Transfer,DEV-0099,withdrawal,20,False,27.72,0
TXN000128,2026-01-15 20:39:20,21.61,Boston,Pharmacy,Debit Card,DEV-0081,bill_payment,20,False,9.08,0
TXN000129,2026-01-15 01:22:32,16.39,Chicago,Retail,Bank Transfer,DEV-0010,bill_payment,1,False,8.61,0
TXN000130,2026-01-15 02:39:38,166.77,Dallas,Entertainment,Bank Transfer,DEV-0065,withdrawal,2,False,26.88,0
TXN000131,2026-01-15 18:41:12,57.03,Boston,Utilities,Bank Transfer,DEV-0042,withdrawal,18,False,3.11,0
TXN000132,2026-01-15 10:45:05,130.3,Dallas,Dining,Credit Card,DEV-0065,transfer,10,False,15.72,0
TXN000133,2026-01-15 11:23:58,200.66,Boston,Entertainment,Bank Transfer,DEV-0037,refund,11,False,18.93,0
TXN000134,2026-01-15 10:06:35,212.86,Phoenix,Entertainment,Digital Wallet,DEV-0087,refund,10,False,27.19,0
TXN000135,2026-01-15 10:05:37,174.51,Atlanta,Dining,Digital Wallet,DEV-0085,refund,10,False,11.76,0
TXN000136,2026-01-15 02:19:35,25.89,Denver,Pharmacy,Debit Card,DEV-0049,withdrawal,2,False,15.25,2
TXN000137,2026-01-15 05:13:21,180.0,Los Angeles,Streaming,Debit Card,DEV-0099,transfer,5,False,8.87,0
TXN000138,2026-01-15 16:49:34,254.38,Phoenix,Travel,Credit Card,DEV-0095,refund,16,False,17.92,0
TXN000139,2026-01-15 05:53:44,27.88,Los Angeles,Utilities,Debit Card,DEV-0099,bill_payment,5,False,21.59,0
TXN000140,2026-01-15 19:18:48,50.66,Seattle,Streaming,Debit Card,DEV-0096,withdrawal,19,False,23.53,0
TXN000141,2026-01-15 06:23:43,142.28,Seattle,Streaming,Bank Transfer,DEV-0074,refund,6,False,12.56,0
TXN000142,2026-01-15 03:51:38,2807.25,Mexico City,Luxury Retail,Digital Wallet,DEV-0018,transfer,3,True,539.79,6
TXN000143,2026-01-15 01:18:05,3857.98,Paris,Digital Goods,Digital Wallet,DEV-0098,withdrawal,1,True,519.67,3
TXN000144,2026-01-15 14:56:22,152.55,Phoenix,Entertainment,Credit Card,DEV-0004,bill_payment,14,False,29.84,0
TXN000145,2026-01-15 00:20:59,16.51,San Francisco,Pharmacy,Debit Card,DEV-0013,transfer,0,False,14.17,0
TXN000146,2026-01-15 22:30:28,53.51,Atlanta,Grocery,Credit Card,DEV-0079,purchase,22,False,16.46,0
TXN000147,2026-01-15 06:07:49,1606.07,Singapore,Digital Goods,Credit Card,DEV-0037,purchase,6,True,1532.06,6
TXN000148,2026-01-15 14:04:07,172.41,Denver,Utilities,Credit Card,DEV-0064,withdrawal,14,False,8.74,2
TXN000149,2026-01-15 07:36:26,172.08,New York,Coffee Shop,Digital Wallet,DEV-0024,purchase,7,False,23.59,0
TXN000150,2026-01-15 00:24:55,53.12,Austin,Grocery,Bank Transfer,DEV-0061,refund,0,True,23.66,0
TXN000151,2026-01-15 23:42:40,28.06,Chicago,Utilities,Digital Wallet,DEV-0014,transfer,23,False,24.41,0
TXN000152,2026-01-15 21:29:44,131.73,Atlanta,Dining,Debit Card,DEV-0062,purchase,21,False,1.11,0
TXN000153,2026-01-15 06:56:02,90.48,Austin,Retail,Bank Transfer,DEV-0041,withdrawal,6,False,19.41,0
TXN000154,2026-01-15 01:55:41,84.28,Seattle,Retail,Credit Card,DEV-0043,refund,1,False,13.19,0
TXN000155,2026-01-15 10:11:31,55.34,Atlanta,Streaming,Digital Wallet,DEV-0089,withdrawal,10,False,12.73,0
TXN000156,2026-01-15 05:34:18,122.36,Boston,Coffee Shop,Credit Card,DEV-0042,refund,5,False,18.08,0
TXN000157,2026-01-15 23:22:28,985.16,Rio de Janeiro,Crypto Exchange,Digital Wallet,DEV-0006,purchase,23,True,1529.4,4
TXN000158,2026-01-15 16:51:47,154.27,Phoenix,Dining,Credit Card,DEV-0087,transfer,16,False,13.15,0
TXN000159,2026-01-15 07:49:41,15.51,Los Angeles,Pharmacy,Bank Transfer,DEV-0047,withdrawal,7,False,13.5,0
TXN000160,2026-01-15 14:48:04,63.45,Seattle,Dining,Digital Wallet,DEV-0074,bill_payment,14,False,28.82,1
TXN000161,2026-01-15 15:33:24,129.69,Austin,Coffee Shop,Digital Wallet,DEV-0072,refund,15,False,18.36,0
TXN000162,2026-01-15 15:12:07,162.78,New York,Coffee Shop,Bank Transfer,DEV-0018,transfer,15,False,2.63,0
TXN000163,2026-01-15 10:42:22,154.73,Dallas,Coffee Shop,Digital Wallet,DEV-0091,refund,10,False,27.82,0
TXN000164,2026-01-15 05:32:14,799.88,Singapore,International Travel,Credit Card,DEV-0016,cash_advance,5,True,1374.94,4
TXN000165,2026-01-15 14:51:35,100.13,New York,Utilities,Credit Card,DEV-0017,purchase,14,False,21.57,0
TXN000166,2026-01-15 13:52:36,86.5,Chicago,Dining,Digital Wallet,DEV-0010,purchase,13,False,10.34,0
TXN000167,2026-01-15 17:40:37,164.82,New York,Dining,Bank Transfer,DEV-0024,withdrawal,17,False,3.72,0
TXN000168,2026-01-15 05:10:20,162.14,Dallas,Fuel,Digital Wallet,DEV-0091,withdrawal,5,False,7.52,0
TXN000169,2026-01-15 17:17:08,118.97,Boston,Retail,Credit Card,DEV-0081,withdrawal,17,False,17.42,0
TXN000170,2026-01-15 19:46:57,23.81,Miami,Pharmacy,Credit Card,DEV-0078,purchase,19,False,23.13,0
TXN000171,2026-01-15 06:49:36,257.81,Phoenix,Utilities,Credit Card,DEV-0054,bill_payment,6,False,19.26,0
TXN000172,2026-01-15 07:51:51,35.85,Atlanta,Entertainment,Digital Wallet,DEV-0088,bill_payment,7,False,13.19,0
TXN000173,2026-01-15 06:21:38,175.81,Chicago,Pharmacy,Digital Wallet,DEV-0019,refund,6,False,11.12,0
TXN000174,2026-01-15 10:15:29,33.95,Los Angeles,Retail,Bank Transfer,DEV-0016,transfer,10,False,28.36,0
TXN000175,2026-01-15 13:15:55,139.73,Seattle,Pharmacy,Digital Wallet,DEV-0021,transfer,13,False,15.44,0
TXN000176,2026-01-15 09:31:01,74.52,Phoenix,Entertainment,Bank Transfer,DEV-0012,transfer,9,False,1.52,0
TXN000177,2026-01-15 20:43:30,133.21,Boston,Travel,Credit Card,DEV-0037,purchase,20,False,21.83,0
TXN000178,2026-01-15 11:02:25,166.48,Seattle,Utilities,Debit Card,DEV-0007,refund,11,False,15.13,0
TXN000179,2026-01-15 08:52:39,281.22,Atlanta,Utilities,Credit Card,DEV-0088,transfer,8,False,23.85,0
TXN000180,2026-01-15 11:48:09,26.95,Seattle,Utilities,Bank Transfer,DEV-0026,withdrawal,11,False,21.41,0
TXN000181,2026-01-15 16:29:09,269.33,Miami,Travel,Debit Card,DEV-0078,refund,16,False,11.79,0
TXN000182,2026-01-15 09:37:21,97.54,Dallas,Travel,Bank Transfer,DEV-0065,withdrawal,9,False,11.05,0
TXN000183,2026-01-15 13:37:19,174.4,Boston,Grocery,Bank Transfer,DEV-0093,refund,13,False,23.28,0
TXN000184,2026-01-15 23:03:37,149.68,Atlanta,Dining,Bank Transfer,DEV-0062,transfer,23,False,17.18,0
TXN000185,2026-01-15 06:01:28,203.82,Austin,Entertainment,Debit Card,DEV-0041,bill_payment,6,False,23.25,0
TXN000186,2026-01-15 23:46:03,65.26,Dallas,Dining,Debit Card,DEV-0091,withdrawal,23,False,15.76,0
TXN000187,2026-01-15 05:29:58,113.71,New York,Pharmacy,Digital Wallet,DEV-0069,refund,5,False,7.4,0
TXN000188,2026-01-15 07:19:49,91.57,Boston,Fuel,Bank Transfer,DEV-0037,refund,7,False,28.03,0
TXN000189,2026-01-15 09:07:36,238.6,Phoenix,Travel,Bank Transfer,DEV-0087,bill_payment,9,False,24.14,0
TXN000190,2026-01-15 09:45:05,46.38,Chicago,Streaming,Digital Wallet,DEV-0045,bill_payment,9,False,8.13,0
TXN000191,2026-01-15 08:08:06,29.81,Atlanta,Utilities,Debit Card,DEV-0079,transfer,8,False,6.77,0
TXN000192,2026-01-15 03:26:21,10.88,Atlanta,Streaming,Credit Card,DEV-0092,transfer,3,False,27.87,0
TXN000193,2026-01-15 15:30:41,119.8,Seattle,Retail,Digital Wallet,DEV-0026,refund,15,False,2.68,0
TXN000194,2026-01-15 17:47:46,168.77,Austin,Dining,Bank Transfer,DEV-0005,transfer,17,False,25.09,0
TXN000195,2026-01-15 05:59:47,106.55,Phoenix,Grocery,Credit Card,DEV-0038,refund,5,False,29.49,0
TXN000196,2026-01-15 20:34:33,42.78,Denver,Dining,Bank Transfer,DEV-0064,refund,20,False,4.87,0
TXN000197,2026-01-15 08:45:11,124.65,Chicago,Pharmacy,Digital Wallet,DEV-0002,withdrawal,8,False,18.33,0
TXN000198,2026-01-15 12:52:27,123.77,Seattle,Pharmacy,Credit Card,DEV-0066,bill_payment,12,False,4.22,0
TXN000199,2026-01-15 07:00:16,172.19,Denver,Fuel,Bank Transfer,DEV-0050,refund,7,False,21.69,2
TXN000200,2026-01-15 22:15:03,37.15,Austin,Coffee Shop,Bank Transfer,DEV-0086,refund,22,False,27.69,0
TXN000201,2026-01-15 09:44:07,47.54,Denver,Retail,Digital Wallet,DEV-0082,withdrawal,9,False,14.35,0
TXN000202,2026-01-15 19:23:26,234.14,Chicago,Travel,Bank Transfer,DEV-0090,withdrawal,19,False,22.86,0
TXN000203,2026-01-15 19:55:50,207.42,Atlanta,Travel,Bank Transfer,DEV-0011,withdrawal,19,False,16.93,1
TXN000204,2026-01-15 18:34:09,125.65,San Francisco,Pharmacy,Bank Transfer,DEV-0022,purchase,18,False,14.66,0
TXN000205,2026-01-15 14:51:03,105.86,Chicago,Dining,Bank Transfer,DEV-0059,bill_payment,14,False,20.18,0
TXN000206,2026-01-15 00:25:16,82.03,Atlanta,Fuel,Credit Card,DEV-0001,purchase,0,False,16.23,1
TXN000207,2026-01-15 15:02:18,73.66,New York,Dining,Debit Card,DEV-0053,bill_payment,15,False,13.46,0
TXN000208,2026-01-15 12:24:05,48.27,Atlanta,Travel,Debit Card,DEV-0088,refund,12,False,11.79,0
TXN000209,2026-01-15 07:53:00,124.49,Boston,Grocery,Digital Wallet,DEV-0097,bill_payment,7,False,15.96,0
TXN000210,2026-01-15 07:29:22,15.48,Seattle,Retail,Debit Card,DEV-0020,purchase,7,False,18.45,0
TXN000211,2026-01-15 00:15:13,111.62,Phoenix,Coffee Shop,Credit Card,DEV-0009,bill_payment,0,False,1.46,0
TXN000212,2026-01-15 12:28:14,95.66,Atlanta,Fuel,Credit Card,DEV-0070,transfer,12,False,24.47,0
TXN000213,2026-01-15 10:36:38,158.96,Los Angeles,Pharmacy,Debit Card,DEV-0099,refund,10,False,15.64,0
TXN000214,2026-01-15 08:03:35,94.26,Los Angeles,Dining,Bank Transfer,DEV-0076,withdrawal,8,False,28.25,0
TXN000215,2026-01-15 16:20:44,118.4,Phoenix,Entertainment,Debit Card,DEV-0054,refund,16,False,14.21,0
TXN000216,2026-01-15 09:54:45,80.16,Chicago,Streaming,Credit Card,DEV-0019,withdrawal,9,False,15.9,0
TXN000217,2026-01-15 04:13:21,2735.42,Dubai,High Risk Merchant,Digital Wallet,DEV-0083,purchase,4,True,1884.4,2
TXN000218,2026-01-15 04:24:43,3757.67,London,Luxury Retail,Credit Card,DEV-0078,withdrawal,4,True,1437.03,7
TXN000219,2026-01-15 17:13:30,46.01,Phoenix,Pharmacy,Digital Wallet,DEV-0027,purchase,17,False,22.24,0
TXN000220,2026-01-15 15:58:15,264.91,Chicago,Utilities,Debit Card,DEV-0090,bill_payment,15,False,23.27,0
TXN000221,2026-01-15 17:41:22,160.08,Denver,Retail,Digital Wallet,DEV-0040,withdrawal,17,False,24.08,0
TXN000222,2026-01-15 10:58:13,105.63,Chicago,Pharmacy,Bank Transfer,DEV-0048,purchase,10,False,4.38,0
TXN000223,2026-01-15 18:37:46,66.08,Phoenix,Retail,Debit Card,DEV-0054,transfer,18,False,25.0,0
TXN000224,2026-01-15 20:43:21,38.6,Miami,Streaming,Bank Transfer,DEV-0033,bill_payment,20,False,5.08,0
TXN000225,2026-01-15 23:11:58,3604.49,Tokyo,Luxury Retail,Credit Card,DEV-0070,purchase,23,True,1112.93,7
TXN000226,2026-01-15 07:04:45,87.52,Seattle,Grocery,Debit Card,DEV-0020,withdrawal,7,False,19.13,0
TXN000227,2026-01-15 15:42:31,12.84,New York,Grocery,Bank Transfer,DEV-0003,purchase,15,False,16.07,0
TXN000228,2026-01-15 16:52:44,265.71,Phoenix,Entertainment,Debit Card,DEV-0087,purchase,16,False,7.23,0
TXN000229,2026-01-15 08:52:22,276.93,Austin,Entertainment,Credit Card,DEV-0035,refund,8,False,7.3,0
TXN000230,2026-01-15 09:43:52,74.47,Atlanta,Grocery,Credit Card,DEV-0011,bill_payment,9,False,1.68,1
TXN000231,2026-01-15 02:31:54,166.26,San Francisco,Pharmacy,Credit Card,DEV-0056,withdrawal,2,False,27.04,0
TXN000232,2026-01-15 18:30:17,105.8,Seattle,Coffee Shop,Digital Wallet,DEV-0006,withdrawal,18,False,27.86,0
TXN000233,2026-01-15 06:37:09,60.19,Boston,Entertainment,Credit Card,DEV-0097,refund,6,False,25.04,0
TXN000234,2026-01-15 17:21:24,136.73,Boston,Dining,Credit Card,DEV-0097,withdrawal,17,False,2.93,0
TXN000235,2026-01-15 01:21:38,3109.67,London,Crypto Exchange,Digital Wallet,DEV-0099,purchase,1,True,1799.56,5
TXN000236,2026-01-15 15:14:22,200.88,Seattle,Entertainment,Bank Transfer,DEV-0071,transfer,15,False,2.57,0
TXN000237,2026-01-15 07:45:04,130.99,Atlanta,Retail,Debit Card,DEV-0011,bill_payment,7,False,22.19,0
TXN000238,2026-01-15 03:05:00,27.38,Denver,Streaming,Digital Wallet,DEV-0040,refund,3,False,12.93,0
TXN000239,2026-01-15 16:26:06,25.82,Phoenix,Coffee Shop,Digital Wallet,DEV-0004,withdrawal,16,False,9.73,0
TXN000240,2026-01-15 09:26:24,98.59,Austin,Coffee Shop,Debit Card,DEV-0100,withdrawal,9,False,5.09,0
TXN000241,2026-01-15 08:31:09,81.59,Phoenix,Dining,Bank Transfer,DEV-0009,refund,8,False,2.31,0
TXN000242,2026-01-15 07:46:40,45.1,Denver,Utilities,Debit Card,DEV-0064,bill_payment,7,False,28.46,0
TXN000243,2026-01-15 19:24:51,148.63,Seattle,Streaming,Digital Wallet,DEV-0043,bill_payment,19,False,29.23,0
TXN000244,2026-01-15 10:38:44,173.98,Seattle,Streaming,Digital Wallet,DEV-0026,transfer,10,False,8.74,0
TXN000245,2026-01-15 15:36:50,148.8,Seattle,Pharmacy,Bank Transfer,DEV-0032,refund,15,False,3.42,0
TXN000246,2026-01-15 18:34:11,272.49,Atlanta,Travel,Credit Card,DEV-0088,bill_payment,18,False,23.93,0
TXN000247,2026-01-15 02:52:54,51.14,New York,Streaming,Debit Card,DEV-0053,refund,2,False,21.46,0
TXN000248,2026-01-15 02:28:38,153.8,Atlanta,Utilities,Bank Transfer,DEV-0062,withdrawal,2,False,20.75,0
TXN000249,2026-01-15 11:44:57,225.16,New York,Utilities,Credit Card,DEV-0069,purchase,11,False,10.65,0
TXN000250,2026-01-15 01:36:41,44.82,Phoenix,Entertainment,Digital Wallet,DEV-0087,bill_payment,1,False,6.66,0
TXN000251,2026-01-15 17:37:44,76.49,Seattle,Fuel,Bank Transfer,DEV-0074,refund,17,False,17.66,0
TXN000252,2026-01-15 11:01:30,29.73,Chicago,Retail,Bank Transfer,DEV-0014,purchase,11,False,4.25,0
TXN000253,2026-01-15 23:50:13,2365.03,Lagos,Gambling,Digital Wallet,DEV-0067,purchase,23,True,1639.01,4
TXN000254,2026-01-15 02:19:02,120.15,Dallas,Coffee Shop,Credit Card,DEV-0091,refund,2,False,4.93,0
TXN000255,2026-01-15 07:33:11,82.48,Seattle,Dining,Digital Wallet,DEV-0071,withdrawal,7,False,23.93,0
TXN000256,2026-01-15 05:40:42,256.2,San Francisco,Entertainment,Credit Card,DEV-0056,withdrawal,5,False,12.89,1
TXN000257,2026-01-15 06:17:48,41.78,Dallas,Coffee Shop,Credit Card,DEV-0091,withdrawal,6,False,13.73,0
TXN000258,2026-01-15 23:33:40,2022.11,London,Crypto Exchange,Digital Wallet,DEV-0041,purchase,23,True,1914.21,6
TXN000259,2026-01-15 05:52:43,63.24,Dallas,Retail,Credit Card,DEV-0091,transfer,5,False,3.51,0
TXN000260,2026-01-15 04:32:24,120.37,Phoenix,Utilities,Debit Card,DEV-0054,withdrawal,4,False,19.07,0
TXN000261,2026-01-15 20:59:11,33.85,Austin,Dining,Bank Transfer,DEV-0072,refund,20,False,13.53,2
TXN000262,2026-01-15 00:31:08,202.24,San Francisco,Entertainment,Bank Transfer,DEV-0025,bill_payment,0,False,25.2,0
TXN000263,2026-01-15 02:36:01,56.72,Miami,Fuel,Digital Wallet,DEV-0098,purchase,2,False,5.05,0
TXN000264,2026-01-15 23:49:49,47.06,Denver,Travel,Credit Card,DEV-0064,withdrawal,23,False,24.7,0
TXN000265,2026-01-15 01:48:46,43.86,Chicago,Travel,Debit Card,DEV-0057,bill_payment,1,False,22.54,0
TXN000266,2026-01-15 01:28:16,141.86,Chicago,Coffee Shop,Bank Transfer,DEV-0045,purchase,1,False,24.32,0
TXN000267,2026-01-15 11:55:45,53.87,Atlanta,Entertainment,Debit Card,DEV-0079,withdrawal,11,False,6.21,2
TXN000268,2026-01-15 17:17:38,59.19,New York,Dining,Digital Wallet,DEV-0069,refund,17,False,25.74,0
TXN000269,2026-01-15 21:52:06,251.84,New York,Entertainment,Credit Card,DEV-0018,refund,21,False,25.98,0
TXN000270,2026-01-15 05:53:15,3085.69,Berlin,High Risk Merchant,Credit Card,DEV-0098,transfer,5,True,1044.07,2
TXN000271,2026-01-15 20:50:56,137.47,Los Angeles,Coffee Shop,Bank Transfer,DEV-0099,withdrawal,20,False,26.32,0
TXN000272,2026-01-15 23:20:37,3723.58,Dubai,High Risk Merchant,Digital Wallet,DEV-0001,purchase,23,True,1085.77,5
TXN000273,2026-01-15 06:31:17,108.25,Boston,Retail,Digital Wallet,DEV-0042,withdrawal,6,False,14.56,0
TXN000274,2026-01-15 00:02:06,2376.89,Lagos,Luxury Retail,Credit Card,DEV-0081,withdrawal,0,True,351.25,5
TXN000275,2026-01-15 03:44:58,3187.43,Mexico City,International Travel,Digital Wallet,DEV-0017,purchase,3,True,813.22,4
TXN000276,2026-01-15 21:57:41,133.42,San Francisco,Grocery,Bank Transfer,DEV-0022,refund,21,False,12.88,0
TXN000277,2026-01-15 03:00:13,48.45,Atlanta,Coffee Shop,Debit Card,DEV-0062,withdrawal,3,False,0.28,0
TXN000278,2026-01-15 03:55:27,48.92,Atlanta,Dining,Bank Transfer,DEV-0089,purchase,3,False,24.18,0
TXN000279,2026-01-15 11:56:19,34.61,New York,Entertainment,Debit Card,DEV-0018,transfer,11,False,18.31,0
TXN000280,2026-01-15 11:46:13,126.72,Boston,Dining,Bank Transfer,DEV-0081,withdrawal,11,False,2.6,0
TXN000281,2026-01-15 03:37:46,144.48,Denver,Pharmacy,Bank Transfer,DEV-0050,refund,3,False,19.34,0
TXN000282,2026-01-15 19:38:46,44.93,Miami,Retail,Credit Card,DEV-0078,refund,19,False,5.66,0
TXN000283,2026-01-15 20:03:50,50.98,Los Angeles,Streaming,Bank Transfer,DEV-0031,purchase,20,False,2.13,0
TXN000284,2026-01-15 00:23:59,81.55,Austin,Dining,Bank Transfer,DEV-0041,withdrawal,0,False,5.18,0
TXN000285,2026-01-15 02:01:37,16.77,Phoenix,Grocery,Digital Wallet,DEV-0009,transfer,2,False,23.68,0
TXN000286,2026-01-15 20:45:32,38.42,Los Angeles,Entertainment,Bank Transfer,DEV-0099,bill_payment,20,False,18.48,0
TXN000287,2026-01-15 09:05:32,109.69,Phoenix,Dining,Digital Wallet,DEV-0027,bill_payment,9,False,19.5,0
TXN000288,2026-01-15 09:44:27,24.66,San Francisco,Fuel,Credit Card,DEV-0094,transfer,9,False,13.6,0
TXN000289,2026-01-15 09:42:47,130.34,Atlanta,Dining,Credit Card,DEV-0085,purchase,9,False,4.91,0
TXN000290,2026-01-15 16:33:50,31.58,Boston,Retail,Debit Card,DEV-0093,refund,16,False,8.06,0
TXN000291,2026-01-15 00:21:51,131.09,Miami,Retail,Credit Card,DEV-0055,refund,0,False,2.31,0
TXN000292,2026-01-15 11:03:31,53.37,Chicago,Dining,Digital Wallet,DEV-0073,transfer,11,False,17.22,0
TXN000293,2026-01-15 07:47:32,17.82,Atlanta,Grocery,Credit Card,DEV-0001,transfer,7,False,27.61,0
TXN000294,2026-01-15 01:35:51,83.53,Atlanta,Entertainment,Debit Card,DEV-0092,refund,1,False,9.6,0
TXN000295,2026-01-15 18:23:07,146.74,Dallas,Grocery,Debit Card,DEV-0065,transfer,18,False,28.62,2
TXN000296,2026-01-15 09:49:54,87.65,Denver,Pharmacy,Credit Card,DEV-0040,withdrawal,9,False,8.75,0
TXN000297,2026-01-15 23:39:15,134.52,San Francisco,Pharmacy,Bank Transfer,DEV-0060,transfer,23,False,23.88,0
TXN000298,2026-01-15 13:01:14,10.25,Atlanta,Pharmacy,Credit Card,DEV-0070,refund,13,False,25.47,0
TXN000299,2026-01-15 03:13:33,280.54,Los Angeles,Entertainment,Bank Transfer,DEV-0031,purchase,3,False,8.39,1
TXN000300,2026-01-15 16:26:44,26.25,Chicago,Streaming,Credit Card,DEV-0048,withdrawal,16,False,24.6,1
TXN000301,2026-01-15 13:42:08,167.43,Los Angeles,Retail,Digital Wallet,DEV-0031,refund,13,False,24.96,0
TXN000302,2026-01-15 14:17:14,28.53,Chicago,Fuel,Debit Card,DEV-0010,withdrawal,14,False,13.49,0
TXN000303,2026-01-15 03:34:22,88.77,Los Angeles,Fuel,Bank Transfer,DEV-0099,refund,3,False,2.71,0
TXN000304,2026-01-15 09:52:45,243.37,Chicago,Utilities,Credit Card,DEV-0090,transfer,9,False,2.74,0
TXN000305,2026-01-15 11:25:32,15.28,Seattle,Retail,Digital Wallet,DEV-0007,transfer,11,False,13.57,0
TXN000306,2026-01-15 07:06:29,20.48,Chicago,Dining,Credit Card,DEV-0014,purchase,7,False,6.67,0
TXN000307,2026-01-15 12:23:43,13.71,Boston,Coffee Shop,Digital Wallet,DEV-0081,purchase,12,False,27.07,0
TXN000308,2026-01-15 04:05:57,18.61,Seattle,Coffee Shop,Credit Card,DEV-0043,bill_payment,4,False,12.99,0
TXN000309,2026-01-15 15:01:24,74.4,Atlanta,Entertainment,Debit Card,DEV-0088,refund,15,False,8.4,0
TXN000310,2026-01-15 01:39:39,80.04,Atlanta,Fuel,Digital Wallet,DEV-0079,bill_payment,1,False,1.83,0
TXN000311,2026-01-15 04:26:12,232.2,Denver,Travel,Debit Card,DEV-0083,withdrawal,4,False,23.46,0
TXN000312,2026-01-15 17:50:31,89.56,Chicago,Utilities,Digital Wallet,DEV-0045,bill_payment,17,True,17.91,2
TXN000313,2026-01-15 01:51:30,27.02,Chicago,Pharmacy,Debit Card,DEV-0068,transfer,1,False,8.0,0
TXN000314,2026-01-15 23:03:48,270.38,Phoenix,Utilities,Bank Transfer,DEV-0029,refund,23,False,5.21,0
TXN000315,2026-01-15 10:51:47,171.08,Chicago,Pharmacy,Credit Card,DEV-0090,refund,10,False,16.89,0
TXN000316,2026-01-15 15:34:19,19.55,Dallas,Streaming,Credit Card,DEV-0023,purchase,15,False,0.6,0
TXN000317,2026-01-15 10:58:39,166.19,Seattle,Dining,Digital Wallet,DEV-0026,transfer,10,False,9.71,1
TXN000318,2026-01-15 03:54:33,109.62,Los Angeles,Coffee Shop,Digital Wallet,DEV-0047,bill_payment,3,False,9.68,0
TXN000319,2026-01-15 23:27:50,130.22,Denver,Streaming,Digital Wallet,DEV-0082,transfer,23,False,26.69,0
TXN000320,2026-01-15 11:14:42,134.78,Los Angeles,Dining,Bank Transfer,DEV-0076,refund,11,False,5.33,2
TXN000321,2026-01-15 18:02:11,27.7,Miami,Pharmacy,Debit Card,DEV-0078,withdrawal,18,False,9.94,2
TXN000322,2026-01-15 10:10:40,55.09,Phoenix,Pharmacy,Bank Transfer,DEV-0012,purchase,10,False,2.03,0
TXN000323,2026-01-15 01:46:00,4061.3,Berlin,High Risk Merchant,Digital Wallet,DEV-0007,withdrawal,1,True,1262.2,5
TXN000324,2026-01-15 05:34:24,980.1,Lagos,Electronics,Credit Card,DEV-0013,cash_advance,5,True,1914.66,4
TXN000325,2026-01-15 00:20:16,160.95,Chicago,Coffee Shop,Digital Wallet,DEV-0014,transfer,0,False,2.25,0
TXN000326,2026-01-15 02:21:38,170.22,Atlanta,Streaming,Credit Card,DEV-0079,bill_payment,2,False,26.69,0
TXN000327,2026-01-15 03:21:13,96.89,San Francisco,Entertainment,Digital Wallet,DEV-0025,refund,3,False,11.79,0
TXN000328,2026-01-15 15:09:03,60.07,Los Angeles,Grocery,Bank Transfer,DEV-0047,purchase,15,False,18.01,0
TXN000329,2026-01-15 00:13:10,153.44,Denver,Retail,Credit Card,DEV-0082,bill_payment,0,False,11.92,0
TXN000330,2026-01-15 21:16:05,116.92,Denver,Travel,Bank Transfer,DEV-0083,transfer,21,False,5.6,2
TXN000331,2026-01-15 14:16:14,220.61,Austin,Utilities,Credit Card,DEV-0035,transfer,14,False,2.57,0
TXN000332,2026-01-15 17:26:48,149.13,Los Angeles,Fuel,Credit Card,DEV-0076,bill_payment,17,False,16.07,0
TXN000333,2026-01-15 23:36:56,4130.55,Lagos,Digital Goods,Credit Card,DEV-0031,cash_advance,23,True,1671.47,6
TXN000334,2026-01-15 18:57:33,274.2,Seattle,Utilities,Debit Card,DEV-0074,purchase,18,False,28.47,0
TXN000335,2026-01-15 06:51:12,178.01,New York,Grocery,Bank Transfer,DEV-0017,purchase,6,False,29.92,0
TXN000336,2026-01-15 19:16:20,104.58,San Francisco,Coffee Shop,Credit Card,DEV-0094,bill_payment,19,False,25.7,0
TXN000337,2026-01-15 00:50:44,128.73,Denver,Utilities,Bank Transfer,DEV-0080,purchase,0,False,17.64,0
TXN000338,2026-01-15 03:59:06,159.62,Chicago,Coffee Shop,Digital Wallet,DEV-0073,withdrawal,3,False,7.92,0
TXN000339,2026-01-15 18:38:30,34.45,Austin,Dining,Digital Wallet,DEV-0005,bill_payment,18,False,20.81,2
TXN000340,2026-01-15 22:15:03,13.44,Seattle,Streaming,Digital Wallet,DEV-0096,refund,22,False,9.09,0
TXN000341,2026-01-15 15:54:44,61.08,Atlanta,Coffee Shop,Debit Card,DEV-0088,transfer,15,False,23.22,0
TXN000342,2026-01-15 23:26:38,45.94,Denver,Coffee Shop,Debit Card,DEV-0083,bill_payment,23,False,22.23,0
TXN000343,2026-01-15 11:52:03,130.63,Seattle,Dining,Credit Card,DEV-0066,refund,11,False,23.42,0
TXN000344,2026-01-15 18:01:11,15.62,San Francisco,Fuel,Credit Card,DEV-0025,transfer,18,False,10.81,0
TXN000345,2026-01-15 11:52:29,81.81,Dallas,Entertainment,Credit Card,DEV-0065,purchase,11,False,13.38,0
TXN000346,2026-01-15 15:37:35,137.32,Chicago,Pharmacy,Debit Card,DEV-0045,refund,15,False,8.55,0
TXN000347,2026-01-15 05:54:36,125.21,Austin,Fuel,Debit Card,DEV-0100,transfer,5,False,12.29,1
TXN000348,2026-01-15 15:58:08,52.91,Denver,Dining,Credit Card,DEV-0083,transfer,15,False,9.16,0
TXN000349,2026-01-15 20:17:27,47.1,Denver,Pharmacy,Bank Transfer,DEV-0049,refund,20,False,15.62,0
TXN000350,2026-01-15 18:06:00,126.35,Seattle,Pharmacy,Digital Wallet,DEV-0066,refund,18,False,10.09,0
TXN000351,2026-01-15 10:55:17,97.94,Dallas,Retail,Debit Card,DEV-0034,transfer,10,False,1.7,0
TXN000352,2026-01-15 19:25:42,179.57,Austin,Dining,Credit Card,DEV-0041,bill_payment,19,False,12.56,0
TXN000353,2026-01-15 01:37:45,126.67,Seattle,Fuel,Digital Wallet,DEV-0074,transfer,1,False,14.27,0
TXN000354,2026-01-15 11:32:19,42.55,San Francisco,Travel,Debit Card,DEV-0022,refund,11,False,7.76,0
TXN000355,2026-01-15 05:43:57,47.97,Seattle,Coffee Shop,Debit Card,DEV-0043,refund,5,False,12.61,0
TXN000356,2026-01-15 11:16:37,19.13,Phoenix,Streaming,Credit Card,DEV-0038,bill_payment,11,False,17.41,0
TXN000357,2026-01-15 15:56:12,60.72,Dallas,Coffee Shop,Bank Transfer,DEV-0065,withdrawal,15,False,25.63,0
TXN000358,2026-01-15 06:21:26,156.61,Chicago,Streaming,Debit Card,DEV-0073,refund,6,False,2.42,0
TXN000359,2026-01-15 05:20:40,45.6,Boston,Grocery,Bank Transfer,DEV-0008,refund,5,False,17.29,0
TXN000360,2026-01-15 02:08:39,278.57,San Francisco,Entertainment,Bank Transfer,DEV-0056,bill_payment,2,False,1.13,0
TXN000361,2026-01-15 11:00:57,200.08,Boston,Travel,Debit Card,DEV-0042,purchase,11,False,7.46,0
TXN000362,2026-01-15 11:19:08,33.76,Chicago,Entertainment,Digital Wallet,DEV-0014,transfer,11,False,28.45,0
TXN000363,2026-01-15 16:38:33,286.95,Denver,Entertainment,Debit Card,DEV-0044,refund,16,False,22.5,0
TXN000364,2026-01-15 12:01:14,110.25,Phoenix,Dining,Debit Card,DEV-0029,purchase,12,False,11.0,0
TXN000365,2026-01-15 01:24:56,179.1,Denver,Retail,Credit Card,DEV-0082,withdrawal,1,False,19.61,1
TXN000366,2026-01-15 13:28:24,206.91,Los Angeles,Travel,Digital Wallet,DEV-0016,bill_payment,13,False,20.57,2
TXN000367,2026-01-15 21:06:42,151.21,Phoenix,Retail,Debit Card,DEV-0067,bill_payment,21,False,21.56,0
TXN000368,2026-01-15 03:50:06,151.35,Denver,Fuel,Debit Card,DEV-0064,refund,3,False,10.74,0
TXN000369,2026-01-15 05:02:35,49.87,Denver,Fuel,Bank Transfer,DEV-0064,refund,5,True,2.67,0
TXN000370,2026-01-15 18:42:31,163.81,Seattle,Coffee Shop,Credit Card,DEV-0020,purchase,18,False,13.7,0
TXN000371,2026-01-15 04:29:03,3746.07,Paris,Luxury Retail,Digital Wallet,DEV-0013,transfer,4,True,928.51,7
TXN000372,2026-01-15 03:06:54,122.77,Miami,Grocery,Credit Card,DEV-0098,transfer,3,False,10.73,0
TXN000373,2026-01-15 19:17:56,41.09,San Francisco,Coffee Shop,Digital Wallet,DEV-0094,refund,19,False,28.87,0
TXN000374,2026-01-15 12:44:54,52.04,Atlanta,Entertainment,Debit Card,DEV-0062,purchase,12,False,29.45,0
TXN000375,2026-01-15 03:26:58,113.92,Los Angeles,Streaming,Bank Transfer,DEV-0076,transfer,3,False,18.34,0
TXN000376,2026-01-15 23:57:08,84.92,Atlanta,Streaming,Credit Card,DEV-0062,bill_payment,23,False,19.65,1
TXN000377,2026-01-15 21:55:21,195.99,Phoenix,Travel,Credit Card,DEV-0067,bill_payment,21,False,10.37,0
TXN000378,2026-01-15 12:09:53,191.0,Austin,Utilities,Credit Card,DEV-0072,purchase,12,False,25.47,0
TXN000379,2026-01-15 05:04:48,174.92,Dallas,Pharmacy,Debit Card,DEV-0063,refund,5,False,6.68,0
TXN000380,2026-01-15 12:52:15,86.18,Atlanta,Streaming,Bank Transfer,DEV-0011,withdrawal,12,False,13.41,0
TXN000381,2026-01-15 15:47:41,16.09,New York,Coffee Shop,Bank Transfer,DEV-0003,bill_payment,15,False,24.78,0
TXN000382,2026-01-15 19:40:19,274.5,Seattle,Travel,Debit Card,DEV-0066,bill_payment,19,False,1.63,0
TXN000383,2026-01-15 14:21:35,210.73,Los Angeles,Utilities,Bank Transfer,DEV-0099,refund,14,False,22.78,0
TXN000384,2026-01-15 10:22:53,17.78,Denver,Retail,Digital Wallet,DEV-0082,purchase,10,False,4.21,0
TXN000385,2026-01-15 23:26:06,48.84,Miami,Utilities,Debit Card,DEV-0033,transfer,23,False,6.47,0
TXN000386,2026-01-15 06:45:21,49.52,Chicago,Entertainment,Credit Card,DEV-0014,withdrawal,6,False,13.72,0
TXN000387,2026-01-15 16:08:31,270.4,Atlanta,Travel,Credit Card,DEV-0001,withdrawal,16,False,14.49,0
TXN000388,2026-01-15 05:44:37,121.78,Dallas,Dining,Credit Card,DEV-0023,bill_payment,5,False,9.66,0
TXN000389,2026-01-15 13:38:58,173.81,Atlanta,Fuel,Digital Wallet,DEV-0089,bill_payment,13,False,13.59,0
TXN000390,2026-01-15 13:38:44,250.11,Seattle,Travel,Digital Wallet,DEV-0096,withdrawal,13,False,28.07,0
TXN000391,2026-01-15 03:13:39,2614.8,Mexico City,Gambling,Credit Card,DEV-0092,withdrawal,3,True,1634.48,4
TXN000392,2026-01-15 22:07:48,171.21,Chicago,Travel,Bank Transfer,DEV-0046,withdrawal,22,False,12.52,0
TXN000393,2026-01-15 17:18:56,74.75,Miami,Grocery,Credit Card,DEV-0055,purchase,17,False,1.7,0
TXN000394,2026-01-15 05:18:43,44.68,Miami,Dining,Credit Card,DEV-0033,refund,5,False,10.76,0
TXN000395,2026-01-15 03:47:41,4220.64,Berlin,Electronics,Digital Wallet,DEV-0072,purchase,3,True,1066.98,7
TXN000396,2026-01-15 10:35:03,157.7,Chicago,Retail,Debit Card,DEV-0002,withdrawal,10,False,13.29,0
TXN000397,2026-01-15 20:45:45,60.01,Denver,Pharmacy,Debit Card,DEV-0083,transfer,20,False,20.48,0
TXN000398,2026-01-15 05:47:32,91.92,Los Angeles,Entertainment,Credit Card,DEV-0016,bill_payment,5,False,4.83,0
TXN000399,2026-01-15 00:21:29,167.87,Dallas,Dining,Credit Card,DEV-0091,transfer,0,False,23.21,0
TXN000400,2026-01-15 21:19:31,229.26,Seattle,Travel,Digital Wallet,DEV-0074,purchase,21,False,6.6,0
TXN000401,2026-01-15 02:50:32,111.04,Seattle,Entertainment,Bank Transfer,DEV-0021,purchase,2,False,19.9,0
TXN000402,2026-01-15 09:13:48,240.04,Denver,Travel,Bank Transfer,DEV-0080,withdrawal,9,False,0.26,0
TXN000403,2026-01-15 14:15:57,201.65,Denver,Utilities,Debit Card,DEV-0083,purchase,14,False,27.48,0
TXN000404,2026-01-15 12:16:34,149.76,Boston,Retail,Credit Card,DEV-0093,withdrawal,12,False,24.08,0
TXN000405,2026-01-15 01:18:57,24.0,Seattle,Fuel,Digital Wallet,DEV-0084,withdrawal,1,False,29.15,0
TXN000406,2026-01-15 00:40:04,2743.47,Singapore,Crypto Exchange,Credit Card,DEV-0027,withdrawal,0,True,1650.07,7
TXN000407,2026-01-15 13:41:52,131.87,Chicago,Dining,Credit Card,DEV-0010,bill_payment,13,False,2.2,0
TXN000408,2026-01-15 08:35:04,75.97,Seattle,Fuel,Digital Wallet,DEV-0074,bill_payment,8,False,12.99,1
TXN000409,2026-01-15 00:41:46,4226.58,Dubai,Luxury Retail,Credit Card,DEV-0080,transfer,0,True,546.35,7
TXN000410,2026-01-15 09:38:05,149.76,Boston,Streaming,Bank Transfer,DEV-0037,bill_payment,9,False,4.69,0
TXN000411,2026-01-15 06:50:51,4338.09,Mexico City,International Travel,Digital Wallet,DEV-0070,transfer,6,True,370.63,6
TXN000412,2026-01-15 04:07:02,164.93,Atlanta,Utilities,Bank Transfer,DEV-0001,withdrawal,4,False,6.3,0
TXN000413,2026-01-15 23:22:13,66.05,New York,Travel,Debit Card,DEV-0053,transfer,23,False,7.58,0
TXN000414,2026-01-15 21:51:36,35.9,Seattle,Travel,Bank Transfer,DEV-0007,withdrawal,21,False,7.52,0
TXN000415,2026-01-15 18:31:21,58.47,Chicago,Dining,Debit Card,DEV-0046,purchase,18,False,5.8,0
TXN000416,2026-01-15 10:39:42,170.19,Denver,Utilities,Debit Card,DEV-0040,withdrawal,10,False,28.76,0
TXN000417,2026-01-15 10:15:50,52.53,Phoenix,Entertainment,Digital Wallet,DEV-0029,refund,10,False,26.34,0
TXN000418,2026-01-15 11:49:19,191.59,Dallas,Travel,Credit Card,DEV-0063,transfer,11,False,8.42,0
TXN000419,2026-01-15 17:12:16,154.43,San Francisco,Coffee Shop,Credit Card,DEV-0094,purchase,17,False,24.38,0
TXN000420,2026-01-15 18:13:58,259.16,Austin,Travel,Digital Wallet,DEV-0005,withdrawal,18,False,19.62,0
TXN000421,2026-01-15 12:14:57,142.4,Los Angeles,Utilities,Digital Wallet,DEV-0099,transfer,12,False,11.9,0
TXN000422,2026-01-15 21:15:54,37.07,Atlanta,Dining,Debit Card,DEV-0079,bill_payment,21,False,16.97,0
TXN000423,2026-01-15 04:47:46,139.45,Atlanta,Pharmacy,Credit Card,DEV-0062,transfer,4,False,7.93,0
TXN000424,2026-01-15 21:13:33,255.78,Los Angeles,Entertainment,Bank Transfer,DEV-0047,bill_payment,21,False,19.46,0
TXN000425,2026-01-15 16:40:53,121.12,New York,Retail,Debit Card,DEV-0036,bill_payment,16,False,19.6,0
TXN000426,2026-01-15 16:16:24,238.29,Phoenix,Travel,Bank Transfer,DEV-0029,refund,16,False,23.78,0
TXN000427,2026-01-15 00:32:56,23.1,New York,Streaming,Debit Card,DEV-0018,transfer,0,False,6.35,0
TXN000428,2026-01-15 11:38:45,132.44,Los Angeles,Fuel,Bank Transfer,DEV-0016,refund,11,False,14.36,0
TXN000429,2026-01-15 05:41:53,31.74,New York,Grocery,Debit Card,DEV-0053,purchase,5,False,4.04,0
TXN000430,2026-01-15 18:09:03,172.9,San Francisco,Retail,Debit Card,DEV-0022,withdrawal,18,False,16.91,2
TXN000431,2026-01-15 02:13:28,47.29,Miami,Streaming,Bank Transfer,DEV-0078,transfer,2,False,4.28,0
TXN000432,2026-01-15 05:39:42,166.8,Seattle,Retail,Debit Card,DEV-0066,refund,5,False,2.07,0
TXN000433,2026-01-15 02:06:01,1374.2,Toronto,Crypto Exchange,Credit Card,DEV-0026,purchase,2,True,2017.98,6
TXN000434,2026-01-15 01:56:50,147.17,New York,Travel,Credit Card,DEV-0069,purchase,1,False,18.1,0
TXN000435,2026-01-15 21:41:27,205.76,Phoenix,Entertainment,Digital Wallet,DEV-0067,purchase,21,False,28.15,0
TXN000436,2026-01-15 12:22:37,52.42,Phoenix,Utilities,Credit Card,DEV-0095,bill_payment,12,False,6.98,0
TXN000437,2026-01-15 09:38:56,17.49,Atlanta,Entertainment,Digital Wallet,DEV-0070,transfer,9,False,0.21,0
TXN000438,2026-01-15 16:00:24,71.59,Seattle,Fuel,Digital Wallet,DEV-0084,bill_payment,16,False,19.55,0
TXN000439,2026-01-15 06:36:23,2798.0,Mexico City,Crypto Exchange,Credit Card,DEV-0079,cash_advance,6,True,1381.49,3
TXN000440,2026-01-15 11:35:35,68.54,Atlanta,Retail,Digital Wallet,DEV-0062,withdrawal,11,False,22.07,0
TXN000441,2026-01-15 21:07:47,46.46,San Francisco,Streaming,Debit Card,DEV-0030,purchase,21,False,10.15,0
TXN000442,2026-01-15 22:43:45,146.74,Seattle,Dining,Bank Transfer,DEV-0007,purchase,22,False,14.15,0
TXN000443,2026-01-15 02:04:16,16.42,Phoenix,Pharmacy,Credit Card,DEV-0029,withdrawal,2,False,29.53,0
TXN000444,2026-01-15 16:18:45,84.63,Austin,Grocery,Debit Card,DEV-0077,bill_payment,16,False,19.71,0
TXN000445,2026-01-15 09:12:02,62.1,Austin,Travel,Debit Card,DEV-0077,withdrawal,9,False,7.18,1
TXN000446,2026-01-15 02:17:49,109.63,Austin,Pharmacy,Bank Transfer,DEV-0052,bill_payment,2,False,22.11,1
TXN000447,2026-01-15 17:18:46,278.01,Austin,Utilities,Digital Wallet,DEV-0072,refund,17,False,18.19,0
TXN000448,2026-01-15 12:36:00,28.1,Dallas,Dining,Bank Transfer,DEV-0034,withdrawal,12,False,8.83,0
TXN000449,2026-01-15 16:16:56,278.77,New York,Utilities,Digital Wallet,DEV-0069,bill_payment,16,False,23.1,0
TXN000450,2026-01-15 14:43:29,53.83,Los Angeles,Grocery,Bank Transfer,DEV-0076,purchase,14,False,23.66,0
TXN000451,2026-01-15 22:14:51,161.7,Austin,Entertainment,Digital Wallet,DEV-0041,withdrawal,22,False,7.9,0
TXN000452,2026-01-15 12:43:47,63.36,Denver,Coffee Shop,Debit Card,DEV-0044,bill_payment,12,False,17.21,0
TXN000453,2026-01-15 23:43:59,135.02,San Francisco,Streaming,Debit Card,DEV-0025,transfer,23,False,6.2,0
TXN000454,2026-01-15 07:53:39,166.43,Chicago,Dining,Credit Card,DEV-0046,purchase,7,False,19.9,0
TXN000455,2026-01-15 17:02:54,162.68,Atlanta,Pharmacy,Digital Wallet,DEV-0062,bill_payment,17,False,17.24,0
TXN000456,2026-01-15 05:48:58,137.53,Seattle,Retail,Bank Transfer,DEV-0066,transfer,5,False,15.77,0
TXN000457,2026-01-15 17:02:32,281.61,Chicago,Entertainment,Debit Card,DEV-0045,bill_payment,17,False,13.8,0
TXN000458,2026-01-15 00:43:13,114.36,Denver,Utilities,Credit Card,DEV-0049,refund,0,False,5.61,0
TXN000459,2026-01-15 08:30:39,82.07,Denver,Pharmacy,Debit Card,DEV-0044,bill_payment,8,False,22.57,0
TXN000460,2026-01-15 12:17:28,202.6,New York,Utilities,Debit Card,DEV-0024,withdrawal,12,False,21.62,0
TXN000461,2026-01-15 17:27:54,90.41,Denver,Fuel,Debit Card,DEV-0049,transfer,17,True,12.65,0
TXN000462,2026-01-15 20:33:34,52.67,Boston,Pharmacy,Bank Transfer,DEV-0093,refund,20,False,1.43,0
TXN000463,2026-01-15 05:03:13,136.58,Miami,Streaming,Credit Card,DEV-0033,bill_payment,5,False,10.81,0
TXN000464,2026-01-15 08:22:01,43.82,New York,Coffee Shop,Digital Wallet,DEV-0053,withdrawal,8,False,19.47,0
TXN000465,2026-01-15 09:22:20,257.98,Phoenix,Travel,Bank Transfer,DEV-0087,bill_payment,9,False,8.6,0
TXN000466,2026-01-15 04:55:10,107.18,Denver,Pharmacy,Bank Transfer,DEV-0082,withdrawal,4,False,2.14,0
TXN000467,2026-01-15 07:20:20,119.59,Seattle,Retail,Digital Wallet,DEV-0084,withdrawal,7,False,13.35,0
TXN000468,2026-01-15 11:47:37,41.26,Phoenix,Streaming,Bank Transfer,DEV-0067,transfer,11,True,21.83,0
TXN000469,2026-01-15 23:44:47,27.51,Atlanta,Fuel,Debit Card,DEV-0011,bill_payment,23,False,26.36,0
TXN000470,2026-01-15 00:49:25,1020.38,Dubai,Cash Advance,Digital Wallet,DEV-0068,withdrawal,0,True,2073.44,5
TXN000471,2026-01-15 09:14:15,32.32,Phoenix,Retail,Bank Transfer,DEV-0095,transfer,9,False,0.86,0
TXN000472,2026-01-15 10:55:30,137.0,San Francisco,Travel,Digital Wallet,DEV-0060,withdrawal,10,False,20.93,0
TXN000473,2026-01-15 19:29:40,190.02,Seattle,Utilities,Bank Transfer,DEV-0096,withdrawal,19,False,27.27,0
TXN000474,2026-01-15 07:51:05,54.17,Chicago,Retail,Digital Wallet,DEV-0057,bill_payment,7,False,0.0,0
TXN000475,2026-01-15 04:22:18,273.57,Austin,Travel,Credit Card,DEV-0061,bill_payment,4,False,0.27,0
TXN000476,2026-01-15 09:38:14,127.99,Atlanta,Travel,Digital Wallet,DEV-0001,transfer,9,False,11.84,0
TXN000477,2026-01-15 23:41:24,81.78,Denver,Fuel,Digital Wallet,DEV-0049,purchase,23,False,22.94,0
TXN000478,2026-01-15 22:43:17,67.14,Boston,Travel,Digital Wallet,DEV-0037,bill_payment,22,False,4.1,0
TXN000479,2026-01-15 14:39:28,103.22,Austin,Utilities,Bank Transfer,DEV-0035,transfer,14,False,29.09,1
TXN000480,2026-01-15 04:17:08,1272.6,Lagos,Luxury Retail,Credit Card,DEV-0092,purchase,4,True,1263.12,4
TXN000481,2026-01-15 13:19:50,66.14,Denver,Pharmacy,Bank Transfer,DEV-0064,purchase,13,False,28.55,2
TXN000482,2026-01-15 02:34:30,150.8,New York,Fuel,Digital Wallet,DEV-0024,bill_payment,2,False,23.04,0
TXN000483,2026-01-15 14:15:47,98.59,Austin,Fuel,Bank Transfer,DEV-0005,purchase,14,False,14.18,0
TXN000484,2026-01-15 09:59:20,91.81,Seattle,Grocery,Credit Card,DEV-0021,refund,9,False,10.81,1
TXN000485,2026-01-15 03:15:40,145.05,San Francisco,Pharmacy,Credit Card,DEV-0056,transfer,3,False,11.87,0
TXN000486,2026-01-15 01:37:50,141.04,Atlanta,Streaming,Debit Card,DEV-0089,refund,1,False,15.0,0
TXN000487,2026-01-15 10:59:48,119.58,Boston,Grocery,Credit Card,DEV-0081,refund,10,False,23.74,0
TXN000488,2026-01-15 07:20:35,13.63,Denver,Pharmacy,Bank Transfer,DEV-0083,transfer,7,False,21.73,0
TXN000489,2026-01-15 01:31:45,205.59,Chicago,Travel,Digital Wallet,DEV-0057,withdrawal,1,False,5.6,0
TXN000490,2026-01-15 23:29:17,160.47,Austin,Travel,Debit Card,DEV-0077,purchase,23,False,24.58,0
TXN000491,2026-01-15 14:00:49,256.16,Denver,Travel,Bank Transfer,DEV-0082,transfer,14,False,10.92,0
TXN000492,2026-01-15 10:46:04,158.55,Atlanta,Travel,Bank Transfer,DEV-0085,transfer,10,False,16.54,0
TXN000493,2026-01-15 10:26:41,122.01,Boston,Coffee Shop,Credit Card,DEV-0042,withdrawal,10,False,28.13,0
TXN000494,2026-01-15 01:12:06,107.07,Dallas,Fuel,Credit Card,DEV-0063,purchase,1,False,19.74,0
TXN000495,2026-01-15 22:37:16,132.03,Seattle,Pharmacy,Debit Card,DEV-0007,withdrawal,22,True,27.63,0
TXN000496,2026-01-15 02:29:51,136.39,Denver,Grocery,Digital Wallet,DEV-0082,withdrawal,2,False,24.66,0
TXN000497,2026-01-15 01:52:39,242.97,Austin,Travel,Credit Card,DEV-0035,purchase,1,False,6.48,0
TXN000498,2026-01-15 03:46:14,159.12,New York,Entertainment,Debit Card,DEV-0069,transfer,3,False,18.76,0
TXN000499,2026-01-15 23:35:26,129.43,Seattle,Coffee Shop,Digital Wallet,DEV-0096,bill_payment,23,False,3.12,0
TXN000500,2026-01-15 17:25:32,163.42,Denver,Dining,Bank Transfer,DEV-0044,refund,17,False,29.91,0
TXN000501,2026-01-15 13:48:40,102.76,San Francisco,Pharmacy,Debit Card,DEV-0056,withdrawal,13,False,16.51,0
TXN000502,2026-01-15 11:28:28,111.28,Dallas,Grocery,Credit Card,DEV-0051,refund,11,False,29.8,0
TXN000503,2026-01-15 09:14:13,96.92,Austin,Grocery,Digital Wallet,DEV-0041,withdrawal,9,False,17.15,0
TXN000504,2026-01-15 14:22:09,52.48,New York,Retail,Digital Wallet,DEV-0018,withdrawal,14,False,9.01,0
TXN000505,2026-01-15 18:58:13,39.39,San Francisco,Coffee Shop,Digital Wallet,DEV-0094,bill_payment,18,False,20.69,0
TXN000506,2026-01-15 01:38:41,4203.11,Tokyo,Crypto Exchange,Credit Card,DEV-0039,purchase,1,True,968.62,5
TXN000507,2026-01-15 13:59:55,19.2,Los Angeles,Fuel,Credit Card,DEV-0016,bill_payment,13,False,9.58,0
TXN000508,2026-01-15 10:32:44,175.08,Phoenix,Dining,Credit Card,DEV-0029,bill_payment,10,False,17.26,0
TXN000509,2026-01-15 13:18:50,24.03,Dallas,Dining,Debit Card,DEV-0051,refund,13,False,1.48,0
TXN000510,2026-01-15 02:25:32,105.08,San Francisco,Dining,Debit Card,DEV-0056,bill_payment,2,False,19.57,0
TXN000511,2026-01-15 19:47:33,142.05,Seattle,Fuel,Credit Card,DEV-0032,refund,19,False,27.72,0
TXN000512,2026-01-15 06:27:23,3624.79,Singapore,Gambling,Digital Wallet,DEV-0045,purchase,6,True,663.12,4
TXN000513,2026-01-15 19:52:51,28.21,Chicago,Utilities,Debit Card,DEV-0057,bill_payment,19,False,5.99,0
TXN000514,2026-01-15 23:54:05,167.54,Dallas,Grocery,Debit Card,DEV-0015,withdrawal,23,False,24.6,1
TXN000515,2026-01-15 09:28:30,46.02,New York,Pharmacy,Debit Card,DEV-0003,withdrawal,9,False,22.51,0
TXN000516,2026-01-15 19:46:09,164.03,Atlanta,Grocery,Bank Transfer,DEV-0089,withdrawal,19,False,7.66,1
TXN000517,2026-01-15 22:39:17,76.07,Seattle,Streaming,Credit Card,DEV-0007,purchase,22,False,25.56,0
TXN000518,2026-01-15 03:01:18,154.32,Seattle,Entertainment,Debit Card,DEV-0084,bill_payment,3,False,27.12,0
TXN000519,2026-01-15 19:34:05,167.48,New York,Fuel,Bank Transfer,DEV-0024,withdrawal,19,True,7.42,0
TXN000520,2026-01-15 10:31:25,126.33,Seattle,Dining,Credit Card,DEV-0096,refund,10,False,9.07,0
TXN000521,2026-01-15 16:17:51,170.5,Boston,Retail,Bank Transfer,DEV-0008,purchase,16,False,6.77,0
TXN000522,2026-01-15 06:42:08,2877.01,Berlin,Electronics,Digital Wallet,DEV-0012,withdrawal,6,True,1138.96,4
TXN000523,2026-01-15 19:21:28,108.78,Atlanta,Dining,Debit Card,DEV-0070,transfer,19,False,6.07,0
TXN000524,2026-01-15 22:45:57,121.56,Chicago,Dining,Bank Transfer,DEV-0068,transfer,22,False,4.74,1
TXN000525,2026-01-15 05:20:53,173.4,Chicago,Grocery,Digital Wallet,DEV-0019,bill_payment,5,False,22.37,0
TXN000526,2026-01-15 20:59:47,32.36,New York,Dining,Debit Card,DEV-0036,purchase,20,True,29.58,0
TXN000527,2026-01-15 19:36:39,202.97,San Francisco,Utilities,Debit Card,DEV-0030,transfer,19,False,20.64,0
TXN000528,2026-01-15 16:54:38,93.55,Austin,Pharmacy,Debit Card,DEV-0061,bill_payment,16,False,5.8,1
TXN000529,2026-01-15 08:26:14,40.1,Seattle,Fuel,Debit Card,DEV-0096,purchase,8,False,13.18,0
TXN000530,2026-01-15 22:20:55,141.96,Chicago,Fuel,Bank Transfer,DEV-0059,bill_payment,22,False,24.73,0
TXN000531,2026-01-15 12:39:47,45.73,Seattle,Utilities,Credit Card,DEV-0074,withdrawal,12,False,26.33,0
TXN000532,2026-01-15 07:33:34,140.08,Dallas,Grocery,Bank Transfer,DEV-0051,withdrawal,7,False,5.7,0
TXN000533,2026-01-15 09:49:52,60.05,Boston,Streaming,Debit Card,DEV-0037,bill_payment,9,False,20.7,0
TXN000534,2026-01-15 14:53:41,142.38,Los Angeles,Coffee Shop,Credit Card,DEV-0058,transfer,14,False,20.88,0
TXN000535,2026-01-15 13:20:28,162.42,Phoenix,Dining,Bank Transfer,DEV-0004,withdrawal,13,False,26.48,0
TXN000536,2026-01-15 10:44:41,29.41,Atlanta,Dining,Credit Card,DEV-0092,purchase,10,False,10.89,0
TXN000537,2026-01-15 12:46:50,165.69,Seattle,Utilities,Debit Card,DEV-0066,bill_payment,12,False,5.13,0
TXN000538,2026-01-15 21:55:09,81.33,Seattle,Dining,Debit Card,DEV-0021,purchase,21,False,23.06,0
TXN000539,2026-01-15 20:11:07,140.12,New York,Fuel,Credit Card,DEV-0017,withdrawal,20,True,14.93,0
TXN000540,2026-01-15 00:38:56,122.11,Denver,Fuel,Debit Card,DEV-0064,withdrawal,0,False,13.26,0
TXN000541,2026-01-15 00:15:56,41.42,Seattle,Retail,Debit Card,DEV-0071,purchase,0,False,10.47,0
TXN000542,2026-01-15 00:42:36,1113.77,Mexico City,Gambling,Credit Card,DEV-0078,purchase,0,True,2188.41,3
TXN000543,2026-01-15 21:18:39,219.82,Atlanta,Utilities,Debit Card,DEV-0085,bill_payment,21,False,1.08,0
TXN000544,2026-01-15 10:23:57,21.04,Denver,Coffee Shop,Bank Transfer,DEV-0049,withdrawal,10,False,3.66,0
TXN000545,2026-01-15 10:33:26,19.89,Chicago,Fuel,Debit Card,DEV-0068,withdrawal,10,False,29.38,0
TXN000546,2026-01-15 02:30:46,181.61,Atlanta,Utilities,Digital Wallet,DEV-0089,bill_payment,2,False,15.76,0
TXN000547,2026-01-15 11:59:08,214.34,Atlanta,Utilities,Bank Transfer,DEV-0079,withdrawal,11,False,24.24,0
TXN000548,2026-01-15 07:45:18,89.03,San Francisco,Grocery,Credit Card,DEV-0025,purchase,7,False,22.12,0
TXN000549,2026-01-15 19:26:26,147.03,Seattle,Pharmacy,Digital Wallet,DEV-0006,withdrawal,19,False,19.22,0
TXN000550,2026-01-15 04:50:04,3306.18,Mexico City,Gambling,Credit Card,DEV-0040,purchase,4,True,981.52,7
TXN000551,2026-01-15 18:39:01,166.79,Dallas,Fuel,Digital Wallet,DEV-0023,refund,18,False,14.24,1
TXN000552,2026-01-15 23:09:40,4225.6,Toronto,Gambling,Digital Wallet,DEV-0059,cash_advance,23,True,453.64,6
TXN000553,2026-01-15 09:36:46,108.16,Phoenix,Pharmacy,Credit Card,DEV-0087,transfer,9,False,27.49,0
TXN000554,2026-01-15 02:09:17,153.21,Phoenix,Pharmacy,Bank Transfer,DEV-0004,withdrawal,2,False,11.69,0
TXN000555,2026-01-15 09:45:54,24.76,Austin,Grocery,Digital Wallet,DEV-0041,bill_payment,9,False,11.15,0
TXN000556,2026-01-15 09:13:33,143.44,Los Angeles,Dining,Credit Card,DEV-0039,refund,9,False,27.4,0
TXN000557,2026-01-15 00:51:30,167.02,Dallas,Dining,Debit Card,DEV-0065,refund,0,False,15.71,0
TXN000558,2026-01-15 04:49:55,213.08,San Francisco,Travel,Debit Card,DEV-0013,transfer,4,False,21.41,0
TXN000559,2026-01-15 00:19:59,142.99,Seattle,Utilities,Credit Card,DEV-0006,refund,0,False,15.62,0
TXN000560,2026-01-15 09:01:36,44.09,Miami,Retail,Debit Card,DEV-0098,refund,9,False,15.97,0
TXN000561,2026-01-15 21:07:17,12.59,Seattle,Dining,Digital Wallet,DEV-0020,purchase,21,False,15.42,0
TXN000562,2026-01-15 11:35:20,51.62,Austin,Dining,Digital Wallet,DEV-0035,withdrawal,11,False,18.4,0
TXN000563,2026-01-15 14:03:08,75.21,Phoenix,Streaming,Credit Card,DEV-0004,purchase,14,False,11.76,0
TXN000564,2026-01-15 18:40:53,66.5,Atlanta,Streaming,Digital Wallet,DEV-0089,refund,18,False,22.75,0
TXN000565,2026-01-15 02:59:48,148.18,Miami,Streaming,Debit Card,DEV-0098,purchase,2,False,14.05,0
TXN000566,2026-01-15 21:41:45,171.07,Los Angeles,Streaming,Bank Transfer,DEV-0099,transfer,21,False,26.87,0
TXN000567,2026-01-15 05:25:11,815.0,Rio de Janeiro,Gambling,Digital Wallet,DEV-0090,cash_advance,5,True,1229.37,4
TXN000568,2026-01-15 15:29:54,107.7,San Francisco,Retail,Digital Wallet,DEV-0022,withdrawal,15,False,12.17,0
TXN000569,2026-01-15 03:20:35,88.37,Seattle,Coffee Shop,Digital Wallet,DEV-0084,withdrawal,3,False,7.16,0
TXN000570,2026-01-15 05:30:24,83.3,Phoenix,Pharmacy,Debit Card,DEV-0009,withdrawal,5,False,17.02,0
TXN000571,2026-01-15 03:11:42,1936.44,Dubai,High Risk Merchant,Credit Card,DEV-0086,cash_advance,3,True,530.66,5
TXN000572,2026-01-15 05:19:25,225.81,Phoenix,Utilities,Credit Card,DEV-0009,withdrawal,5,False,14.83,0
TXN000573,2026-01-15 02:13:52,195.76,New York,Utilities,Credit Card,DEV-0018,transfer,2,False,8.75,0
TXN000574,2026-01-15 14:12:13,145.04,Atlanta,Pharmacy,Digital Wallet,DEV-0088,withdrawal,14,False,27.56,0
TXN000575,2026-01-15 05:05:37,937.16,London,Crypto Exchange,Credit Card,DEV-0002,transfer,5,True,2016.99,2
TXN000576,2026-01-15 00:45:35,49.99,Chicago,Coffee Shop,Digital Wallet,DEV-0046,purchase,0,False,11.83,0
TXN000577,2026-01-15 12:25:24,145.17,San Francisco,Travel,Debit Card,DEV-0056,transfer,12,False,11.54,0
TXN000578,2026-01-15 13:09:18,22.2,Austin,Dining,Debit Card,DEV-0086,purchase,13,True,21.64,0
TXN000579,2026-01-15 13:08:05,269.04,New York,Entertainment,Bank Transfer,DEV-0018,withdrawal,13,False,13.63,0
TXN000580,2026-01-15 14:24:22,11.26,Phoenix,Dining,Bank Transfer,DEV-0029,withdrawal,14,False,21.93,0
TXN000581,2026-01-15 04:26:59,2858.97,London,Gambling,Credit Card,DEV-0070,purchase,4,True,1654.03,2
TXN000582,2026-01-15 18:30:44,97.88,Atlanta,Dining,Digital Wallet,DEV-0011,bill_payment,18,False,18.3,0
TXN000583,2026-01-15 20:47:42,18.97,Austin,Coffee Shop,Digital Wallet,DEV-0086,withdrawal,20,False,23.36,0
TXN000584,2026-01-15 16:57:30,173.3,Seattle,Pharmacy,Bank Transfer,DEV-0074,refund,16,False,8.68,2
TXN000585,2026-01-15 23:50:36,38.74,Dallas,Grocery,Bank Transfer,DEV-0034,withdrawal,23,False,29.71,0
TXN000586,2026-01-15 19:01:18,23.07,Dallas,Coffee Shop,Debit Card,DEV-0063,withdrawal,19,False,7.56,0
TXN000587,2026-01-15 08:54:16,135.62,Chicago,Coffee Shop,Debit Card,DEV-0002,withdrawal,8,False,11.09,0
TXN000588,2026-01-15 22:15:31,283.67,New York,Travel,Credit Card,DEV-0024,refund,22,False,17.87,0
TXN000589,2026-01-15 15:48:26,213.47,Los Angeles,Entertainment,Debit Card,DEV-0099,bill_payment,15,False,17.33,0
TXN000590,2026-01-15 01:41:16,88.88,Boston,Coffee Shop,Credit Card,DEV-0097,transfer,1,False,14.29,0
TXN000591,2026-01-15 17:14:24,55.48,Atlanta,Entertainment,Bank Transfer,DEV-0088,refund,17,False,0.36,0
TXN000592,2026-01-15 14:24:43,265.62,Austin,Travel,Credit Card,DEV-0041,purchase,14,False,28.69,0
TXN000593,2026-01-15 20:54:17,53.41,Seattle,Retail,Digital Wallet,DEV-0043,purchase,20,False,13.83,0
TXN000594,2026-01-15 07:46:43,63.26,Los Angeles,Fuel,Digital Wallet,DEV-0076,transfer,7,True,0.25,2
TXN000595,2026-01-15 03:33:06,133.29,Atlanta,Streaming,Digital Wallet,DEV-0088,transfer,3,False,1.02,0
TXN000596,2026-01-15 01:38:42,39.5,Atlanta,Utilities,Credit Card,DEV-0028,purchase,1,False,11.28,0
TXN000597,2026-01-15 20:36:51,60.08,New York,Coffee Shop,Debit Card,DEV-0024,refund,20,False,2.27,0
TXN000598,2026-01-15 04:49:27,1753.69,Rio de Janeiro,Digital Goods,Credit Card,DEV-0089,purchase,4,True,465.42,5
TXN000599,2026-01-15 05:03:16,4421.8,Paris,High Risk Merchant,Credit Card,DEV-0034,cash_advance,5,True,721.24,5
TXN000600,2026-01-15 05:41:31,114.37,Chicago,Dining,Bank Transfer,DEV-0014,transfer,5,False,13.25,0
TXN000601,2026-01-15 01:04:04,162.41,Seattle,Retail,Bank Transfer,DEV-0074,purchase,1,False,19.21,0
TXN000602,2026-01-15 21:24:17,10.63,Seattle,Pharmacy,Bank Transfer,DEV-0020,withdrawal,21,False,23.13,0
TXN000603,2026-01-15 12:54:46,75.35,Austin,Coffee Shop,Debit Card,DEV-0100,purchase,12,False,23.39,0
TXN000604,2026-01-15 17:59:22,117.49,Seattle,Retail,Bank Transfer,DEV-0043,purchase,17,False,2.72,0
TXN000605,2026-01-15 10:05:53,104.26,Chicago,Retail,Debit Card,DEV-0059,transfer,10,False,19.82,0
TXN000606,2026-01-15 12:57:06,160.49,Boston,Pharmacy,Bank Transfer,DEV-0081,purchase,12,False,5.68,1
TXN000607,2026-01-15 23:37:15,191.01,Dallas,Entertainment,Credit Card,DEV-0063,withdrawal,23,False,28.95,0
TXN000608,2026-01-15 00:02:21,30.09,Boston,Pharmacy,Credit Card,DEV-0008,bill_payment,0,False,20.02,0
TXN000609,2026-01-15 21:55:55,16.27,New York,Dining,Debit Card,DEV-0069,purchase,21,False,19.61,0
TXN000610,2026-01-15 19:02:15,117.55,Chicago,Dining,Credit Card,DEV-0090,transfer,19,False,24.62,0
TXN000611,2026-01-15 02:53:37,939.82,Dubai,Cash Advance,Digital Wallet,DEV-0009,withdrawal,2,True,724.89,4
TXN000612,2026-01-15 23:43:25,152.19,Boston,Coffee Shop,Debit Card,DEV-0042,refund,23,False,22.93,0
TXN000613,2026-01-15 10:04:07,128.37,New York,Dining,Bank Transfer,DEV-0036,transfer,10,False,13.16,0
TXN000614,2026-01-15 01:08:06,20.25,Boston,Utilities,Bank Transfer,DEV-0081,transfer,1,False,0.19,0
TXN000615,2026-01-15 02:45:41,127.7,Los Angeles,Retail,Bank Transfer,DEV-0076,bill_payment,2,False,19.19,0
TXN000616,2026-01-15 13:15:11,114.05,Atlanta,Grocery,Debit Card,DEV-0079,bill_payment,13,False,24.79,0
TXN000617,2026-01-15 13:00:35,176.05,Los Angeles,Fuel,Credit Card,DEV-0031,withdrawal,13,False,25.88,0
TXN000618,2026-01-15 16:14:29,42.93,Los Angeles,Fuel,Digital Wallet,DEV-0099,purchase,16,False,20.56,0
TXN000619,2026-01-15 15:31:11,58.46,Seattle,Grocery,Credit Card,DEV-0021,refund,15,False,10.03,0
TXN000620,2026-01-15 14:02:06,143.53,Phoenix,Grocery,Debit Card,DEV-0095,transfer,14,False,3.48,0
TXN000621,2026-01-15 23:28:37,137.0,Chicago,Pharmacy,Bank Transfer,DEV-0075,transfer,23,False,6.9,0
TXN000622,2026-01-15 07:06:15,258.45,Phoenix,Entertainment,Debit Card,DEV-0095,bill_payment,7,False,17.55,2
TXN000623,2026-01-15 04:13:59,73.49,Atlanta,Streaming,Debit Card,DEV-0079,bill_payment,4,False,5.82,0
TXN000624,2026-01-15 08:12:21,33.21,New York,Grocery,Credit Card,DEV-0017,refund,8,False,13.76,0
TXN000625,2026-01-15 10:14:56,262.32,Phoenix,Utilities,Debit Card,DEV-0038,withdrawal,10,False,16.58,0
TXN000626,2026-01-15 13:54:33,57.46,Dallas,Fuel,Bank Transfer,DEV-0063,bill_payment,13,False,22.09,0
TXN000627,2026-01-15 10:27:37,260.32,Phoenix,Utilities,Debit Card,DEV-0029,withdrawal,10,False,1.33,0
TXN000628,2026-01-15 23:49:32,236.24,Austin,Entertainment,Bank Transfer,DEV-0005,bill_payment,23,False,2.94,0
TXN000629,2026-01-15 02:35:48,113.49,Chicago,Entertainment,Debit Card,DEV-0002,transfer,2,False,29.97,2
TXN000630,2026-01-15 05:45:29,142.14,Seattle,Utilities,Credit Card,DEV-0074,bill_payment,5,False,21.09,0
TXN000631,2026-01-15 11:40:29,161.88,Dallas,Grocery,Credit Card,DEV-0091,bill_payment,11,False,0.98,0
TXN000632,2026-01-15 08:44:39,184.76,Atlanta,Utilities,Debit Card,DEV-0070,purchase,8,False,27.97,0
TXN000633,2026-01-15 21:23:56,89.11,Seattle,Coffee Shop,Bank Transfer,DEV-0007,refund,21,False,10.99,0
TXN000634,2026-01-15 22:04:35,50.57,Dallas,Fuel,Debit Card,DEV-0091,refund,22,False,14.35,0
TXN000635,2026-01-15 18:55:44,162.65,Phoenix,Fuel,Digital Wallet,DEV-0027,refund,18,False,12.69,2
TXN000636,2026-01-15 11:28:31,209.07,Dallas,Travel,Credit Card,DEV-0065,bill_payment,11,False,15.99,0
TXN000637,2026-01-15 19:23:51,24.84,Phoenix,Coffee Shop,Debit Card,DEV-0087,bill_payment,19,False,5.36,0
TXN000638,2026-01-15 02:06:10,35.58,New York,Coffee Shop,Debit Card,DEV-0036,bill_payment,2,False,28.56,2
TXN000639,2026-01-15 21:34:59,85.46,New York,Streaming,Digital Wallet,DEV-0017,bill_payment,21,False,8.75,1
TXN000640,2026-01-15 16:41:21,148.23,New York,Utilities,Digital Wallet,DEV-0053,refund,16,False,15.9,0
TXN000641,2026-01-15 14:19:36,48.55,New York,Retail,Debit Card,DEV-0017,refund,14,False,8.64,0
TXN000642,2026-01-15 04:22:18,58.49,Chicago,Dining,Debit Card,DEV-0059,withdrawal,4,False,25.18,0
TXN000643,2026-01-15 02:10:15,1689.55,Tokyo,Gambling,Credit Card,DEV-0015,cash_advance,2,True,691.32,6
TXN000644,2026-01-15 22:02:42,86.23,Austin,Pharmacy,Debit Card,DEV-0041,refund,22,False,16.01,0
TXN000645,2026-01-15 00:25:59,36.53,Denver,Dining,Bank Transfer,DEV-0064,refund,0,False,16.38,0
TXN000646,2026-01-15 20:45:18,133.85,Austin,Retail,Debit Card,DEV-0061,withdrawal,20,False,10.16,0
TXN000647,2026-01-15 15:57:02,22.74,New York,Travel,Credit Card,DEV-0018,refund,15,False,6.61,0
TXN000648,2026-01-15 10:03:38,43.27,Denver,Fuel,Debit Card,DEV-0083,refund,10,False,25.48,0
TXN000649,2026-01-15 02:32:25,112.86,San Francisco,Streaming,Digital Wallet,DEV-0025,withdrawal,2,False,27.25,0
TXN000650,2026-01-15 04:45:54,12.07,Miami,Pharmacy,Bank Transfer,DEV-0055,refund,4,False,9.24,0
TXN000651,2026-01-15 17:05:13,59.07,San Francisco,Streaming,Bank Transfer,DEV-0094,bill_payment,17,False,29.11,0
TXN000652,2026-01-15 13:08:53,72.52,Los Angeles,Utilities,Credit Card,DEV-0076,transfer,13,False,26.03,0
TXN000653,2026-01-15 02:59:37,127.37,Boston,Entertainment,Credit Card,DEV-0097,purchase,2,False,12.44,0
TXN000654,2026-01-15 22:36:48,59.21,New York,Fuel,Debit Card,DEV-0018,bill_payment,22,False,24.68,0
TXN000655,2026-01-15 18:19:31,144.51,Austin,Streaming,Debit Card,DEV-0072,purchase,18,False,9.01,0
TXN000656,2026-01-15 23:07:41,4145.81,Mexico City,Crypto Exchange,Credit Card,DEV-0086,cash_advance,23,True,1542.85,2
TXN000657,2026-01-15 03:48:17,91.68,Denver,Coffee Shop,Digital Wallet,DEV-0064,withdrawal,3,False,7.74,0
TXN000658,2026-01-15 22:52:07,60.29,Chicago,Travel,Credit Card,DEV-0048,refund,22,False,9.59,0
TXN000659,2026-01-15 02:22:10,885.12,Mexico City,Gambling,Digital Wallet,DEV-0007,transfer,2,True,889.58,7
TXN000660,2026-01-15 02:32:12,137.95,Los Angeles,Dining,Credit Card,DEV-0099,withdrawal,2,False,26.17,0
TXN000661,2026-01-15 21:51:19,108.61,Austin,Pharmacy,Credit Card,DEV-0035,withdrawal,21,False,0.39,0
TXN000662,2026-01-15 11:49:31,47.04,New York,Pharmacy,Debit Card,DEV-0053,purchase,11,False,24.95,0
TXN000663,2026-01-15 17:39:44,141.25,Chicago,Travel,Credit Card,DEV-0068,bill_payment,17,False,24.57,0
TXN000664,2026-01-15 15:22:19,161.25,Atlanta,Pharmacy,Debit Card,DEV-0089,bill_payment,15,False,22.91,0
TXN000665,2026-01-15 22:19:01,155.66,Seattle,Coffee Shop,Debit Card,DEV-0096,transfer,22,False,6.8,0
TXN000666,2026-01-15 04:05:27,141.7,Atlanta,Coffee Shop,Credit Card,DEV-0089,purchase,4,False,1.28,0
TXN000667,2026-01-15 21:32:37,17.36,Boston,Streaming,Credit Card,DEV-0008,refund,21,False,0.31,0
TXN000668,2026-01-15 03:58:38,198.4,Phoenix,Utilities,Debit Card,DEV-0027,transfer,3,True,4.37,0
TXN000669,2026-01-15 08:37:22,106.94,Chicago,Dining,Debit Card,DEV-0046,withdrawal,8,False,17.34,1
TXN000670,2026-01-15 22:12:18,267.39,San Francisco,Travel,Credit Card,DEV-0022,purchase,22,False,25.54,0
TXN000671,2026-01-15 22:37:11,176.82,Chicago,Coffee Shop,Debit Card,DEV-0057,refund,22,False,15.43,0
TXN000672,2026-01-15 05:07:29,3377.98,Toronto,International Travel,Digital Wallet,DEV-0015,transfer,5,True,1380.69,2
TXN000673,2026-01-15 02:20:31,179.31,Dallas,Entertainment,Digital Wallet,DEV-0015,bill_payment,2,False,29.29,0
TXN000674,2026-01-15 17:26:18,169.64,Miami,Fuel,Credit Card,DEV-0055,bill_payment,17,False,0.38,0
TXN000675,2026-01-15 21:06:25,55.0,Chicago,Travel,Credit Card,DEV-0057,purchase,21,False,17.72,0
TXN000676,2026-01-15 05:04:23,153.49,Seattle,Pharmacy,Debit Card,DEV-0026,withdrawal,5,False,6.99,0
TXN000677,2026-01-15 15:17:48,112.86,Atlanta,Utilities,Digital Wallet,DEV-0092,bill_payment,15,False,28.5,0
TXN000678,2026-01-15 16:17:09,52.62,Los Angeles,Streaming,Credit Card,DEV-0099,purchase,16,False,18.85,0
TXN000679,2026-01-15 03:47:03,75.05,Phoenix,Streaming,Credit Card,DEV-0009,transfer,3,False,4.58,0
TXN000680,2026-01-15 03:48:04,70.93,Atlanta,Travel,Bank Transfer,DEV-0085,bill_payment,3,False,14.71,0
TXN000681,2026-01-15 10:51:55,285.47,Atlanta,Travel,Credit Card,DEV-0070,purchase,10,False,3.57,0
TXN000682,2026-01-15 12:28:29,122.1,Austin,Grocery,Debit Card,DEV-0005,withdrawal,12,False,26.54,0
TXN000683,2026-01-15 13:08:19,170.73,Atlanta,Entertainment,Bank Transfer,DEV-0092,purchase,13,False,16.61,0
TXN000684,2026-01-15 15:30:35,87.64,Seattle,Travel,Credit Card,DEV-0021,bill_payment,15,False,11.33,0
TXN000685,2026-01-15 09:20:03,243.65,Phoenix,Utilities,Credit Card,DEV-0004,transfer,9,False,22.26,2
TXN000686,2026-01-15 12:06:27,19.6,Chicago,Pharmacy,Bank Transfer,DEV-0045,refund,12,False,7.04,0
TXN000687,2026-01-15 02:58:44,38.86,Phoenix,Retail,Credit Card,DEV-0009,refund,2,False,1.12,0
TXN000688,2026-01-15 13:36:32,109.96,Phoenix,Retail,Credit Card,DEV-0054,bill_payment,13,False,11.33,0
TXN000689,2026-01-15 18:06:51,94.44,Dallas,Coffee Shop,Debit Card,DEV-0063,refund,18,False,20.02,0
TXN000690,2026-01-15 09:23:27,46.39,Seattle,Streaming,Credit Card,DEV-0026,withdrawal,9,False,8.92,0
TXN000691,2026-01-15 07:39:47,107.62,Phoenix,Utilities,Credit Card,DEV-0012,withdrawal,7,False,24.04,0
TXN000692,2026-01-15 06:22:50,122.79,Chicago,Retail,Digital Wallet,DEV-0010,bill_payment,6,False,12.43,0
TXN000693,2026-01-15 16:29:42,186.77,Miami,Travel,Debit Card,DEV-0098,purchase,16,False,5.6,0
TXN000694,2026-01-15 21:52:47,133.52,San Francisco,Retail,Bank Transfer,DEV-0060,withdrawal,21,False,6.02,0
TXN000695,2026-01-15 07:09:47,64.17,Atlanta,Retail,Bank Transfer,DEV-0088,bill_payment,7,False,1.93,0
TXN000696,2026-01-15 13:17:52,50.14,Boston,Dining,Digital Wallet,DEV-0037,withdrawal,13,False,4.5,2
TXN000697,2026-01-15 23:31:35,1736.31,Berlin,Luxury Retail,Credit Card,DEV-0056,withdrawal,23,True,403.91,4
TXN000698,2026-01-15 21:35:11,19.41,Denver,Grocery,Bank Transfer,DEV-0083,purchase,21,False,9.42,0
TXN000699,2026-01-15 01:57:26,1125.34,Dubai,Crypto Exchange,Credit Card,DEV-0047,withdrawal,1,True,1708.79,2
TXN000700,2026-01-15 16:42:53,256.6,Chicago,Travel,Digital Wallet,DEV-0075,bill_payment,16,False,3.67,0
TXN000701,2026-01-15 10:53:37,75.3,Phoenix,Entertainment,Debit Card,DEV-0095,bill_payment,10,False,6.42,0
TXN000702,2026-01-15 06:16:55,1902.66,Tokyo,High Risk Merchant,Digital Wallet,DEV-0076,purchase,6,True,1134.0,7
TXN000703,2026-01-15 07:17:56,149.63,Chicago,Pharmacy,Bank Transfer,DEV-0019,refund,7,True,29.0,0
TXN000704,2026-01-15 23:42:51,75.4,Seattle,Fuel,Digital Wallet,DEV-0007,withdrawal,23,False,21.02,0
TXN000705,2026-01-15 01:34:55,4224.53,Lagos,Crypto Exchange,Credit Card,DEV-0031,cash_advance,1,True,2048.16,4
TXN000706,2026-01-15 02:59:52,156.1,Boston,Fuel,Digital Wallet,DEV-0097,transfer,2,False,13.17,0
TXN000707,2026-01-15 20:26:50,90.09,Austin,Retail,Credit Card,DEV-0005,bill_payment,20,False,25.23,0
TXN000708,2026-01-15 03:52:10,81.55,Chicago,Retail,Credit Card,DEV-0090,refund,3,False,16.43,0
TXN000709,2026-01-15 22:01:48,10.52,Seattle,Dining,Bank Transfer,DEV-0007,transfer,22,False,9.17,0
TXN000710,2026-01-15 03:10:15,86.75,Phoenix,Dining,Bank Transfer,DEV-0067,refund,3,False,4.01,0
TXN000711,2026-01-15 18:52:20,72.49,Boston,Fuel,Credit Card,DEV-0037,bill_payment,18,False,11.32,0
TXN000712,2026-01-15 18:14:01,280.96,New York,Travel,Debit Card,DEV-0003,purchase,18,False,21.04,0
TXN000713,2026-01-15 12:39:27,172.87,Austin,Retail,Debit Card,DEV-0077,purchase,12,False,17.02,2
TXN000714,2026-01-15 14:52:43,42.39,Denver,Coffee Shop,Debit Card,DEV-0064,transfer,14,False,23.46,0
TXN000715,2026-01-15 15:24:08,133.54,San Francisco,Fuel,Debit Card,DEV-0056,refund,15,False,5.41,0
TXN000716,2026-01-15 00:18:16,116.54,Los Angeles,Utilities,Bank Transfer,DEV-0031,transfer,0,False,13.74,1
TXN000717,2026-01-15 10:44:25,135.14,Atlanta,Fuel,Bank Transfer,DEV-0088,bill_payment,10,False,2.86,2
TXN000718,2026-01-15 07:30:58,84.99,Chicago,Utilities,Credit Card,DEV-0046,purchase,7,False,9.08,0
TXN000719,2026-01-15 11:08:57,38.88,Austin,Grocery,Debit Card,DEV-0072,refund,11,False,10.18,0
TXN000720,2026-01-15 02:20:45,47.78,Chicago,Entertainment,Debit Card,DEV-0068,refund,2,False,3.84,0
TXN000721,2026-01-15 08:47:23,151.03,San Francisco,Retail,Digital Wallet,DEV-0056,withdrawal,8,False,15.51,0
TXN000722,2026-01-15 05:20:47,42.12,Dallas,Dining,Bank Transfer,DEV-0063,purchase,5,False,5.49,0
TXN000723,2026-01-15 05:45:29,85.06,San Francisco,Coffee Shop,Bank Transfer,DEV-0056,purchase,5,False,16.83,0
TXN000724,2026-01-15 03:54:46,44.63,Chicago,Coffee Shop,Digital Wallet,DEV-0019,purchase,3,False,25.05,0
TXN000725,2026-01-15 08:36:57,287.46,Atlanta,Utilities,Debit Card,DEV-0085,withdrawal,8,True,23.01,0
TXN000726,2026-01-15 02:15:49,58.33,Denver,Coffee Shop,Digital Wallet,DEV-0064,purchase,2,False,3.66,0
TXN000727,2026-01-15 03:53:20,151.22,Seattle,Grocery,Credit Card,DEV-0020,bill_payment,3,False,13.62,0
TXN000728,2026-01-15 19:42:00,171.06,Seattle,Grocery,Bank Transfer,DEV-0043,refund,19,False,27.21,0
TXN000729,2026-01-15 04:13:55,136.45,Seattle,Retail,Digital Wallet,DEV-0007,purchase,4,False,18.07,0
TXN000730,2026-01-15 08:11:15,247.84,Los Angeles,Entertainment,Credit Card,DEV-0099,purchase,8,False,23.38,0
TXN000731,2026-01-15 20:09:07,163.63,Los Angeles,Streaming,Bank Transfer,DEV-0039,refund,20,False,10.77,0
TXN000732,2026-01-15 11:32:12,55.64,Dallas,Streaming,Bank Transfer,DEV-0063,bill_payment,11,False,2.71,0
TXN000733,2026-01-15 11:39:11,155.63,San Francisco,Entertainment,Credit Card,DEV-0056,purchase,11,False,20.29,0
TXN000734,2026-01-15 22:09:59,143.36,Denver,Travel,Credit Card,DEV-0064,refund,22,False,24.05,0
TXN000735,2026-01-15 04:43:57,106.65,Los Angeles,Fuel,Bank Transfer,DEV-0039,refund,4,False,27.52,0
TXN000736,2026-01-15 06:26:06,2925.16,London,Digital Goods,Digital Wallet,DEV-0060,transfer,6,True,1772.0,2
TXN000737,2026-01-15 03:47:42,17.69,San Francisco,Dining,Debit Card,DEV-0060,bill_payment,3,False,21.13,0
TXN000738,2026-01-15 23:29:48,174.34,Austin,Streaming,Digital Wallet,DEV-0086,refund,23,False,5.62,0
TXN000739,2026-01-15 04:55:43,1143.38,Berlin,Luxury Retail,Credit Card,DEV-0014,cash_advance,4,True,667.71,5
TXN000740,2026-01-15 14:44:25,184.23,Atlanta,Utilities,Bank Transfer,DEV-0085,refund,14,False,10.82,0
TXN000741,2026-01-15 22:43:25,12.36,Los Angeles,Coffee Shop,Debit Card,DEV-0039,transfer,22,False,0.48,0
TXN000742,2026-01-15 00:13:30,153.16,Seattle,Dining,Debit Card,DEV-0084,bill_payment,0,False,16.16,0
TXN000743,2026-01-15 14:09:30,163.41,Miami,Grocery,Credit Card,DEV-0055,transfer,14,False,13.36,0
TXN000744,2026-01-15 00:55:28,106.8,Chicago,Fuel,Debit Card,DEV-0075,refund,0,False,1.53,2
TXN000745,2026-01-15 13:54:31,148.6,Phoenix,Utilities,Digital Wallet,DEV-0095,purchase,13,False,17.73,0
TXN000746,2026-01-15 21:57:52,13.23,Dallas,Fuel,Credit Card,DEV-0063,withdrawal,21,False,16.6,0
TXN000747,2026-01-15 20:26:56,169.62,Austin,Coffee Shop,Bank Transfer,DEV-0061,withdrawal,20,False,20.93,2
TXN000748,2026-01-15 23:12:30,47.35,Chicago,Streaming,Debit Card,DEV-0045,withdrawal,23,False,10.17,0
TXN000749,2026-01-15 22:42:29,151.62,New York,Retail,Bank Transfer,DEV-0017,bill_payment,22,False,22.04,0
TXN000750,2026-01-15 05:39:13,39.46,Boston,Coffee Shop,Bank Transfer,DEV-0037,transfer,5,False,14.77,0
TXN000751,2026-01-15 15:19:15,113.59,Phoenix,Travel,Credit Card,DEV-0027,purchase,15,False,20.31,0
TXN000752,2026-01-15 16:02:51,114.99,Phoenix,Pharmacy,Bank Transfer,DEV-0009,purchase,16,False,6.72,0
TXN000753,2026-01-15 10:50:22,155.08,Los Angeles,Grocery,Digital Wallet,DEV-0099,transfer,10,False,18.13,0
TXN000754,2026-01-15 01:59:28,113.64,Chicago,Coffee Shop,Credit Card,DEV-0059,withdrawal,1,False,3.06,0
TXN000755,2026-01-15 16:06:10,36.7,Boston,Coffee Shop,Debit Card,DEV-0081,refund,16,False,13.25,0
TXN000756,2026-01-15 23:55:06,30.91,Seattle,Pharmacy,Digital Wallet,DEV-0020,transfer,23,False,29.09,0
TXN000757,2026-01-15 00:15:53,39.11,Austin,Pharmacy,Digital Wallet,DEV-0061,withdrawal,0,False,21.46,0
TXN000758,2026-01-15 20:42:15,53.53,Seattle,Travel,Bank Transfer,DEV-0020,transfer,20,False,27.54,0
TXN000759,2026-01-15 16:50:43,140.93,Los Angeles,Grocery,Bank Transfer,DEV-0047,transfer,16,False,15.52,2
TXN000760,2026-01-15 10:25:49,222.5,San Francisco,Entertainment,Credit Card,DEV-0022,bill_payment,10,False,19.24,0
TXN000761,2026-01-15 01:40:45,125.34,Atlanta,Travel,Digital Wallet,DEV-0085,bill_payment,1,False,16.61,0
TXN000762,2026-01-15 23:20:58,113.77,Chicago,Grocery,Digital Wallet,DEV-0045,withdrawal,23,False,12.12,0
TXN000763,2026-01-15 23:44:22,840.49,Berlin,Electronics,Digital Wallet,DEV-0084,purchase,23,True,968.81,7
TXN000764,2026-01-15 23:47:56,41.25,New York,Travel,Digital Wallet,DEV-0017,transfer,23,False,15.64,0
TXN000765,2026-01-15 02:01:01,3460.74,London,Digital Goods,Credit Card,DEV-0070,transfer,2,True,2175.87,2
TXN000766,2026-01-15 23:03:53,18.11,Chicago,Retail,Digital Wallet,DEV-0048,purchase,23,False,3.74,0
TXN000767,2026-01-15 23:00:29,60.86,Denver,Fuel,Debit Card,DEV-0044,refund,23,False,24.45,0
TXN000768,2026-01-15 04:45:24,97.8,Phoenix,Fuel,Credit Card,DEV-0067,refund,4,False,23.36,0
TXN000769,2026-01-15 02:45:27,4076.34,Dubai,Cash Advance,Credit Card,DEV-0053,cash_advance,2,True,1231.07,5
TXN000770,2026-01-15 02:23:43,174.93,Chicago,Entertainment,Bank Transfer,DEV-0068,refund,2,False,29.9,0
TXN000771,2026-01-15 15:46:26,130.9,Seattle,Dining,Debit Card,DEV-0021,bill_payment,15,False,21.14,0
TXN000772,2026-01-15 03:44:13,170.49,Chicago,Streaming,Credit Card,DEV-0059,transfer,3,False,28.55,0
TXN000773,2026-01-15 13:07:07,158.2,Chicago,Utilities,Digital Wallet,DEV-0048,purchase,13,False,9.15,0
TXN000774,2026-01-15 04:31:01,4078.42,Paris,Crypto Exchange,Credit Card,DEV-0019,transfer,4,True,748.83,7
TXN000775,2026-01-15 15:00:07,80.99,Seattle,Pharmacy,Credit Card,DEV-0071,purchase,15,False,16.97,0
TXN000776,2026-01-15 12:30:53,153.3,Boston,Utilities,Debit Card,DEV-0093,transfer,12,False,13.5,0
TXN000777,2026-01-15 23:20:05,79.33,Denver,Utilities,Bank Transfer,DEV-0080,bill_payment,23,False,16.23,0
TXN000778,2026-01-15 14:47:17,107.24,Denver,Coffee Shop,Debit Card,DEV-0083,purchase,14,False,21.22,0
TXN000779,2026-01-15 03:41:35,98.7,Atlanta,Fuel,Credit Card,DEV-0011,withdrawal,3,False,15.08,1
TXN000780,2026-01-15 00:17:50,147.18,Phoenix,Fuel,Bank Transfer,DEV-0027,purchase,0,False,12.05,1
TXN000781,2026-01-15 10:27:11,53.72,Phoenix,Grocery,Digital Wallet,DEV-0054,bill_payment,10,False,2.98,0
TXN000782,2026-01-15 04:11:16,171.87,Los Angeles,Coffee Shop,Debit Card,DEV-0099,refund,4,False,1.77,0
TXN000783,2026-01-15 05:01:45,64.41,Boston,Retail,Bank Transfer,DEV-0008,purchase,5,False,9.73,0
TXN000784,2026-01-15 03:03:12,154.34,Los Angeles,Utilities,Debit Card,DEV-0031,bill_payment,3,False,28.48,0
TXN000785,2026-01-15 10:29:35,79.27,New York,Coffee Shop,Bank Transfer,DEV-0053,purchase,10,False,26.58,0
TXN000786,2026-01-15 18:43:06,170.56,Seattle,Travel,Debit Card,DEV-0032,refund,18,False,25.39,0
TXN000787,2026-01-15 02:23:34,703.8,Singapore,Crypto Exchange,Digital Wallet,DEV-0022,purchase,2,True,1209.61,6
TXN000788,2026-01-15 09:41:10,111.64,Atlanta,Grocery,Bank Transfer,DEV-0001,refund,9,False,11.4,0
TXN000789,2026-01-15 20:13:37,135.66,Seattle,Retail,Credit Card,DEV-0066,transfer,20,False,9.02,0
TXN000790,2026-01-15 03:53:08,73.35,Boston,Travel,Digital Wallet,DEV-0093,bill_payment,3,False,24.06,0
TXN000791,2026-01-15 10:40:16,122.59,Boston,Streaming,Digital Wallet,DEV-0097,transfer,10,False,6.32,0
TXN000792,2026-01-15 10:01:58,91.01,Atlanta,Dining,Credit Card,DEV-0089,withdrawal,10,False,20.18,0
TXN000793,2026-01-15 22:45:31,162.51,Miami,Entertainment,Credit Card,DEV-0098,purchase,22,False,24.48,0
TXN000794,2026-01-15 03:22:52,64.19,Denver,Utilities,Digital Wallet,DEV-0049,bill_payment,3,False,20.91,2
TXN000795,2026-01-15 05:59:12,3286.11,Tokyo,Electronics,Credit Card,DEV-0057,transfer,5,True,1662.02,3
TXN000796,2026-01-15 02:52:39,176.62,Boston,Retail,Debit Card,DEV-0081,transfer,2,False,1.1,0
TXN000797,2026-01-15 22:45:38,28.86,Phoenix,Grocery,Debit Card,DEV-0027,bill_payment,22,False,15.01,0
TXN000798,2026-01-15 06:42:47,175.98,Chicago,Utilities,Debit Card,DEV-0073,purchase,6,False,3.82,0
TXN000799,2026-01-15 07:56:33,178.63,San Francisco,Retail,Debit Card,DEV-0094,purchase,7,False,15.99,0
TXN000800,2026-01-15 17:56:29,133.65,Atlanta,Entertainment,Credit Card,DEV-0001,refund,17,False,8.22,0
TXN000801,2026-01-15 14:31:23,57.25,Phoenix,Grocery,Debit Card,DEV-0067,purchase,14,False,13.47,1
TXN000802,2026-01-15 10:05:56,172.82,Seattle,Grocery,Debit Card,DEV-0074,bill_payment,10,False,5.91,0
TXN000803,2026-01-15 02:40:40,147.37,San Francisco,Grocery,Bank Transfer,DEV-0013,bill_payment,2,False,18.79,0
TXN000804,2026-01-15 08:15:06,149.68,Austin,Fuel,Digital Wallet,DEV-0061,purchase,8,False,7.1,2
TXN000805,2026-01-15 03:40:28,165.84,Chicago,Coffee Shop,Credit Card,DEV-0075,purchase,3,False,26.7,0
TXN000806,2026-01-15 04:03:58,116.45,Chicago,Grocery,Digital Wallet,DEV-0057,withdrawal,4,False,20.33,0
TXN000807,2026-01-15 09:54:24,156.98,Austin,Coffee Shop,Bank Transfer,DEV-0052,transfer,9,False,18.72,0
TXN000808,2026-01-15 14:50:27,193.05,Denver,Utilities,Credit Card,DEV-0080,refund,14,False,0.78,0
TXN000809,2026-01-15 18:12:06,144.2,Chicago,Grocery,Credit Card,DEV-0014,withdrawal,18,False,17.2,0
TXN000810,2026-01-15 08:22:26,82.14,Atlanta,Utilities,Bank Transfer,DEV-0062,transfer,8,False,1.81,0
TXN000811,2026-01-15 13:32:41,160.49,Boston,Pharmacy,Digital Wallet,DEV-0097,withdrawal,13,False,4.42,0
TXN000812,2026-01-15 05:18:23,2627.01,Toronto,International Travel,Credit Card,DEV-0002,withdrawal,5,True,1895.07,2
TXN000813,2026-01-15 13:22:12,42.19,Seattle,Fuel,Credit Card,DEV-0026,refund,13,False,20.76,0
TXN000814,2026-01-15 22:21:54,97.5,Chicago,Utilities,Digital Wallet,DEV-0075,withdrawal,22,False,3.15,0
TXN000815,2026-01-15 01:31:14,116.07,Atlanta,Fuel,Debit Card,DEV-0001,bill_payment,1,False,22.04,0
TXN000816,2026-01-15 10:51:47,150.43,Denver,Fuel,Bank Transfer,DEV-0049,transfer,10,True,0.3,0
TXN000817,2026-01-15 17:07:09,165.16,Phoenix,Streaming,Debit Card,DEV-0038,withdrawal,17,False,29.26,0
TXN000818,2026-01-15 09:11:14,51.81,Dallas,Dining,Digital Wallet,DEV-0034,withdrawal,9,False,5.28,0
TXN000819,2026-01-15 03:01:53,67.53,Phoenix,Dining,Bank Transfer,DEV-0087,purchase,3,False,13.69,0
TXN000820,2026-01-15 11:42:10,48.23,Chicago,Utilities,Bank Transfer,DEV-0068,purchase,11,False,3.92,0
TXN000821,2026-01-15 17:24:44,166.57,Chicago,Pharmacy,Bank Transfer,DEV-0048,transfer,17,False,17.62,0
TXN000822,2026-01-15 09:50:09,158.38,Boston,Fuel,Credit Card,DEV-0042,refund,9,False,29.05,0
TXN000823,2026-01-15 06:46:05,154.34,Austin,Utilities,Credit Card,DEV-0061,transfer,6,False,19.35,0
TXN000824,2026-01-15 15:33:29,128.07,Dallas,Pharmacy,Digital Wallet,DEV-0023,withdrawal,15,False,14.84,0
TXN000825,2026-01-15 06:40:58,2417.9,Tokyo,Electronics,Credit Card,DEV-0075,withdrawal,6,True,783.61,3
TXN000826,2026-01-15 09:27:56,85.23,Denver,Utilities,Debit Card,DEV-0049,refund,9,False,22.55,0
TXN000827,2026-01-15 16:22:14,115.59,Chicago,Grocery,Bank Transfer,DEV-0075,withdrawal,16,False,14.03,0
TXN000828,2026-01-15 15:20:17,49.74,Denver,Grocery,Debit Card,DEV-0049,bill_payment,15,False,10.77,0
TXN000829,2026-01-15 16:32:34,26.73,Denver,Coffee Shop,Digital Wallet,DEV-0083,transfer,16,False,1.15,0
TXN000830,2026-01-15 06:43:21,129.96,Miami,Retail,Digital Wallet,DEV-0033,transfer,6,False,29.95,0
TXN000831,2026-01-15 23:34:58,149.79,Dallas,Grocery,Digital Wallet,DEV-0034,refund,23,False,12.11,0
TXN000832,2026-01-15 18:48:41,48.69,Chicago,Streaming,Debit Card,DEV-0002,bill_payment,18,False,6.3,0
TXN000833,2026-01-15 18:50:35,144.63,Boston,Streaming,Bank Transfer,DEV-0097,refund,18,False,5.64,0
TXN000834,2026-01-15 22:26:13,33.62,Chicago,Streaming,Credit Card,DEV-0057,refund,22,False,9.17,0
TXN000835,2026-01-15 15:51:42,82.37,Chicago,Pharmacy,Debit Card,DEV-0046,bill_payment,15,False,22.89,0
TXN000836,2026-01-15 09:20:37,57.8,New York,Utilities,Credit Card,DEV-0003,transfer,9,False,9.91,0
TXN000837,2026-01-15 19:58:38,274.04,Seattle,Entertainment,Bank Transfer,DEV-0074,transfer,19,False,11.59,0
TXN000838,2026-01-15 10:36:28,27.73,Denver,Retail,Credit Card,DEV-0082,transfer,10,False,0.96,0
TXN000839,2026-01-15 15:01:11,45.0,Seattle,Coffee Shop,Bank Transfer,DEV-0026,refund,15,False,15.73,0
TXN000840,2026-01-15 11:33:00,36.7,San Francisco,Pharmacy,Bank Transfer,DEV-0022,bill_payment,11,False,16.09,0
TXN000841,2026-01-15 02:24:57,83.47,Phoenix,Dining,Debit Card,DEV-0027,refund,2,False,14.24,0
TXN000842,2026-01-15 04:37:12,4466.12,Lagos,Digital Goods,Credit Card,DEV-0065,purchase,4,True,1174.6,5
TXN000843,2026-01-15 19:51:15,88.66,Chicago,Pharmacy,Bank Transfer,DEV-0068,bill_payment,19,False,2.73,0
TXN000844,2026-01-15 14:22:44,149.98,Atlanta,Retail,Bank Transfer,DEV-0092,withdrawal,14,False,12.45,0
TXN000845,2026-01-15 19:46:27,41.99,Chicago,Entertainment,Debit Card,DEV-0059,withdrawal,19,False,1.31,0
TXN000846,2026-01-15 05:17:56,205.87,Boston,Travel,Digital Wallet,DEV-0081,purchase,5,False,6.52,0
TXN000847,2026-01-15 17:07:23,86.66,Chicago,Coffee Shop,Digital Wallet,DEV-0010,bill_payment,17,False,15.18,0
TXN000848,2026-01-15 02:40:44,136.81,Phoenix,Streaming,Bank Transfer,DEV-0087,refund,2,False,11.9,1
TXN000849,2026-01-15 22:58:08,21.6,Boston,Streaming,Bank Transfer,DEV-0042,bill_payment,22,False,7.27,0
TXN000850,2026-01-15 04:30:52,113.19,New York,Dining,Debit Card,DEV-0036,purchase,4,False,3.72,0
TXN000851,2026-01-15 05:04:42,84.91,Miami,Grocery,Digital Wallet,DEV-0098,transfer,5,False,21.43,0
TXN000852,2026-01-15 17:13:28,127.36,Chicago,Grocery,Credit Card,DEV-0090,bill_payment,17,False,17.95,2
TXN000853,2026-01-15 06:59:15,12.73,Chicago,Fuel,Debit Card,DEV-0048,purchase,6,True,0.44,0
TXN000854,2026-01-15 21:42:04,17.48,Phoenix,Coffee Shop,Debit Card,DEV-0029,transfer,21,False,24.47,0
TXN000855,2026-01-15 20:12:39,48.86,Phoenix,Travel,Bank Transfer,DEV-0027,bill_payment,20,False,10.7,0
TXN000856,2026-01-15 12:41:20,75.87,Chicago,Entertainment,Debit Card,DEV-0002,bill_payment,12,False,8.35,0
TXN000857,2026-01-15 01:04:56,151.88,Atlanta,Entertainment,Digital Wallet,DEV-0028,withdrawal,1,False,21.38,0
TXN000858,2026-01-15 18:10:16,200.39,San Francisco,Utilities,Digital Wallet,DEV-0013,bill_payment,18,False,20.81,0
TXN000859,2026-01-15 20:48:56,66.97,Atlanta,Pharmacy,Bank Transfer,DEV-0089,purchase,20,False,17.55,0
TXN000860,2026-01-15 20:47:14,21.77,Dallas,Utilities,Credit Card,DEV-0065,transfer,20,False,3.72,0
TXN000861,2026-01-15 13:48:15,73.67,Denver,Coffee Shop,Credit Card,DEV-0080,transfer,13,False,4.55,0
TXN000862,2026-01-15 01:15:59,52.52,Boston,Utilities,Bank Transfer,DEV-0093,refund,1,False,23.61,2
TXN000863,2026-01-15 20:52:18,68.26,Boston,Grocery,Debit Card,DEV-0097,refund,20,False,1.62,0
TXN000864,2026-01-15 03:51:43,2380.97,Singapore,Crypto Exchange,Digital Wallet,DEV-0090,withdrawal,3,True,361.18,5
TXN000865,2026-01-15 02:12:03,25.6,Denver,Dining,Debit Card,DEV-0082,transfer,2,False,24.94,0
TXN000866,2026-01-15 07:32:05,132.68,Miami,Streaming,Digital Wallet,DEV-0055,transfer,7,False,5.29,0
TXN000867,2026-01-15 09:36:28,23.6,Denver,Fuel,Digital Wallet,DEV-0082,bill_payment,9,False,11.95,0
TXN000868,2026-01-15 14:27:32,21.39,Atlanta,Entertainment,Debit Card,DEV-0079,bill_payment,14,False,25.62,0
TXN000869,2026-01-15 09:38:34,119.48,Seattle,Travel,Debit Card,DEV-0020,refund,9,False,8.5,0
TXN000870,2026-01-15 15:04:21,165.74,New York,Streaming,Debit Card,DEV-0018,transfer,15,True,25.85,0
TXN000871,2026-01-15 11:31:25,149.16,Phoenix,Entertainment,Digital Wallet,DEV-0054,bill_payment,11,False,17.65,0
TXN000872,2026-01-15 01:58:07,223.52,Denver,Utilities,Debit Card,DEV-0050,transfer,1,False,23.14,0
TXN000873,2026-01-15 11:32:45,167.51,Dallas,Pharmacy,Credit Card,DEV-0063,bill_payment,11,False,7.27,2
TXN000874,2026-01-15 20:45:43,87.43,Phoenix,Dining,Digital Wallet,DEV-0004,withdrawal,20,False,7.63,0
TXN000875,2026-01-15 21:53:10,77.6,Chicago,Coffee Shop,Credit Card,DEV-0002,bill_payment,21,False,27.03,0
TXN000876,2026-01-15 06:56:27,152.18,San Francisco,Entertainment,Digital Wallet,DEV-0022,refund,6,False,26.6,0
TXN000877,2026-01-15 23:26:48,142.04,San Francisco,Coffee Shop,Credit Card,DEV-0094,withdrawal,23,False,4.28,0
TXN000878,2026-01-15 23:25:44,10.27,Denver,Grocery,Debit Card,DEV-0040,bill_payment,23,False,20.89,0
TXN000879,2026-01-15 20:18:46,41.69,San Francisco,Dining,Debit Card,DEV-0056,refund,20,False,14.59,0
TXN000880,2026-01-15 03:28:36,137.49,Atlanta,Dining,Debit Card,DEV-0028,purchase,3,False,5.76,0
TXN000881,2026-01-15 13:28:40,59.83,Denver,Coffee Shop,Debit Card,DEV-0080,purchase,13,False,8.3,0
TXN000882,2026-01-15 03:30:31,3556.84,Dubai,Luxury Retail,Credit Card,DEV-0087,transfer,3,True,363.37,6
TXN000883,2026-01-15 01:06:13,98.41,Phoenix,Grocery,Bank Transfer,DEV-0067,withdrawal,1,False,7.98,0
TXN000884,2026-01-15 10:38:27,148.86,Denver,Pharmacy,Digital Wallet,DEV-0044,refund,10,False,19.95,0
TXN000885,2026-01-15 01:22:55,157.99,Seattle,Coffee Shop,Credit Card,DEV-0043,bill_payment,1,False,25.06,0
TXN000886,2026-01-15 00:38:07,86.83,Chicago,Retail,Debit Card,DEV-0068,refund,0,False,26.1,0
TXN000887,2026-01-15 21:12:00,158.48,Denver,Pharmacy,Credit Card,DEV-0082,refund,21,False,22.07,0
TXN000888,2026-01-15 07:38:31,132.39,Austin,Utilities,Credit Card,DEV-0052,refund,7,False,27.93,0
TXN000889,2026-01-15 22:57:06,69.06,San Francisco,Entertainment,Digital Wallet,DEV-0094,withdrawal,22,False,15.6,0
TXN000890,2026-01-15 22:32:02,151.5,New York,Streaming,Credit Card,DEV-0017,refund,22,False,29.62,0
TXN000891,2026-01-15 14:07:30,73.57,Atlanta,Travel,Debit Card,DEV-0085,transfer,14,False,19.79,0
TXN000892,2026-01-15 13:45:01,47.46,Seattle,Pharmacy,Bank Transfer,DEV-0021,refund,13,False,14.29,0
TXN000893,2026-01-15 03:42:08,158.23,New York,Streaming,Credit Card,DEV-0069,refund,3,False,22.99,0
TXN000894,2026-01-15 20:21:24,76.81,Atlanta,Entertainment,Bank Transfer,DEV-0092,transfer,20,False,2.63,0
TXN000895,2026-01-15 23:37:59,155.07,San Francisco,Coffee Shop,Digital Wallet,DEV-0025,transfer,23,False,17.31,1
TXN000896,2026-01-15 18:34:12,232.92,Denver,Entertainment,Digital Wallet,DEV-0050,refund,18,False,3.79,0
TXN000897,2026-01-15 18:14:06,34.6,Dallas,Grocery,Bank Transfer,DEV-0051,refund,18,False,25.12,0
TXN000898,2026-01-15 23:09:38,2609.04,Paris,Luxury Retail,Digital Wallet,DEV-0037,transfer,23,True,1623.91,4
TXN000899,2026-01-15 22:36:30,129.7,Boston,Fuel,Bank Transfer,DEV-0081,refund,22,False,29.43,0
TXN000900,2026-01-15 22:13:54,155.65,San Francisco,Fuel,Credit Card,DEV-0094,transfer,22,False,8.97,0
TXN000901,2026-01-15 05:01:35,178.35,Dallas,Pharmacy,Bank Transfer,DEV-0051,bill_payment,5,False,11.73,0
TXN000902,2026-01-15 09:18:44,51.6,San Francisco,Travel,Bank Transfer,DEV-0025,purchase,9,False,17.41,0
TXN000903,2026-01-15 22:19:29,128.31,Seattle,Dining,Debit Card,DEV-0084,bill_payment,22,False,4.34,0
TXN000904,2026-01-15 23:12:47,27.33,Seattle,Grocery,Digital Wallet,DEV-0084,withdrawal,23,False,25.75,0
TXN000905,2026-01-15 13:43:53,175.61,San Francisco,Grocery,Credit Card,DEV-0022,refund,13,False,1.57,0
TXN000906,2026-01-15 05:37:27,1615.25,Berlin,Electronics,Credit Card,DEV-0020,purchase,5,True,1253.96,7
TXN000907,2026-01-15 02:41:47,3102.87,Dubai,High Risk Merchant,Digital Wallet,DEV-0049,transfer,2,True,1173.47,2
TXN000908,2026-01-15 03:07:05,109.76,Los Angeles,Streaming,Debit Card,DEV-0016,purchase,3,False,14.38,0
TXN000909,2026-01-15 03:50:37,97.15,New York,Entertainment,Bank Transfer,DEV-0024,bill_payment,3,False,9.76,0
TXN000910,2026-01-15 17:11:25,148.97,Chicago,Grocery,Bank Transfer,DEV-0090,withdrawal,17,False,15.9,1
TXN000911,2026-01-15 06:42:57,104.3,Los Angeles,Dining,Debit Card,DEV-0016,purchase,6,False,3.69,0
TXN000912,2026-01-15 06:41:10,39.01,Phoenix,Travel,Digital Wallet,DEV-0012,purchase,6,False,8.96,0
TXN000913,2026-01-15 05:27:42,170.86,Atlanta,Fuel,Digital Wallet,DEV-0001,purchase,5,False,23.48,0
TXN000914,2026-01-15 14:08:36,101.5,Dallas,Pharmacy,Digital Wallet,DEV-0063,withdrawal,14,False,2.97,0
TXN000915,2026-01-15 07:02:12,112.36,Chicago,Retail,Debit Card,DEV-0019,transfer,7,False,10.77,0
TXN000916,2026-01-15 19:27:04,120.46,Seattle,Retail,Digital Wallet,DEV-0071,bill_payment,19,False,13.68,0
TXN000917,2026-01-15 21:27:44,187.24,Chicago,Travel,Debit Card,DEV-0019,purchase,21,False,18.99,0
TXN000918,2026-01-15 22:23:36,239.47,Atlanta,Travel,Debit Card,DEV-0085,bill_payment,22,False,23.63,0
TXN000919,2026-01-15 19:15:04,79.15,Austin,Coffee Shop,Credit Card,DEV-0035,withdrawal,19,False,2.67,0
TXN000920,2026-01-15 04:09:55,4422.04,Mexico City,Luxury Retail,Credit Card,DEV-0029,cash_advance,4,True,761.12,2
TXN000921,2026-01-15 03:11:33,99.92,San Francisco,Retail,Bank Transfer,DEV-0094,purchase,3,False,25.96,0
TXN000922,2026-01-15 19:06:57,40.71,Seattle,Dining,Digital Wallet,DEV-0007,bill_payment,19,False,20.33,0
TXN000923,2026-01-15 17:38:56,11.61,Austin,Streaming,Debit Card,DEV-0052,refund,17,False,4.66,0
TXN000924,2026-01-15 12:36:47,125.3,Austin,Grocery,Digital Wallet,DEV-0035,transfer,12,False,13.73,0
TXN000925,2026-01-15 11:51:29,98.5,Dallas,Retail,Digital Wallet,DEV-0065,bill_payment,11,False,27.71,0
TXN000926,2026-01-15 20:54:05,188.63,Denver,Entertainment,Digital Wallet,DEV-0040,purchase,20,False,7.2,0
TXN000927,2026-01-15 18:03:05,173.57,Seattle,Retail,Bank Transfer,DEV-0096,purchase,18,False,15.26,0
TXN000928,2026-01-15 15:31:32,19.78,Atlanta,Travel,Credit Card,DEV-0088,bill_payment,15,False,24.94,2
TXN000929,2026-01-15 22:34:47,86.27,Chicago,Fuel,Credit Card,DEV-0045,withdrawal,22,False,27.91,0
TXN000930,2026-01-15 07:11:04,81.86,Los Angeles,Dining,Digital Wallet,DEV-0047,purchase,7,False,11.2,0
TXN000931,2026-01-15 21:15:53,92.13,Atlanta,Coffee Shop,Digital Wallet,DEV-0070,refund,21,False,0.07,0
TXN000932,2026-01-15 12:13:59,258.76,Denver,Travel,Credit Card,DEV-0040,bill_payment,12,False,1.72,2
TXN000933,2026-01-15 10:19:22,78.35,Chicago,Grocery,Digital Wallet,DEV-0014,transfer,10,True,12.92,0
TXN000934,2026-01-15 16:32:57,17.88,Seattle,Entertainment,Credit Card,DEV-0020,bill_payment,16,False,7.5,0
TXN000935,2026-01-15 11:19:23,178.19,Miami,Dining,Digital Wallet,DEV-0055,purchase,11,False,13.18,0
TXN000936,2026-01-15 06:00:22,852.97,Singapore,Cash Advance,Credit Card,DEV-0091,transfer,6,True,1079.91,7
TXN000937,2026-01-15 05:57:02,2300.16,Singapore,High Risk Merchant,Digital Wallet,DEV-0021,purchase,5,True,1367.73,7
TXN000938,2026-01-15 22:08:20,45.85,Boston,Entertainment,Bank Transfer,DEV-0097,transfer,22,False,0.63,0
TXN000939,2026-01-15 16:00:49,83.04,Atlanta,Fuel,Credit Card,DEV-0088,refund,16,False,0.24,0
TXN000940,2026-01-15 09:31:05,57.48,Miami,Entertainment,Debit Card,DEV-0098,withdrawal,9,False,7.48,0
TXN000941,2026-01-15 08:44:15,208.16,Austin,Entertainment,Debit Card,DEV-0086,bill_payment,8,False,21.03,0
TXN000942,2026-01-15 05:12:54,32.49,Los Angeles,Dining,Debit Card,DEV-0076,purchase,5,False,29.71,0
TXN000943,2026-01-15 13:01:39,79.24,Seattle,Coffee Shop,Credit Card,DEV-0026,bill_payment,13,False,19.0,0
TXN000944,2026-01-15 10:27:30,98.77,Boston,Travel,Bank Transfer,DEV-0008,purchase,10,False,8.42,0
TXN000945,2026-01-15 13:15:20,18.86,Seattle,Dining,Credit Card,DEV-0007,purchase,13,False,6.36,0
TXN000946,2026-01-15 19:06:27,66.83,New York,Retail,Bank Transfer,DEV-0024,refund,19,False,20.07,0
TXN000947,2026-01-15 04:21:23,120.54,Phoenix,Pharmacy,Digital Wallet,DEV-0095,transfer,4,False,11.52,0
TXN000948,2026-01-15 02:40:47,3377.71,Dubai,Luxury Retail,Credit Card,DEV-0078,withdrawal,2,True,2062.18,2
TXN000949,2026-01-15 17:39:21,132.53,Los Angeles,Streaming,Debit Card,DEV-0039,withdrawal,17,False,5.75,0
TXN000950,2026-01-15 08:57:56,137.99,Miami,Travel,Digital Wallet,DEV-0098,refund,8,False,27.33,2
TXN000951,2026-01-15 16:59:32,59.24,New York,Dining,Digital Wallet,DEV-0003,transfer,16,False,1.82,0
TXN000952,2026-01-15 06:47:52,84.42,Dallas,Streaming,Credit Card,DEV-0051,transfer,6,False,16.87,0
TXN000953,2026-01-15 19:17:13,47.03,New York,Grocery,Debit Card,DEV-0024,withdrawal,19,False,26.37,0
TXN000954,2026-01-15 14:32:45,247.87,Boston,Travel,Digital Wallet,DEV-0093,refund,14,False,8.06,0
TXN000955,2026-01-15 07:02:34,170.15,Los Angeles,Retail,Credit Card,DEV-0031,transfer,7,False,3.99,0
TXN000956,2026-01-15 01:41:15,192.43,Phoenix,Travel,Credit Card,DEV-0027,purchase,1,False,29.17,0
TXN000957,2026-01-15 22:56:35,60.13,Dallas,Dining,Bank Transfer,DEV-0034,withdrawal,22,False,18.78,2
TXN000958,2026-01-15 07:46:17,121.74,Dallas,Retail,Credit Card,DEV-0023,withdrawal,7,False,28.17,0
TXN000959,2026-01-15 23:47:44,47.51,Denver,Retail,Debit Card,DEV-0049,bill_payment,23,False,17.45,0
TXN000960,2026-01-15 12:09:28,261.39,San Francisco,Entertainment,Digital Wallet,DEV-0030,transfer,12,False,5.45,0
TXN000961,2026-01-15 05:12:36,62.73,Dallas,Dining,Digital Wallet,DEV-0063,purchase,5,False,24.52,0
TXN000962,2026-01-15 06:04:09,263.28,Chicago,Entertainment,Debit Card,DEV-0010,bill_payment,6,False,3.01,0
TXN000963,2026-01-15 23:48:51,120.45,Chicago,Utilities,Credit Card,DEV-0002,bill_payment,23,False,0.41,0
TXN000964,2026-01-15 01:08:15,169.56,Los Angeles,Coffee Shop,Digital Wallet,DEV-0099,transfer,1,False,23.77,1
TXN000965,2026-01-15 17:47:52,91.67,Denver,Coffee Shop,Debit Card,DEV-0044,transfer,17,False,13.33,0
TXN000966,2026-01-15 05:30:09,3834.71,Tokyo,Digital Goods,Credit Card,DEV-0032,purchase,5,True,540.21,4
TXN000967,2026-01-15 03:32:56,14.08,Phoenix,Dining,Credit Card,DEV-0054,transfer,3,False,4.42,0
TXN000968,2026-01-15 07:58:56,62.12,Atlanta,Entertainment,Credit Card,DEV-0088,bill_payment,7,False,3.05,0
TXN000969,2026-01-15 11:04:39,162.25,Seattle,Coffee Shop,Digital Wallet,DEV-0043,purchase,11,False,5.34,0
TXN000970,2026-01-15 19:11:43,148.99,Miami,Dining,Digital Wallet,DEV-0055,withdrawal,19,False,3.12,0
TXN000971,2026-01-15 21:23:59,142.22,Dallas,Coffee Shop,Credit Card,DEV-0034,transfer,21,False,4.43,0
TXN000972,2026-01-15 15:52:04,55.35,Dallas,Utilities,Bank Transfer,DEV-0015,refund,15,False,3.83,0
TXN000973,2026-01-15 11:20:31,144.9,Miami,Streaming,Bank Transfer,DEV-0055,withdrawal,11,False,24.06,0
TXN000974,2026-01-15 07:24:26,101.16,Seattle,Streaming,Bank Transfer,DEV-0071,withdrawal,7,False,2.51,0
TXN000975,2026-01-15 16:36:49,71.49,Atlanta,Fuel,Credit Card,DEV-0089,transfer,16,False,25.52,0
TXN000976,2026-01-15 15:08:58,154.29,Dallas,Grocery,Digital Wallet,DEV-0015,refund,15,False,24.57,0
TXN000977,2026-01-15 04:53:54,241.17,Seattle,Entertainment,Debit Card,DEV-0071,transfer,4,False,4.13,0
TXN000978,2026-01-15 22:09:24,19.19,San Francisco,Grocery,Bank Transfer,DEV-0094,refund,22,False,17.45,0
TXN000979,2026-01-15 19:55:10,23.43,Phoenix,Dining,Digital Wallet,DEV-0004,transfer,19,False,17.08,0
TXN000980,2026-01-15 04:48:11,79.96,Austin,Dining,Digital Wallet,DEV-0061,bill_payment,4,False,23.44,0
TXN000981,2026-01-15 09:07:09,37.26,Boston,Grocery,Debit Card,DEV-0008,withdrawal,9,False,12.71,0
TXN000982,2026-01-15 14:35:45,131.24,Dallas,Utilities,Digital Wallet,DEV-0034,transfer,14,False,29.19,0
TXN000983,2026-01-15 04:47:13,122.7,Austin,Utilities,Credit Card,DEV-0052,transfer,4,False,29.28,0
TXN000984,2026-01-15 02:52:44,150.63,San Francisco,Streaming,Digital Wallet,DEV-0060,bill_payment,2,False,24.1,0
TXN000985,2026-01-15 06:17:06,142.4,Chicago,Coffee Shop,Digital Wallet,DEV-0014,withdrawal,6,False,7.19,0
TXN000986,2026-01-15 03:04:13,103.79,Austin,Grocery,Digital Wallet,DEV-0077,transfer,3,False,0.97,0
TXN000987,2026-01-15 18:36:02,63.48,Chicago,Streaming,Credit Card,DEV-0073,purchase,18,False,0.25,0
TXN000988,2026-01-15 09:25:32,175.55,San Francisco,Pharmacy,Bank Transfer,DEV-0025,refund,9,False,2.92,0
TXN000989,2026-01-15 23:32:06,145.33,Dallas,Dining,Credit Card,DEV-0065,withdrawal,23,False,26.06,1
TXN000990,2026-01-15 04:43:29,147.27,Atlanta,Coffee Shop,Debit Card,DEV-0011,transfer,4,False,23.06,0
TXN000991,2026-01-15 16:33:46,229.62,Miami,Travel,Digital Wallet,DEV-0078,bill_payment,16,False,10.81,0
TXN000992,2026-01-15 13:02:57,287.19,Atlanta,Entertainment,Debit Card,DEV-0092,transfer,13,False,28.74,0
TXN000993,2026-01-15 15:06:51,157.48,Chicago,Dining,Digital Wallet,DEV-0002,withdrawal,15,False,26.85,0
TXN000994,2026-01-15 14:20:10,108.01,Phoenix,Dining,Credit Card,DEV-0038,refund,14,False,2.13,0
TXN000995,2026-01-15 23:16:30,850.45,Lagos,International Travel,Credit Card,DEV-0033,cash_advance,23,True,1939.16,5
TXN000996,2026-01-15 13:54:39,97.12,Atlanta,Dining,Bank Transfer,DEV-0088,refund,13,False,9.41,0
TXN000997,2026-01-15 13:32:28,128.96,Dallas,Grocery,Credit Card,DEV-0034,transfer,13,False,4.64,0
TXN000998,2026-01-15 12:10:36,158.61,Austin,Coffee Shop,Debit Card,DEV-0052,bill_payment,12,False,10.47,0
TXN000999,2026-01-15 17:57:52,134.4,San Francisco,Coffee Shop,Credit Card,DEV-0060,transfer,17,False,27.67,0
TXN001000,2026-01-15 06:25:21,92.67,Phoenix,Pharmacy,Digital Wallet,DEV-0009,withdrawal,6,False,14.29,0
TXN_20260928164051273523,2026-09-28 16:40:51,120.0,Boston,Retail,Credit Card,DEV-NEW-01,purchase,14,False,15.0,0
TXN_20260928164134518599,2026-09-28 16:41:34,141.0,Boston,Retail,Credit Card,DEV-NEW-01,purchase,16,True,27.0,6
TXN_20260928174918498911,2026-09-28 17:49:18,2000.0,Boston,Retail,Credit Card,DEV-NEW-01,purchase,14,False,15.0,0
TXN_20260928175346847333,2026-09-28 17:53:46,120.0,delhi,Retail,Credit Card,DEV-NEW-00,purchase,14,False,15.0,5
TXN_20260928175541413571,2026-09-28 17:55:41,1000000000.0,amalapuram,Retail,Debit card,DEV-NEW-09,purchase,19,True,129.0,10
TXN_20260928175645040140,2026-09-28 17:56:45,120.0,Boston,Retail,Credit Card,DEV-NEW-01,purchase,14,False,15.0,8
TXN_20260928175708180001,2026-09-28 17:57:08,120.0,Boston,Retail,Credit Card,DEV-NEW-01,purchase,14,True,15.0,0
